# File exported by ZBrush version 2022
# www.zbrush.com
#Vertex Count 7192
#Face Count 7250
#Auto scale x=1.000000 y=1.000000 z=1.000000
#Auto offset x=0.000000 y=0.000000 z=0.000000
v -2.63376593 -0.037365 0.36784198
v -2.66563701 0.214373 -0.25092598
v -2.6740849 0.16172699 -0.020337
v -2.63077211 -0.26118901 -0.09271
v -2.63269805 0.019138 0.33519399
v -2.65617108 -0.021105 0.30057099
v -2.65760493 -0.079461 0.31757798
v -2.62832498 -0.04851099 0.40518799
v -2.6000421 0.036267 0.41133099
v -2.65199589 -0.120644 0.39004498
v -2.66699695 0.23572799 -0.20814299
v -2.67025804 0.295051 -0.23770199
v -2.66843104 0.24456399 -0.290109
v -2.66428089 0.162873 -0.25477001
v -2.66847991 0.170873 -0.194939
v -2.66385102 0.17615799 -0.319074
v -2.67743611 0.141111 -0.06908
v -2.68702602 0.07776399 -0.04001599
v -2.67955398 0.124388 0.02258
v -2.66299796 0.21459999 -0.009818
v -2.66830802 0.20731599 -0.076591
v -2.65866303 0.19468399 0.06538599
v -2.64034295 -0.201697 -0.13441899
v -2.61302089 -0.27096301 -0.19626499
v -2.61683106 -0.307233 -0.109158
v -2.62248206 -0.32833299 -0.018266
v -2.64723396 -0.233456 -0.025187
v -2.66511106 -0.16320699 -0.06150199
v -2.6542499 -0.234126 0.049665
v -2.67694592 -0.15750999 0.01278
v -2.68575596 -0.09047099 -0.030311
v -2.66594791 -0.11759 -0.11339999
v -2.64093399 -0.15368099 -0.195102
v -2.64670705 -0.07471799 -0.240888
v -2.62940406 -0.100965 -0.32018798
v -2.61757588 -0.19721999 -0.26810398
v -2.66789102 -0.047722 -0.158527
v -2.67034792 0.032256 -0.181629
v -2.65559697 0.017951 -0.26093798
v -2.68423199 -0.022335 -0.07759899
v -2.68199205 0.05130799 -0.10910599
v -2.67590189 0.12109699 -0.12698699
v -2.66970801 0.10423 -0.18937599
v -2.69381189 0.01419 0.00538
v -2.69588804 -0.056382 0.04991599
v -2.69375991 0.005256 0.123804
v -2.68661999 0.073136 0.07955999
v -2.67479205 0.068732 0.180866
v -2.66229295 0.141641 0.13288499
v -2.64173603 0.131004 0.234786
v -2.63409495 0.21052199 0.173491
v -2.63761305 0.26679301 0.09065199
v -2.61417508 0.275918 0.210793
v -2.62349605 0.338757 0.11600899
v -2.64267706 0.35965898 0.013732
v -2.649019 0.286096 0.001709
v -2.6578741 0.35667899 -0.082532
v -2.65935206 0.28152099 -0.07960999
v -2.66715192 0.33364099 -0.16742999
v -2.66553592 0.261736 -0.14977799
v -2.67044806 0.189279 -0.137401
v -2.67379093 0.424811 -0.083723
v -2.6842699 0.398633 -0.185302
v -2.68710589 0.34973001 -0.27192801
v -2.72248792 0.450466 -0.198494
v -2.72332096 0.39397299 -0.301209
v -2.71763396 0.31273901 -0.38329199
v -2.68359804 0.28122401 -0.33923
v -2.70740604 0.211723 -0.440853
v -2.67587494 0.19533999 -0.384034
v -2.69275999 0.097296 -0.47419101
v -2.66455698 0.097464 -0.40906798
v -2.65652203 0.095384 -0.33524599
v -2.64738011 -0.008358 -0.41805198
v -2.64488196 0.00594 -0.341443
v -2.66119504 0.095089 -0.259507
v -2.62701988 -0.127241 -0.39136099
v -2.67023301 -0.025524 -0.48808398
v -2.64861989 -0.158286 -0.456613
v -2.62894606 -0.29099398 -0.39350798
v -2.60909009 -0.24234299 -0.33504501
v -2.6258111 -0.39550301 -0.29333698
v -2.60402488 -0.333947 -0.24799899
v -2.63222289 -0.46388199 -0.168374
v -2.60795211 -0.38989201 -0.13808399
v -2.64061904 -0.49876698 -0.03332199
v -2.61783599 -0.415257 -0.022531
v -2.65930509 -0.489057 0.10620199
v -2.63381004 -0.40467 0.09781999
v -2.6331861 -0.31868898 0.078119
v -2.65764808 -0.35511198 0.20567399
v -2.65412688 -0.279172 0.16959199
v -2.66828393 -0.202643 0.13071399
v -2.66585588 -0.212915 0.24528299
v -2.67854094 -0.14451399 0.20298999
v -2.69180703 -0.075892 0.16527299
v -2.68744707 -0.129868 0.09193699
v -2.67723703 -0.073962 0.250604
v -2.68191289 -0.004206 0.217599
v -2.65567994 0.04962899 0.26299101
v -2.61814999 0.09640999 0.323978
v -2.61092901 0.188978 0.285488
v -2.59275889 0.133291 0.38591799
v -2.60037994 0.238544 0.331009
v -2.612535 0.33493998 0.24768899
v -2.61830592 0.27834001 0.37390199
v -2.63797307 0.38224899 0.282577
v -2.66347289 0.457024 0.168803
v -2.62867498 0.40511101 0.142468
v -2.69397997 0.48027798 0.043194
v -2.65518689 0.42687299 0.027453
v -2.7132101 0.479119 -0.08130999
v -2.75719189 0.51718401 0.060396
v -2.77424001 0.51698297 -0.07532899
v -2.78026104 0.48661598 -0.205633
v -2.84788107 0.54133498 -0.06789699
v -2.84942793 0.509763 -0.20894199
v -2.84382391 0.44480699 -0.33566299
v -2.77805209 0.42499798 -0.32188999
v -2.83551001 0.34886598 -0.439888
v -2.77062606 0.334975 -0.41651499
v -2.82597398 0.22797 -0.51675099
v -2.75961589 0.222423 -0.48475799
v -2.81298399 0.08980999 -0.56456702
v -2.743752 0.094471 -0.52563899
v -2.79282498 -0.058752 -0.58555597
v -2.71795606 -0.043136 -0.54306602
v -2.77115893 -0.208525 -0.541965
v -2.69645905 -0.18913599 -0.50661402
v -2.76914095 -0.352333 -0.469006
v -2.68013 -0.33240199 -0.43909698
v -2.78081011 -0.468591 -0.36343199
v -2.68506288 -0.44309899 -0.33262398
v -2.78679609 -0.55683898 -0.22249299
v -2.69329094 -0.52021801 -0.19844099
v -2.80872607 -0.60351198 -0.062307
v -2.7057619 -0.56538802 -0.050723
v -2.81790304 -0.60920202 0.104345
v -2.72092199 -0.56493902 0.09357699
v -2.8020761 -0.54911398 0.27107399
v -2.73008894 -0.502599 0.25092199
v -2.683326 -0.432233 0.23302899
v -2.73963499 -0.39967501 0.376107
v -2.69744992 -0.34330201 0.338714
v -2.67213702 -0.28051099 0.292748
v -2.69008398 -0.24589599 0.40904998
v -2.66807603 -0.198062 0.353383
v -2.666821 -0.139796 0.295874
v -2.66743111 -0.14903099 0.45281401
v -2.73037505 -0.279574 0.462722
v -2.69938898 -0.164057 0.50796002
v -2.66122293 -0.04937899 0.53000199
v -2.63297104 -0.054132 0.47372001
v -2.64007806 0.06823299 0.52208
v -2.59407997 0.048792 0.47345501
v -2.64990496 0.18706199 0.48021599
v -2.59983801 0.165396 0.44051998
v -2.66871309 0.30567601 0.40905299
v -2.72505903 0.199944 0.51457297
v -2.74439191 0.32171401 0.43993699
v -2.77385592 0.43411299 0.34297201
v -2.69372606 0.41481 0.31357398
v -2.81029105 0.51243102 0.22011299
v -2.72731494 0.49155101 0.19452099
v -2.83505988 0.54081898 0.07775799
v -2.89509892 0.52640402 0.244879
v -2.91449093 0.55713701 0.09363099
v -2.92286992 0.55800098 -0.061717
v -2.98494505 0.57253497 0.107212
v -2.99027609 0.57324802 -0.058603
v -2.98320007 0.54008698 -0.21773999
v -2.91975998 0.525545 -0.211994
v -2.9707849 0.47114899 -0.35913199
v -2.91068506 0.458337 -0.34668999
v -2.96063995 0.36746698 -0.47582799
v -2.90166211 0.35818299 -0.457908
v -2.95397996 0.23445199 -0.56548297
v -2.89417505 0.230899 -0.54164099
v -2.94575905 0.080778 -0.62750798
v -2.88532805 0.08464899 -0.59628301
v -2.93279194 -0.08381599 -0.66264098
v -2.87456488 -0.072407 -0.62193101
v -2.92088294 -0.23623099 -0.61586099
v -2.85817098 -0.22109499 -0.57545298
v -2.9408729 -0.369861 -0.52098
v -2.87007498 -0.35521599 -0.49565398
v -2.94373202 -0.50271999 -0.400541
v -2.87650895 -0.48178198 -0.383668
v -2.93023896 -0.61207902 -0.251064
v -2.87567591 -0.58375698 -0.23914599
v -2.95121908 -0.65838497 -0.06375899
v -2.89450693 -0.63160902 -0.06093699
v -2.9590981 -0.65926098 0.13534399
v -2.90132093 -0.63439697 0.128018
v -2.93917894 -0.61218702 0.31094199
v -2.88087391 -0.58223402 0.295982
v -2.94288897 -0.50004899 0.45243099
v -2.8810141 -0.47681599 0.435763
v -2.80650806 -0.44420298 0.409839
v -2.87229204 -0.33010599 0.53485298
v -2.79283189 -0.30720999 0.505306
v -2.83782196 -0.18734699 0.59555399
v -2.75646209 -0.173828 0.55574297
v -2.80658602 -0.053006 0.62578898
v -2.71869993 -0.046354 0.58185601
v -2.80513191 0.07852599 0.60925197
v -2.71025109 0.08046899 0.56865698
v -2.81346392 0.204944 0.54922998
v -2.88580489 0.07683099 0.65688699
v -2.89090395 0.21261499 0.59140801
v -2.90500593 0.342716 0.507528
v -2.83038401 0.330693 0.471163
v -2.93273305 0.458422 0.402704
v -2.86013197 0.445506 0.372175
v -2.96776509 0.54094797 0.26898199
v -2.984761 0.479061 0.436246
v -3.02245903 0.56118798 0.29310199
v -3.04090905 0.592386 0.118652
v -3.05879592 0.59084397 0.317954
v -3.07971191 0.62027198 0.128506
v -3.08335709 0.619479 -0.062318
v -3.04489898 0.59252601 -0.05904899
v -3.07147598 0.58467102 -0.24129
v -3.03490996 0.55866199 -0.227642
v -3.05402302 0.511693 -0.397017
v -3.01960897 0.487975 -0.37573501
v -3.04193592 0.39972099 -0.52515298
v -3.00826811 0.380566 -0.497689
v -3.03645801 0.25301399 -0.62723797
v -3.00189304 0.241301 -0.59311598
v -3.02729511 0.08049199 -0.70460099
v -2.99253392 0.079363 -0.66216802
v -2.9989469 -0.10480999 -0.753623
v -2.97098708 -0.092761 -0.70268297
v -2.98576688 -0.275485 -0.71310299
v -2.96063208 -0.25423198 -0.66176402
v -3.02983999 -0.427511 -0.60666602
v -2.99688696 -0.39404198 -0.55856299
v -3.02923297 -0.58091998 -0.45551499
v -2.99656105 -0.53582501 -0.423453
v -2.99917197 -0.69254201 -0.283582
v -2.97245693 -0.64774298 -0.265257
v -3.0268259 -0.741786 -0.08388199
v -2.996351 -0.69450801 -0.07265199
v -3.04147505 -0.74004 0.144133
v -3.007766 -0.69343698 0.138392
v -3.01680994 -0.68556201 0.34050899
v -2.98498797 -0.64438802 0.32400599
v -3.02900004 -0.56641501 0.500781
v -2.99362802 -0.52938598 0.47249099
v -3.04047608 -0.404637 0.639467
v -3.00325107 -0.37414801 0.59328901
v -2.94296598 -0.34985899 0.55948698
v -2.96765708 -0.21626299 0.68407899
v -2.91222 -0.201533 0.63594698
v -2.93963003 -0.06656599 0.727714
v -2.8845961 -0.06189899 0.67344301
v -2.94125604 0.082846 0.71077197
v -2.97573804 -0.070559 0.78922599
v -2.97691488 0.09499199 0.77376598
v -2.97808909 0.25150498 0.69934201
v -2.94584894 0.228328 0.64181602
v -2.98888611 0.39224898 0.59823
v -2.95812606 0.36326199 0.55044698
v -3.01615405 0.50855201 0.47200301
v -2.99874401 0.42722299 0.64756399
v -3.02723193 0.54533797 0.50754797
v -3.0740199 0.62832701 0.340698
v -3.01778292 0.58642202 0.54042798
v -3.06583809 0.67054498 0.359409
v -3.0938611 0.69920897 0.144602
v -3.09821105 0.65659499 0.13699799
v -3.09899091 0.69668901 -0.06987799
v -3.10222792 0.65489 -0.066606
v -3.08696889 0.65861702 -0.27003198
v -3.08959388 0.61871802 -0.25637999
v -3.06873011 0.578381 -0.44467699
v -3.07105588 0.542571 -0.42103201
v -3.05759096 0.454728 -0.59006601
v -3.05900192 0.42510598 -0.55695599
v -3.05649805 0.29221001 -0.70926302
v -3.05538797 0.270352 -0.66698199
v -3.05357289 0.09860099 -0.80538898
v -3.04854893 0.08657 -0.75348997
v -3.01681208 -0.118872 -0.86819601
v -3.01556992 -0.11460399 -0.81037098
v -2.9876759 -0.320322 -0.81666398
v -2.996109 -0.297351 -0.76640397
v -3.03767395 -0.50804501 -0.70489102
v -3.04358911 -0.46719101 -0.65591299
v -3.03580403 -0.68202799 -0.53037899
v -3.04200506 -0.63109898 -0.49234199
v -3.00044488 -0.79307299 -0.32262599
v -3.00817799 -0.74257999 -0.30351001
v -3.02980709 -0.85064899 -0.09881699
v -3.03737998 -0.79630202 -0.093496
v -3.0463829 -0.84899699 0.154914
v -3.05422592 -0.79428297 0.15051999
v -3.01983189 -0.78410702 0.38144099
v -3.02796006 -0.73446399 0.360374
v -3.03202605 -0.654356 0.56860399
v -3.04302406 -0.610677 0.53343802
v -3.04774189 -0.481947 0.73462802
v -3.05467295 -0.441933 0.687491
v -3.01077389 -0.29099899 0.86186301
v -3.01773595 -0.261444 0.80433297
v -3.00339508 -0.2359 0.74234402
v -2.99092888 -0.077109 0.85683697
v -2.98631191 -0.085908 0.92373502
v -2.98461699 0.120998 0.91281801
v -2.990556 0.10813099 0.8434
v -2.9800961 0.30854699 0.82092797
v -2.98913288 0.27911001 0.76052898
v -2.98858404 0.46509099 0.69509297
v -2.9494369 0.337058 0.87647002
v -2.95843195 0.502146 0.73771297
v -2.98838305 0.62798398 0.56863898
v -2.90933704 0.53425997 0.77193898
v -2.9402461 0.66629499 0.59013998
v -2.98743796 0.75717997 0.384213
v -3.03610396 0.714482 0.37416899
v -3.02110505 0.79143697 0.15555
v -3.067281 0.74489098 0.15118299
v -3.02822709 0.786668 -0.07325399
v -3.07376289 0.74144899 -0.07168699
v -3.02035188 0.743155 -0.29017299
v -3.06353211 0.70094198 -0.28103798
v -3.00619292 0.652673 -0.48480799
v -3.04688906 0.61587798 -0.46597799
v -2.99832892 0.51535302 -0.65075999
v -3.03724193 0.485596 -0.62174099
v -3.00095391 0.33862799 -0.78799498
v -3.03838491 0.31590899 -0.75040197
v -3.00474 0.13219699 -0.89973998
v -3.03935909 0.114969 -0.85544502
v -2.96287989 -0.11023599 -0.96291297
v -2.99997401 -0.116861 -0.92149502
v -2.93195509 -0.35666701 -0.90236002
v -2.96806407 -0.339172 -0.86249899
v -2.96552109 -0.58023697 -0.78233802
v -3.01060199 -0.54711598 -0.74813497
v -2.96632099 -0.76672601 -0.59586799
v -3.01072597 -0.72891098 -0.56628698
v -2.9366219 -0.877613 -0.35276201
v -2.97641706 -0.83921402 -0.33897098
v -2.9572761 -0.93428397 -0.09685099
v -3.0033369 -0.898961 -0.09956999
v -2.97140908 -0.93651002 0.162927
v -3.01867008 -0.89710801 0.160006
v -2.95191502 -0.86879199 0.41606798
v -2.99493694 -0.83084601 0.401073
v -2.95097494 -0.720299 0.62360698
v -3.00098395 -0.69182801 0.600609
v -2.96155595 -0.54804599 0.80717301
v -3.01558899 -0.51900899 0.77575898
v -2.9301269 -0.34278601 0.94402098
v -2.98126292 -0.31987801 0.90979397
v -2.90695691 -0.105754 1.01777601
v -2.95779109 -0.09619899 0.979662
v -2.90116691 0.13790099 1.01469802
v -2.9531641 0.13169999 0.97167998
v -2.8993709 0.36335599 0.92563301
v -2.83236098 0.137436 1.03873705
v -2.82959294 0.37348398 0.95186102
v -2.84239697 0.55589801 0.79260802
v -2.74793005 0.367031 0.951554
v -2.75810289 0.56684601 0.79921597
v -2.78671693 0.72399401 0.60798901
v -2.87395191 0.69850301 0.603208
v -2.83081793 0.83474803 0.39012101
v -2.92058396 0.79755199 0.38931399
v -2.87164497 0.88856899 0.15647999
v -2.95873093 0.84059298 0.15737299
v -2.87457704 0.87782299 -0.078556
v -2.96298694 0.83201301 -0.07553599
v -2.869915 0.82467502 -0.30568999
v -2.95709395 0.78444701 -0.29838401
v -2.8620069 0.72083598 -0.51578199
v -2.94589495 0.68781101 -0.50152498
v -2.86001706 0.56800597 -0.69879102
v -2.94035291 0.54294997 -0.67673802
v -2.86791801 0.37599098 -0.84838199
v -2.944705 0.358756 -0.821199
v -2.88279604 0.158828 -0.96654099
v -2.952533 0.147308 -0.938371
v -2.84467792 -0.10182099 -1.003672
v -2.90994191 -0.10550399 -0.98930198
v -2.81268 -0.37478399 -0.9368
v -2.87878394 -0.36936798 -0.92755699
v -2.83327102 -0.61517798 -0.81137102
v -2.90611505 -0.60346299 -0.804331
v -2.83419394 -0.79535502 -0.62596899
v -2.90648889 -0.79002302 -0.61672502
v -2.80905389 -0.91646498 -0.37285
v -2.87979102 -0.90408897 -0.36395001
v -2.8199141 -0.97924602 -0.092789
v -2.89713501 -0.96128702 -0.095048
v -2.82559394 -0.98103499 0.17032
v -2.90750789 -0.96616101 0.16685999
v -2.81088399 -0.90285098 0.423556
v -2.88975596 -0.892632 0.42309299
v -2.80257892 -0.746113 0.64332401
v -2.88379907 -0.73819297 0.63814401
v -2.80285406 -0.56586998 0.82371598
v -2.88907909 -0.56300598 0.82312899
v -2.78052806 -0.357068 0.95262998
v -2.86176896 -0.35546898 0.95845502
v -2.75787305 -0.118501 1.02779996
v -2.84043002 -0.11439099 1.03496503
v -2.74745202 0.13083699 1.034047
v -2.63330602 -0.12081799 1.00104701
v -2.62302899 0.123686 1.00551295
v -2.6340301 0.35722398 0.93448698
v -2.44884705 0.122892 0.98277097
v -2.45991396 0.36682501 0.91990202
v -2.48497796 0.58672201 0.79460901
v -2.64528894 0.57379198 0.79734402
v -2.50722909 0.763314 0.607562
v -2.668226 0.74443399 0.60766702
v -2.54053092 0.889916 0.38873699
v -2.70693707 0.86600601 0.38885998
v -2.580302 0.96263897 0.153796
v -2.75129604 0.93433499 0.15457199
v -2.61165309 0.98061198 -0.083934
v -2.75753307 0.92529302 -0.081586
v -2.600461 0.903207 -0.31585198
v -2.75253295 0.86380797 -0.31152299
v -2.6001501 0.78220599 -0.53664797
v -2.74816298 0.75156599 -0.52703702
v -2.60924792 0.61316299 -0.732189
v -2.75118303 0.59060102 -0.716389
v -2.63005709 0.40652099 -0.89087098
v -2.76421999 0.390713 -0.869201
v -2.63342499 0.16764999 -0.97533899
v -2.77983403 0.163709 -0.97543799
v -2.61381793 -0.09571199 -0.98834002
v -2.75280809 -0.098315 -1.00027
v -2.59476494 -0.36802199 -0.91934198
v -2.72870588 -0.37402299 -0.93091201
v -2.5819211 -0.60388201 -0.78400301
v -2.73189592 -0.611956 -0.79849499
v -2.57605791 -0.78469997 -0.602346
v -2.73133993 -0.787454 -0.61959099
v -2.575809 -0.91892498 -0.36582401
v -2.71963596 -0.91853898 -0.37430098
v -2.56294608 -0.98353999 -0.094033
v -2.71515011 -0.98571002 -0.09242399
v -2.53868794 -0.97521299 0.16688199
v -2.70802211 -0.98097199 0.17096599
v -2.52412796 -0.899194 0.415836
v -2.69693088 -0.90196901 0.419842
v -2.51983094 -0.75787001 0.63275802
v -2.69219899 -0.75151002 0.64124697
v -2.5027461 -0.57871699 0.80042201
v -2.681849 -0.56619697 0.81310397
v -2.47654295 -0.364903 0.92091697
v -2.65555501 -0.35617798 0.93364799
v -2.4547069 -0.12368 0.98404598
v -2.26662111 -0.372731 0.91697299
v -2.24861311 -0.129812 0.98140502
v -2.24339103 0.12496399 0.980861
v -2.0293641 -0.13011799 0.97595
v -2.02638793 0.12127 0.975196
v -2.03457593 0.364302 0.91310697
v -2.25569295 0.37242201 0.91667002
v -2.05216288 0.58174002 0.79017597
v -2.27563691 0.59112 0.79088902
v -2.07689595 0.76197701 0.61601299
v -2.30197 0.77325201 0.61240702
v -2.10556697 0.896389 0.40447199
v -2.33250808 0.90693402 0.39591598
v -2.13665604 0.97071099 0.16840499
v -2.36506605 0.97690701 0.15908899
v -2.16620206 0.98267298 -0.075318
v -2.39057803 0.98661798 -0.079236
v -2.19166588 0.93302297 -0.317687
v -2.40670108 0.93693602 -0.31819099
v -2.21454095 0.81658798 -0.54665601
v -2.41999602 0.81992197 -0.549353
v -2.23320889 0.641869 -0.744991
v -2.43388795 0.64104598 -0.75176399
v -2.24496603 0.42107 -0.88833701
v -2.44490695 0.41915598 -0.89454698
v -2.2476511 0.17269 -0.96765601
v -2.44251608 0.17395299 -0.97341799
v -2.24047303 -0.09669099 -0.979079
v -2.42851996 -0.09397699 -0.98540598
v -2.2267909 -0.36503601 -0.91113501
v -2.41266202 -0.365401 -0.91739898
v -2.20908808 -0.60334301 -0.772879
v -2.39514207 -0.60358601 -0.77976101
v -2.19083094 -0.79468101 -0.57891202
v -2.38431692 -0.795322 -0.58533799
v -2.17182588 -0.92216402 -0.34585198
v -2.37765288 -0.92500001 -0.35078099
v -2.14801192 -0.97999799 -0.092366
v -2.35945606 -0.98417997 -0.095477
v -2.12228107 -0.971354 0.16675299
v -2.33435297 -0.97555202 0.165004
v -2.09929108 -0.89480602 0.41273999
v -2.31634497 -0.89868801 0.41530698
v -2.0789411 -0.75967997 0.62454199
v -2.30320596 -0.76196199 0.62813299
v -2.05934691 -0.58180201 0.79274398
v -2.28653907 -0.58536499 0.79556101
v -2.04208111 -0.36969599 0.91329097
v -1.82806801 -0.57209402 0.77223098
v -1.809574 -0.363586 0.88953501
v -1.79851305 -0.13032199 0.94921398
v -1.56776702 -0.36859899 0.87416702
v -1.55679404 -0.133919 0.93148201
v -1.55792403 0.10996499 0.92933702
v -1.79693198 0.112492 0.948646
v -1.57056498 0.347139 0.86942702
v -1.80538201 0.34874999 0.88844597
v -1.593611 0.56045001 0.75084501
v -1.82385098 0.56269097 0.77020597
v -1.623806 0.73873901 0.58265399
v -1.85020303 0.74147898 0.60225701
v -1.65803504 0.87339198 0.378203
v -1.88093698 0.87484598 0.396438
v -1.69484305 0.94857597 0.146421
v -1.91406405 0.95121997 0.164569
v -1.73336303 0.96126502 -0.09846799
v -1.94771397 0.96514099 -0.07811799
v -1.77247405 0.91310197 -0.340649
v -1.98020303 0.91711598 -0.31884801
v -1.81003797 0.79417699 -0.560781
v -2.010715 0.80233001 -0.54257798
v -1.84339499 0.62267297 -0.74822801
v -2.03598308 0.63164001 -0.733895
v -1.86799299 0.407119 -0.883448
v -2.05352211 0.414294 -0.87443
v -1.88082301 0.159511 -0.95613002
v -2.06156492 0.165773 -0.95183402
v -1.88142001 -0.10151299 -0.96533197
v -2.05869793 -0.099342 -0.96184802
v -1.86830604 -0.355147 -0.899917
v -2.04576492 -0.360172 -0.89491701
v -1.84414804 -0.58347201 -0.76813799
v -2.02525997 -0.592588 -0.76005297
v -1.81260705 -0.76924097 -0.58535498
v -1.99980604 -0.77879399 -0.57096898
v -1.77601194 -0.89472901 -0.36170899
v -1.971156 -0.90282702 -0.34207999
v -1.736624 -0.95584702 -0.113998
v -1.94014501 -0.96144098 -0.092945
v -1.69644296 -0.95296299 0.138732
v -1.90816795 -0.95268702 0.16102899
v -1.65733897 -0.88439899 0.37758898
v -1.87853896 -0.87835097 0.40004199
v -1.62137794 -0.75399702 0.58562099
v -1.85176098 -0.74656897 0.60677498
v -1.59065401 -0.57834398 0.75405502
v -0.96091097 -0.894198 0.06591399
v -0.93439102 -0.85030102 0.29943299
v -0.90977901 -0.74129498 0.51345902
v -0.75516098 -0.87917798 0.29558
v -0.73432201 -0.76935702 0.51810401
v -0.71579599 -0.60579901 0.70864397
v -0.88777202 -0.58182597 0.69820797
v -0.70100301 -0.39681699 0.85286897
v -0.87004399 -0.38005599 0.83966302
v -0.69156199 -0.15209299 0.93375301
v -0.85934197 -0.14382499 0.91734701
v -0.68951302 0.109784 0.94074899
v -0.85701698 0.110071 0.92337197
v -0.695082 0.36467298 0.87338
v -0.86293101 0.357019 0.85993397
v -0.70634597 0.587825 0.73626798
v -0.87721097 0.57105898 0.72579801
v -0.72241199 0.76320999 0.54765701
v -0.89765197 0.74133998 0.54257798
v -0.74302101 0.88068199 0.325497
v -0.92295402 0.85668498 0.32873299
v -0.767569 0.92858701 0.084007
v -0.95334601 0.90075099 0.09593799
v -0.79425299 0.91259598 -0.156974
v -0.98646402 0.88531702 -0.13641199
v -0.82047599 0.83699202 -0.38299998
v -1.020015 0.81304502 -0.355506
v -0.84245199 0.70952999 -0.58142
v -1.05046904 0.68826299 -0.54835099
v -0.85626298 0.54330897 -0.74429398
v -1.07515204 0.52669197 -0.70933997
v -0.86164099 0.34670299 -0.86201798
v -1.09128296 0.33493098 -0.82708901
v -0.861184 0.128221 -0.92551499
v -1.09712696 0.12159 -0.89029598
v -0.857032 -0.099214 -0.93294102
v -1.09401202 -0.099591 -0.899697
v -0.85017001 -0.32241401 -0.88077598
v -1.082448 -0.31634199 -0.849675
v -0.840801 -0.52613699 -0.77148902
v -1.06402897 -0.51377797 -0.74134498
v -0.82937401 -0.69963598 -0.614991
v -1.04126405 -0.68215602 -0.58727401
v -0.814861 -0.83177602 -0.417488
v -1.01561498 -0.80911099 -0.39428898
v -0.79715299 -0.907444 -0.18938699
v -0.98840999 -0.87977397 -0.171092
v -0.77674698 -0.92422598 0.054134
v -0.60218197 -0.947802 -0.193716
v -0.58924001 -0.96512699 0.054524
v -0.57405102 -0.91850197 0.303456
v -0.394371 -0.98527997 0.06015
v -0.38597598 -0.93749499 0.31099599
v -0.37611499 -0.82169997 0.54302698
v -0.55841302 -0.804834 0.53397697
v -0.36586099 -0.64912498 0.74025797
v -0.54356098 -0.63477301 0.73044902
v -0.356651 -0.43024399 0.89007097
v -0.53143101 -0.41809999 0.87989598
v -0.35027501 -0.173296 0.97504097
v -0.52334797 -0.164091 0.96403098
v -0.34948501 0.10716299 0.98355698
v -0.52173399 0.109421 0.97108197
v -0.35314899 0.378443 0.91391098
v -0.526358 0.37544399 0.90155798
v -0.35892298 0.61514502 0.77193701
v -0.53491199 0.60808098 0.76054602
v -0.366344 0.801234 0.57487899
v -0.54660397 0.79043901 0.56518697
v -0.375485 0.92777299 0.34053099
v -0.561526 0.91375398 0.33410999
v -0.38768899 0.98392397 0.08608
v -0.580015 0.96679699 0.08361499
v -0.40075498 0.97223401 -0.168357
v -0.60000199 0.95275199 -0.16675299
v -0.41284799 0.89873898 -0.406625
v -0.61892801 0.87720799 -0.40090701
v -0.421718 0.76849001 -0.61480802
v -0.632748 0.747307 -0.60583102
v -0.42469701 0.59501898 -0.78606098
v -0.63959699 0.576227 -0.77433198
v -0.42289701 0.38481599 -0.91083198
v -0.64032799 0.37089499 -0.89783603
v -0.42040801 0.14765499 -0.97788
v -0.63752102 0.140291 -0.964387
v -0.41826799 -0.10117 -0.98447698
v -0.63387501 -0.10089399 -0.97083902
v -0.416507 -0.34532299 -0.92696499
v -0.62997102 -0.33798399 -0.91515201
v -0.413405 -0.56659799 -0.80793297
v -0.62451201 -0.55401098 -0.79958498
v -0.40986299 -0.75260698 -0.63891202
v -0.61884397 -0.73570901 -0.63481897
v -0.40644499 -0.88982701 -0.42879301
v -0.61171299 -0.87062597 -0.428873
v -0.40134599 -0.96815401 -0.19075299
v -0.202215 -0.89312797 -0.42326998
v -0.199915 -0.97089797 -0.184266
v -0.19681599 -0.98677301 0.067233
v 0 -0.972754 -0.182428
v 0 -0.98836398 0.069655
v 0 -0.94082498 0.319388
v -0.193535 -0.93766599 0.31639599
v 0 -0.82460397 0.54733598
v -0.189153 -0.82274597 0.54526102
v 0 -0.65258699 0.740556
v -0.18389299 -0.651205 0.73981702
v 0 -0.43878901 0.88983202
v -0.178993 -0.435 0.88715302
v 0 -0.21558199 0.96916002
v -0.17536099 -0.18263399 0.971381
v 0 0.104078 0.983846
v -0.17501999 0.10485 0.98221898
v 0 0.37780499 0.91679501
v -0.17719499 0.37703698 0.91380798
v 0 0.61411899 0.77550602
v -0.18012699 0.61321002 0.77308201
v 0 0.80021899 0.57962197
v -0.183629 0.79950898 0.57762402
v 0 0.92886501 0.34561398
v -0.18764999 0.92657297 0.34354499
v 0 0.98645502 0.089777
v -0.19365599 0.984676 0.08873099
v 0 0.976996 -0.16513
v -0.20027899 0.97470897 -0.165716
v 0 0.90645802 -0.404531
v -0.20611 0.90263402 -0.40429601
v 0 0.77727901 -0.612863
v -0.210363 0.77430397 -0.61261498
v 0 0.60403102 -0.784002
v -0.21123999 0.60136401 -0.78346997
v 0 0.39255499 -0.911803
v -0.210002 0.38993799 -0.909316
v 0 0.15070499 -0.97951799
v -0.20869399 0.149963 -0.97784298
v 0 -0.10221099 -0.98594802
v -0.207881 -0.10176199 -0.98426002
v 0 -0.34933298 -0.92886698
v -0.20713999 -0.34765401 -0.92633402
v 0 -0.57168197 -0.806822
v -0.20576 -0.569839 -0.80612397
v 0 -0.75925099 -0.63571298
v -0.204003 -0.75616198 -0.63497501
v 0 -0.89646297 -0.42294299
v 2.63376593 -0.037365 0.36784198
v 2.66563701 0.214373 -0.25092598
v 2.6740849 0.16172699 -0.020337
v 2.63077306 -0.26118901 -0.09271
v 2.63269901 0.019138 0.33519399
v 2.65617108 -0.021105 0.30057099
v 2.65760493 -0.079461 0.31757798
v 2.62832498 -0.04851099 0.40518799
v 2.6000421 0.036267 0.41133099
v 2.65199708 -0.120644 0.39004498
v 2.66699695 0.23572799 -0.20814299
v 2.67025899 0.295051 -0.23770199
v 2.66843104 0.24456399 -0.290109
v 2.66428089 0.162873 -0.25477001
v 2.66847991 0.170873 -0.194939
v 2.66385102 0.17615799 -0.319074
v 2.67743611 0.141111 -0.06908
v 2.68702602 0.07776399 -0.04001599
v 2.67955493 0.124388 0.02258
v 2.66299796 0.21459999 -0.009818
v 2.66830897 0.20731599 -0.076591
v 2.65866303 0.19468399 0.06538599
v 2.64034295 -0.201697 -0.13441899
v 2.61302089 -0.27096301 -0.19626499
v 2.61683106 -0.307233 -0.109158
v 2.62248301 -0.32833299 -0.018266
v 2.64723491 -0.233456 -0.025187
v 2.66511106 -0.16320699 -0.06150199
v 2.65425109 -0.234126 0.049665
v 2.67694592 -0.15750999 0.01278
v 2.68575596 -0.09047099 -0.030311
v 2.66594791 -0.11759 -0.11339999
v 2.64093399 -0.15368099 -0.195102
v 2.64670705 -0.07471799 -0.240888
v 2.62940502 -0.100965 -0.32018798
v 2.61757588 -0.19721999 -0.26810398
v 2.66789102 -0.047722 -0.158527
v 2.67034792 0.032256 -0.181629
v 2.65559697 0.017951 -0.26093798
v 2.68423199 -0.022335 -0.07759899
v 2.68199205 0.05130799 -0.10910599
v 2.67590308 0.12109699 -0.12698699
v 2.66970896 0.10423 -0.18937599
v 2.69381189 0.01419 0.00538
v 2.69588804 -0.056382 0.04991599
v 2.69376111 0.005256 0.123804
v 2.68662095 0.073136 0.07955999
v 2.67479205 0.068732 0.180866
v 2.66229391 0.141641 0.13288499
v 2.64173698 0.131004 0.234786
v 2.63409495 0.21052199 0.173491
v 2.63761401 0.26679399 0.09065199
v 2.61417508 0.275918 0.210793
v 2.623497 0.338757 0.11600899
v 2.64267802 0.35965898 0.013732
v 2.649019 0.286096 0.001709
v 2.65787506 0.35667899 -0.082532
v 2.65935301 0.28152099 -0.07960999
v 2.66715192 0.33364099 -0.16742999
v 2.66553592 0.261736 -0.14977799
v 2.67044901 0.189279 -0.137401
v 2.67379093 0.424811 -0.083723
v 2.68427109 0.398633 -0.185302
v 2.68710589 0.34973001 -0.27192801
v 2.72248792 0.450466 -0.198494
v 2.72332096 0.393974 -0.301209
v 2.71763396 0.31273901 -0.38329199
v 2.68359899 0.28122401 -0.33923
v 2.70740604 0.211723 -0.440853
v 2.67587494 0.19533999 -0.384034
v 2.69275999 0.097296 -0.47419101
v 2.66455698 0.097464 -0.40906798
v 2.65652298 0.095384 -0.33524599
v 2.64738011 -0.008358 -0.41805198
v 2.64488196 0.00594 -0.341443
v 2.66119504 0.095089 -0.259507
v 2.62702107 -0.127241 -0.39136099
v 2.67023396 -0.025524 -0.48808398
v 2.64861989 -0.158286 -0.456613
v 2.62894606 -0.29099398 -0.39350798
v 2.60909009 -0.24234299 -0.33504501
v 2.62581205 -0.39550301 -0.29333698
v 2.60402488 -0.333947 -0.24799899
v 2.63222408 -0.46388199 -0.168374
v 2.60795211 -0.38989201 -0.13808399
v 2.64061904 -0.49876698 -0.03332199
v 2.61783599 -0.415257 -0.022531
v 2.65930509 -0.489057 0.10620199
v 2.63381004 -0.40467 0.09781999
v 2.6331861 -0.31868898 0.078119
v 2.65764904 -0.35511198 0.20567399
v 2.65412688 -0.279172 0.16959199
v 2.66828393 -0.202643 0.13071399
v 2.66585588 -0.212915 0.24528299
v 2.67854094 -0.14451399 0.20298999
v 2.69180703 -0.075892 0.16527299
v 2.68744707 -0.129868 0.09193699
v 2.67723798 -0.073962 0.250604
v 2.68191409 -0.004206 0.217599
v 2.65568089 0.04962899 0.26299101
v 2.61815094 0.09640999 0.323978
v 2.61092901 0.188978 0.285488
v 2.59275889 0.133291 0.38591799
v 2.60037994 0.238544 0.331009
v 2.612535 0.33493998 0.24768899
v 2.61830711 0.27834001 0.37390199
v 2.63797307 0.38224899 0.282577
v 2.66347289 0.457024 0.168803
v 2.62867498 0.40511101 0.142468
v 2.69397997 0.48027798 0.043194
v 2.65518689 0.42687299 0.027453
v 2.71321106 0.479119 -0.08130999
v 2.75719189 0.51718401 0.060396
v 2.77424097 0.51698297 -0.07532899
v 2.78026104 0.48661598 -0.205633
v 2.84788107 0.54133498 -0.06789699
v 2.84942793 0.509763 -0.20894199
v 2.84382391 0.44480699 -0.33566299
v 2.77805209 0.42499798 -0.32188999
v 2.83551001 0.34886598 -0.439888
v 2.77062606 0.334975 -0.41651499
v 2.82597398 0.22797 -0.51675099
v 2.75961589 0.222423 -0.48475799
v 2.81298494 0.08980999 -0.56456702
v 2.743752 0.094471 -0.52563899
v 2.79282498 -0.058752 -0.58555597
v 2.71795702 -0.043136 -0.54306602
v 2.77115893 -0.208525 -0.541965
v 2.69645905 -0.18913599 -0.50661402
v 2.76914095 -0.352333 -0.469006
v 2.68013 -0.33240199 -0.43909698
v 2.78081011 -0.468591 -0.36343199
v 2.68506407 -0.44309899 -0.33262398
v 2.78679609 -0.55683898 -0.22249299
v 2.6932919 -0.52021801 -0.19844099
v 2.80872702 -0.60351198 -0.062307
v 2.7057631 -0.56538802 -0.050723
v 2.81790304 -0.60920202 0.104345
v 2.72092199 -0.56493902 0.09357699
v 2.80207705 -0.54911398 0.27107399
v 2.7300899 -0.502599 0.25092199
v 2.68332696 -0.432233 0.23302899
v 2.73963499 -0.39967501 0.376107
v 2.69744992 -0.34330201 0.338714
v 2.67213702 -0.28051099 0.292748
v 2.69008398 -0.24589599 0.40904998
v 2.66807603 -0.198062 0.353383
v 2.666821 -0.139796 0.295874
v 2.66743111 -0.14903099 0.45281401
v 2.73037505 -0.279574 0.462722
v 2.69938898 -0.164057 0.50796002
v 2.66122293 -0.04937899 0.53000199
v 2.63297104 -0.054132 0.47372001
v 2.64007902 0.06823299 0.52208
v 2.59407997 0.048792 0.47345501
v 2.64990496 0.18706199 0.48021599
v 2.59983801 0.165396 0.44051998
v 2.66871309 0.30567601 0.40905299
v 2.72505903 0.199944 0.51457297
v 2.74439191 0.32171401 0.43993699
v 2.77385592 0.43411299 0.34297201
v 2.69372606 0.41481 0.31357398
v 2.81029105 0.51243102 0.22011299
v 2.72731494 0.49155101 0.19452099
v 2.83506107 0.54081898 0.07775799
v 2.89510011 0.52640402 0.244879
v 2.91449189 0.55713701 0.09363099
v 2.92286992 0.55800098 -0.061717
v 2.98494505 0.57253497 0.107212
v 2.99027609 0.57324802 -0.058603
v 2.98320007 0.54008698 -0.21773999
v 2.91975998 0.525545 -0.211994
v 2.97078609 0.47114899 -0.35913199
v 2.91068506 0.458337 -0.34668999
v 2.96063995 0.36746698 -0.47582799
v 2.90166306 0.35818299 -0.457908
v 2.95397996 0.23445199 -0.56548297
v 2.89417505 0.230899 -0.54164099
v 2.94575905 0.080778 -0.62750798
v 2.885329 0.08464899 -0.59628301
v 2.9327929 -0.08381599 -0.66264098
v 2.87456488 -0.072407 -0.62193101
v 2.92088389 -0.23623099 -0.61586099
v 2.85817194 -0.22109499 -0.57545298
v 2.9408729 -0.369861 -0.52098
v 2.87007498 -0.35521599 -0.49565398
v 2.94373297 -0.50271999 -0.400541
v 2.8765099 -0.48178198 -0.383668
v 2.93023991 -0.61207902 -0.251064
v 2.87567591 -0.58375698 -0.23914599
v 2.95121908 -0.65838497 -0.06375899
v 2.89450788 -0.63160902 -0.06093699
v 2.9590981 -0.65926098 0.13534399
v 2.90132093 -0.63439697 0.128018
v 2.93917989 -0.61218702 0.31094199
v 2.88087511 -0.58223402 0.295982
v 2.94288897 -0.50004899 0.45243099
v 2.8810141 -0.47681599 0.435763
v 2.80650806 -0.44420298 0.409839
v 2.87229299 -0.33010599 0.53485298
v 2.79283189 -0.30720999 0.505306
v 2.83782196 -0.18734699 0.59555399
v 2.75646209 -0.173828 0.55574297
v 2.80658698 -0.053006 0.62578898
v 2.71869993 -0.046354 0.58185601
v 2.8051331 0.07852599 0.60925197
v 2.71025109 0.08046899 0.56865698
v 2.81346392 0.204944 0.54922998
v 2.88580489 0.07683099 0.65688699
v 2.89090395 0.21261499 0.59140801
v 2.90500593 0.342716 0.507528
v 2.83038497 0.330693 0.471163
v 2.93273305 0.458422 0.402704
v 2.86013293 0.445506 0.372175
v 2.96776509 0.54094702 0.26898199
v 2.984761 0.479061 0.436246
v 3.02245998 0.56118702 0.29310199
v 3.04090905 0.592386 0.118652
v 3.05879592 0.59084397 0.317954
v 3.07971191 0.62027198 0.128506
v 3.08335709 0.619479 -0.062318
v 3.04489898 0.59252601 -0.05904899
v 3.07147598 0.58467102 -0.24129
v 3.03490996 0.55866199 -0.227642
v 3.05402207 0.511693 -0.397017
v 3.01960992 0.487975 -0.37573501
v 3.04193711 0.39972099 -0.52515298
v 3.00826811 0.380566 -0.497689
v 3.03645801 0.25301399 -0.62723797
v 3.00189304 0.241301 -0.59311598
v 3.02729511 0.08049199 -0.70460099
v 2.99253392 0.079363 -0.66216802
v 2.9989469 -0.10480999 -0.753623
v 2.97098708 -0.092761 -0.70268297
v 2.98576688 -0.275485 -0.71310299
v 2.96063208 -0.25423198 -0.66176402
v 3.02984094 -0.427511 -0.60666602
v 2.99688696 -0.39404198 -0.55856299
v 3.02923393 -0.58091998 -0.45551499
v 2.99656105 -0.53582501 -0.423453
v 2.99917292 -0.69254201 -0.283582
v 2.97245693 -0.64774298 -0.265257
v 3.0268259 -0.741786 -0.08388199
v 2.99635195 -0.69450801 -0.07265199
v 3.04147505 -0.74004 0.144133
v 3.007766 -0.69343698 0.138392
v 3.01680994 -0.68556201 0.34050899
v 2.98498797 -0.64438802 0.32400599
v 3.02900004 -0.56641501 0.500781
v 2.99362802 -0.52938598 0.47249099
v 3.04047608 -0.404637 0.639467
v 3.00325107 -0.37414801 0.59328901
v 2.94296598 -0.34985899 0.55948698
v 2.96765708 -0.21626299 0.68407899
v 2.91222095 -0.201533 0.63594698
v 2.93963098 -0.06656599 0.727714
v 2.8845961 -0.06189899 0.67344301
v 2.94125604 0.082846 0.71077197
v 2.97573804 -0.070559 0.78922599
v 2.97691488 0.09499199 0.77376598
v 2.97808909 0.25150498 0.69934201
v 2.94584989 0.228328 0.64181602
v 2.98888707 0.39224898 0.59823
v 2.95812606 0.36326199 0.55044698
v 3.016155 0.50855201 0.47200301
v 2.99874401 0.42722299 0.64756399
v 3.02723288 0.54533797 0.50754702
v 3.0740199 0.62832701 0.340698
v 3.01778411 0.58642202 0.54042798
v 3.06583809 0.67054498 0.359409
v 3.0938611 0.69920897 0.144602
v 3.098212 0.65659499 0.13699799
v 3.0989921 0.69668901 -0.06987799
v 3.10222792 0.65489 -0.066606
v 3.08697009 0.65861702 -0.27003198
v 3.08959388 0.61871701 -0.25637999
v 3.06873011 0.578381 -0.44467699
v 3.07105588 0.542571 -0.42103201
v 3.05759096 0.454728 -0.59006601
v 3.05900311 0.42510598 -0.55695599
v 3.05649805 0.29221001 -0.70926398
v 3.05538797 0.27035099 -0.66698199
v 3.05357289 0.09860099 -0.80538898
v 3.04854893 0.08657 -0.75348997
v 3.01681208 -0.118872 -0.86819601
v 3.01556992 -0.11460399 -0.81037098
v 2.9876759 -0.320322 -0.81666398
v 2.996109 -0.297351 -0.76640397
v 3.03767395 -0.50804501 -0.70489102
v 3.04358911 -0.46719101 -0.65591299
v 3.03580403 -0.68202799 -0.53037899
v 3.04200601 -0.63109898 -0.49234199
v 3.00044608 -0.79307299 -0.32262599
v 3.00817799 -0.74257999 -0.30351001
v 3.02980804 -0.85064899 -0.09881699
v 3.03737998 -0.79630202 -0.093496
v 3.0463829 -0.84899699 0.154914
v 3.05422592 -0.79428297 0.15051999
v 3.01983189 -0.78410702 0.38144099
v 3.02796101 -0.73446399 0.360374
v 3.032027 -0.654356 0.56860399
v 3.04302501 -0.610677 0.53343802
v 3.04774189 -0.481947 0.73462802
v 3.05467295 -0.441933 0.687491
v 3.01077508 -0.29099899 0.86186301
v 3.01773595 -0.261444 0.80433297
v 3.00339508 -0.2359 0.74234402
v 2.99092888 -0.077109 0.85683697
v 2.98631191 -0.085908 0.92373502
v 2.98461794 0.120998 0.91281801
v 2.990556 0.10813099 0.8434
v 2.98009705 0.30854699 0.82092797
v 2.98913407 0.27911001 0.76052898
v 2.98858404 0.46509 0.69509297
v 2.9494369 0.337058 0.87647002
v 2.95843195 0.502146 0.73771297
v 2.988384 0.62798398 0.56863898
v 2.90933704 0.53425997 0.77193898
v 2.9402461 0.66629499 0.59013998
v 2.98743891 0.75717997 0.384213
v 3.03610396 0.714482 0.37416899
v 3.02110505 0.79143697 0.15555
v 3.067281 0.74489098 0.15118299
v 3.02822804 0.786668 -0.07325399
v 3.07376408 0.74144899 -0.07168699
v 3.02035188 0.743155 -0.29017299
v 3.06353211 0.70094102 -0.28103798
v 3.00619292 0.652673 -0.48480799
v 3.04688906 0.61587798 -0.46597799
v 2.99832892 0.51535302 -0.65075999
v 3.03724193 0.485596 -0.62174099
v 3.00095391 0.33862799 -0.78799498
v 3.03838491 0.31590899 -0.75040197
v 3.00474 0.13219699 -0.89973998
v 3.03936004 0.114969 -0.85544502
v 2.96287989 -0.11023599 -0.96291297
v 2.99997401 -0.116861 -0.92149502
v 2.93195509 -0.35666701 -0.90236002
v 2.96806407 -0.339172 -0.86249899
v 2.96552109 -0.58023697 -0.78233802
v 3.01060199 -0.54711598 -0.74813497
v 2.96632099 -0.76672601 -0.59586799
v 3.01072597 -0.72891098 -0.56628698
v 2.93662309 -0.877613 -0.35276201
v 2.97641706 -0.83921402 -0.33897098
v 2.95727706 -0.93428397 -0.09685099
v 3.00333809 -0.898961 -0.09956999
v 2.97140908 -0.93651002 0.162927
v 3.01867008 -0.89710801 0.160006
v 2.95191502 -0.86879199 0.41606798
v 2.99493789 -0.83084601 0.401073
v 2.95097589 -0.720299 0.62360698
v 3.00098395 -0.69182801 0.600609
v 2.96155595 -0.54804599 0.80717301
v 3.01558899 -0.51900899 0.77575898
v 2.93012809 -0.34278601 0.94402098
v 2.98126292 -0.31987801 0.90979397
v 2.9069581 -0.105754 1.01777601
v 2.95779109 -0.09619899 0.979662
v 2.90116691 0.13790099 1.01469802
v 2.9531641 0.13169999 0.97167998
v 2.8993721 0.36335599 0.92563301
v 2.83236098 0.137436 1.03873705
v 2.82959294 0.37348398 0.95186102
v 2.84239697 0.55589801 0.79260802
v 2.74793005 0.367031 0.951554
v 2.75810408 0.56684601 0.79921597
v 2.78671693 0.72399401 0.60798901
v 2.87395191 0.69850301 0.603208
v 2.83081793 0.83474803 0.39012101
v 2.92058396 0.79755199 0.38931399
v 2.87164592 0.88856899 0.15647999
v 2.95873189 0.84059298 0.15737299
v 2.87457799 0.87782299 -0.078556
v 2.9629879 0.83201301 -0.07553599
v 2.86991596 0.82467502 -0.30568999
v 2.9570949 0.78444701 -0.29838401
v 2.86200809 0.72083598 -0.51578199
v 2.94589495 0.68781101 -0.50152498
v 2.86001706 0.56800597 -0.69879102
v 2.94035291 0.54294997 -0.67673802
v 2.86791801 0.37599098 -0.84838199
v 2.944705 0.358756 -0.821199
v 2.882797 0.158828 -0.96654099
v 2.95253396 0.147308 -0.938371
v 2.84467911 -0.10182099 -1.003672
v 2.9099431 -0.10550399 -0.98930198
v 2.81268 -0.37478399 -0.9368
v 2.87878489 -0.36936798 -0.92755699
v 2.83327102 -0.61517798 -0.81137102
v 2.90611505 -0.60346299 -0.804331
v 2.83419489 -0.79535502 -0.62596899
v 2.90649008 -0.79002302 -0.61672502
v 2.80905389 -0.91646498 -0.37285
v 2.87979197 -0.90408897 -0.36395001
v 2.8199141 -0.97924602 -0.092789
v 2.89713501 -0.96128702 -0.095048
v 2.82559394 -0.98103499 0.17032
v 2.90750789 -0.96616101 0.16685999
v 2.81088399 -0.90285098 0.423556
v 2.88975596 -0.892632 0.42309299
v 2.80257892 -0.746113 0.64332401
v 2.88379907 -0.73819297 0.63814401
v 2.80285501 -0.56586998 0.82371598
v 2.88907909 -0.56300598 0.82312899
v 2.78052806 -0.357068 0.95262998
v 2.86176896 -0.35546898 0.95845502
v 2.75787401 -0.118501 1.02779996
v 2.84043002 -0.11439099 1.03496503
v 2.74745202 0.13083699 1.034047
v 2.63330602 -0.12081799 1.00104701
v 2.62302899 0.123686 1.00551295
v 2.6340301 0.35722398 0.93448698
v 2.44884705 0.122892 0.98277097
v 2.45991492 0.36682501 0.91990202
v 2.48497796 0.58672201 0.79460901
v 2.64528894 0.57379198 0.79734402
v 2.50723004 0.763314 0.607562
v 2.668226 0.74443399 0.60766702
v 2.54053092 0.889916 0.38873699
v 2.70693802 0.86600601 0.38885998
v 2.580302 0.96263897 0.153796
v 2.75129604 0.93433499 0.15457199
v 2.61165309 0.98061198 -0.083934
v 2.75753402 0.92529302 -0.081586
v 2.600461 0.903207 -0.31585198
v 2.75253391 0.86380797 -0.31152299
v 2.6001501 0.78220599 -0.53664797
v 2.74816298 0.75156599 -0.52703702
v 2.60924792 0.61316299 -0.732189
v 2.75118303 0.59060102 -0.716389
v 2.63005805 0.40652099 -0.89087098
v 2.76421999 0.390713 -0.869201
v 2.63342499 0.16764999 -0.97533899
v 2.77983403 0.163709 -0.97543799
v 2.61381793 -0.09571199 -0.98834002
v 2.75280904 -0.098315 -1.00027
v 2.59476494 -0.36802199 -0.91934198
v 2.72870588 -0.37402299 -0.93091201
v 2.5819211 -0.60388201 -0.78400301
v 2.73189711 -0.611956 -0.79849499
v 2.57605791 -0.78469997 -0.602346
v 2.73133993 -0.787454 -0.61959099
v 2.57580995 -0.91892498 -0.36582401
v 2.71963596 -0.91853898 -0.37430098
v 2.56294608 -0.98353999 -0.094033
v 2.71515107 -0.98571002 -0.09242399
v 2.53868794 -0.97521299 0.16688199
v 2.70802211 -0.98097199 0.17096599
v 2.52412891 -0.899194 0.415836
v 2.69693088 -0.90196901 0.419842
v 2.51983094 -0.75787001 0.63275802
v 2.69219899 -0.75151002 0.64124697
v 2.50274705 -0.57871699 0.80042201
v 2.681849 -0.56619697 0.81310397
v 2.47654295 -0.364903 0.92091697
v 2.65555501 -0.35617798 0.93364799
v 2.45470809 -0.12368 0.98404598
v 2.26662111 -0.372731 0.91697299
v 2.24861311 -0.129812 0.98140502
v 2.24339103 0.12496399 0.980861
v 2.0293641 -0.13011799 0.97595
v 2.02638793 0.12127 0.975196
v 2.03457593 0.364302 0.91310697
v 2.25569391 0.37242201 0.91667002
v 2.05216288 0.58174002 0.79017597
v 2.27563691 0.59112 0.79088902
v 2.07689595 0.76197701 0.61601299
v 2.30197095 0.77325201 0.61240702
v 2.10556697 0.896389 0.40447199
v 2.33250808 0.90693402 0.39591598
v 2.13665604 0.97071099 0.16840499
v 2.365067 0.97690701 0.15908899
v 2.16620302 0.98267298 -0.075318
v 2.39057898 0.98661798 -0.079236
v 2.19166588 0.93302297 -0.317687
v 2.40670108 0.93693602 -0.31819099
v 2.21454095 0.81658798 -0.54665601
v 2.41999602 0.81992197 -0.549353
v 2.23320889 0.641869 -0.744991
v 2.43388795 0.64104598 -0.75176399
v 2.24496603 0.42107 -0.88833701
v 2.4449079 0.41915598 -0.89454698
v 2.24765205 0.17269 -0.96765601
v 2.44251608 0.17395299 -0.97341799
v 2.24047303 -0.09669099 -0.979079
v 2.42851996 -0.09397699 -0.98540598
v 2.22679209 -0.36503601 -0.91113501
v 2.41266202 -0.365401 -0.91739898
v 2.20908808 -0.60334301 -0.772879
v 2.39514207 -0.60358601 -0.77976101
v 2.19083094 -0.79468101 -0.57891202
v 2.38431692 -0.795322 -0.58533799
v 2.17182588 -0.92216402 -0.34585198
v 2.37765407 -0.92500001 -0.35078099
v 2.14801192 -0.97999799 -0.092366
v 2.35945606 -0.98417997 -0.095477
v 2.12228107 -0.971354 0.16675299
v 2.33435297 -0.97555202 0.165004
v 2.09929108 -0.89480602 0.41273999
v 2.31634497 -0.89868801 0.41530698
v 2.0789411 -0.75967997 0.62454199
v 2.30320596 -0.76196199 0.62813299
v 2.05934691 -0.58180201 0.79274398
v 2.28653907 -0.58536499 0.79556101
v 2.04208111 -0.36969599 0.91329097
v 1.82806801 -0.57209402 0.77223098
v 1.809574 -0.363586 0.88953501
v 1.798514 -0.13032199 0.94921398
v 1.56776702 -0.36859899 0.87416702
v 1.55679404 -0.133919 0.93148201
v 1.55765116 0.10996485 0.92919635
v 1.79693198 0.112492 0.948646
v 1.57056605 0.347139 0.86942702
v 1.80538201 0.34874999 0.88844597
v 1.593611 0.56045001 0.75084501
v 1.82385098 0.56269097 0.77020597
v 1.623806 0.73873901 0.58265399
v 1.85020303 0.74147898 0.60225701
v 1.65803504 0.87339198 0.378203
v 1.88093698 0.87484598 0.396438
v 1.69484305 0.94857597 0.146421
v 1.91406405 0.95121997 0.164569
v 1.73336303 0.96126502 -0.09846799
v 1.94771397 0.96514099 -0.07811799
v 1.772475 0.91310197 -0.340649
v 1.98020398 0.91711598 -0.31884801
v 1.81003797 0.79417699 -0.560781
v 2.010715 0.80233001 -0.54257798
v 1.84339499 0.62267297 -0.74822801
v 2.03598308 0.63164001 -0.733895
v 1.86799299 0.407119 -0.883448
v 2.05352211 0.414294 -0.87443
v 1.88082301 0.159511 -0.95613002
v 2.06156492 0.165773 -0.95183402
v 1.88142001 -0.10151299 -0.96533197
v 2.05869793 -0.099342 -0.96184802
v 1.86830604 -0.355147 -0.899917
v 2.04576492 -0.360172 -0.89491701
v 1.84414804 -0.58347201 -0.76813799
v 2.02526092 -0.592588 -0.76005297
v 1.812608 -0.76924097 -0.58535498
v 1.99980604 -0.77879399 -0.57096898
v 1.77601194 -0.89472901 -0.36170899
v 1.971156 -0.90282702 -0.34207999
v 1.736624 -0.95584702 -0.113998
v 1.94014501 -0.96144098 -0.092945
v 1.69644296 -0.95296299 0.138732
v 1.90816795 -0.95268702 0.16102899
v 1.65733897 -0.88439899 0.37758898
v 1.87853896 -0.87835097 0.40004199
v 1.62137794 -0.75399702 0.58562099
v 1.85176098 -0.74656897 0.60677498
v 1.59065401 -0.57834398 0.75405502
v 0.96091097 -0.894198 0.06591399
v 0.93439102 -0.85030102 0.29943299
v 0.90978002 -0.74129498 0.51345902
v 0.75516098 -0.87917798 0.29558
v 0.73432201 -0.76935702 0.51810401
v 0.71579599 -0.60579901 0.70864397
v 0.88777202 -0.58182597 0.69820797
v 0.70100301 -0.39681699 0.85286897
v 0.87004399 -0.38005599 0.83966302
v 0.69156199 -0.15209299 0.93375301
v 0.85934197 -0.14382499 0.91734701
v 0.68951302 0.109784 0.94074899
v 0.85701698 0.110071 0.92337197
v 0.695082 0.36467298 0.87338
v 0.86293101 0.357019 0.85993397
v 0.70634597 0.587825 0.73626798
v 0.87721097 0.57105898 0.72579801
v 0.72241199 0.76320999 0.54765701
v 0.89765197 0.74133998 0.54257798
v 0.74302101 0.88068199 0.325497
v 0.92295402 0.85668498 0.32873299
v 0.767569 0.92858701 0.084007
v 0.95334601 0.90075099 0.09593799
v 0.79425299 0.91259598 -0.156974
v 0.98646402 0.88531702 -0.13641199
v 0.82047599 0.83699202 -0.38299998
v 1.020015 0.81304502 -0.355506
v 0.84245199 0.70952999 -0.58142
v 1.05046904 0.68826299 -0.54835099
v 0.85626298 0.54330897 -0.74429398
v 1.07515204 0.52669197 -0.70933997
v 0.86164099 0.34670299 -0.86201798
v 1.09128296 0.33493098 -0.82708901
v 0.861184 0.128221 -0.92551499
v 1.09712696 0.12159 -0.89029598
v 0.857032 -0.099214 -0.93294102
v 1.09401202 -0.099591 -0.899697
v 0.85017001 -0.32241401 -0.88077598
v 1.082448 -0.31634199 -0.849675
v 0.840801 -0.52613699 -0.77148902
v 1.06402897 -0.51377797 -0.74134498
v 0.82937401 -0.69963598 -0.614991
v 1.04126405 -0.68215602 -0.58727401
v 0.814861 -0.83177602 -0.417488
v 1.01561498 -0.80911099 -0.39428898
v 0.79715299 -0.907444 -0.18938699
v 0.98840999 -0.87977397 -0.171092
v 0.77674698 -0.92422598 0.054134
v 0.60218197 -0.947802 -0.193716
v 0.58924001 -0.96512699 0.054524
v 0.57405102 -0.91850197 0.303456
v 0.394371 -0.98527997 0.06015
v 0.38597598 -0.93749499 0.31099599
v 0.37611499 -0.82169997 0.54302698
v 0.55841302 -0.804834 0.53397697
v 0.36586099 -0.64912498 0.74025797
v 0.54356098 -0.63477301 0.73044902
v 0.356651 -0.43024399 0.89007097
v 0.53143101 -0.41809999 0.87989598
v 0.35027501 -0.173296 0.97504097
v 0.52334797 -0.164091 0.96403098
v 0.34948501 0.10716299 0.98355698
v 0.52173399 0.109421 0.97108197
v 0.35314899 0.378443 0.91391098
v 0.526358 0.37544399 0.90155798
v 0.35892298 0.61514502 0.77193701
v 0.534913 0.60808098 0.76054602
v 0.366344 0.801234 0.57487899
v 0.54660397 0.79043901 0.56518697
v 0.375485 0.92777299 0.34053099
v 0.561526 0.91375398 0.33410999
v 0.38768899 0.98392397 0.08608
v 0.580015 0.96679699 0.08361499
v 0.40075498 0.97223401 -0.168357
v 0.60000199 0.95275199 -0.16675299
v 0.41284799 0.89873898 -0.406625
v 0.61892801 0.87720799 -0.40090701
v 0.421718 0.76849001 -0.61480802
v 0.632748 0.747307 -0.60583102
v 0.42469701 0.59501898 -0.78606098
v 0.63959699 0.576227 -0.77433198
v 0.42289701 0.38481599 -0.91083198
v 0.64032799 0.37089499 -0.89783603
v 0.42040801 0.14765499 -0.97788
v 0.63752102 0.140291 -0.964387
v 0.41826799 -0.10117 -0.98447698
v 0.63387501 -0.10089399 -0.97083902
v 0.416507 -0.34532299 -0.92696499
v 0.62997102 -0.33798399 -0.91515201
v 0.413405 -0.56659799 -0.80793297
v 0.62451201 -0.55401098 -0.79958498
v 0.40986299 -0.75260698 -0.63891202
v 0.61884397 -0.73570901 -0.63481897
v 0.40644499 -0.88982701 -0.42879301
v 0.61171299 -0.87062597 -0.428873
v 0.40134599 -0.96815401 -0.19075299
v 0.202215 -0.89312797 -0.42326998
v 0.199916 -0.97089797 -0.184266
v 0.19681599 -0.98677301 0.067233
v 0.193535 -0.93766599 0.31639599
v 0.189153 -0.82274597 0.54526102
v 0.18389299 -0.651205 0.73981702
v 0.178993 -0.435 0.88715302
v 0.17536099 -0.18263399 0.971381
v 0.17501999 0.10485 0.98221898
v 0.17719499 0.37703698 0.91380798
v 0.18012699 0.61321002 0.77308201
v 0.183629 0.79950898 0.57762402
v 0.18764999 0.92657297 0.34354499
v 0.19365599 0.984676 0.08873099
v 0.20027899 0.97470897 -0.165716
v 0.20611 0.90263402 -0.40429601
v 0.210363 0.77430397 -0.61261498
v 0.211241 0.60136401 -0.78346997
v 0.210002 0.38993799 -0.909316
v 0.20869399 0.149963 -0.97784298
v 0.207881 -0.10176199 -0.98426002
v 0.20713999 -0.34765401 -0.92633402
v 0.20576 -0.569839 -0.80612397
v 0.204003 -0.75616198 -0.63497501
v -1.06071901 -0.84550601 0.59450602
v -1.03595197 -0.66146498 0.79789298
v -1.01612305 -0.42949599 0.951689
v -1.00387799 -0.159103 1.03425097
v -1.00109005 0.125271 1.03900194
v -1.00788903 0.40204301 0.96727299
v -1.02385103 0.64458602 0.81903898
v -1.04725301 0.83656698 0.61696302
v -1.07669997 0.97083002 0.376731
v -1.11052894 1.03050804 0.113108
v -1.14584505 1.022964 -0.153051
v -1.18033099 0.94977498 -0.40817898
v -1.21059 0.81271797 -0.63434499
v -1.23436701 0.62794798 -0.82289701
v -1.24965202 0.40261399 -0.960868
v -1.255144 0.150141 -1.03515505
v -1.25170505 -0.112883 -1.04467904
v -1.24027895 -0.370662 -0.98284798
v -1.22256398 -0.60297501 -0.853329
v -1.20029401 -0.79733097 -0.67026501
v -1.17455697 -0.93971401 -0.44189
v -1.14661002 -1.01702594 -0.18327699
v -1.117563 -1.02898204 0.08663299
v -1.08842802 -0.97323501 0.35295799
v -0.957596 -0.92013597 0.324559
v -0.98406499 -0.96750998 0.071915
v -0.93274897 -0.80222201 0.555574
v -0.89245098 -0.41189399 0.90498697
v -0.91052001 -0.63046497 0.753304
v -0.881437 -0.15462599 0.98810499
v -0.87889802 0.11898099 0.99444997
v -0.88468802 0.38603499 0.92661601
v -0.89913398 0.61829197 0.78190898
v -0.91987597 0.80097502 0.58502697
v -0.94581002 0.92563897 0.35320299
v -0.97683602 0.97328102 0.100932
v -1.01021099 0.95743602 -0.149763
v -1.04361903 0.880746 -0.38670599
v -1.07318604 0.74731898 -0.59441697
v -1.09650099 0.57390797 -0.76740098
v -1.11120104 0.366315 -0.89439898
v -1.11595201 0.13472999 -0.96263599
v -1.112383 -0.105824 -0.97296398
v -1.10105705 -0.34252798 -0.91851002
v -1.08351302 -0.55724102 -0.80096697
v -1.06190598 -0.73946201 -0.63401299
v -1.03730797 -0.87631201 -0.424124
v -1.01094698 -0.95212298 -0.18271499
v 1.03595197 -0.66146498 0.79789298
v 1.06071901 -0.84550601 0.59450602
v 1.01612305 -0.42949599 0.951689
v 1.00387799 -0.159103 1.03425097
v 1.00109005 0.125271 1.03900194
v 1.00788903 0.40204301 0.96727299
v 1.02385199 0.64458602 0.81903898
v 1.04725301 0.83656698 0.61696302
v 1.07669997 0.97083002 0.376731
v 1.11052894 1.03050804 0.113108
v 1.14584505 1.022964 -0.153051
v 1.18033099 0.94977498 -0.40817898
v 1.21059 0.81271797 -0.63434499
v 1.23436701 0.62794798 -0.82289701
v 1.24965202 0.40261399 -0.960868
v 1.25514495 0.150141 -1.03515505
v 1.25170505 -0.112883 -1.04467904
v 1.24028003 -0.370662 -0.98284798
v 1.22256505 -0.60297501 -0.853329
v 1.20029401 -0.79733097 -0.67026501
v 1.17455697 -0.93971401 -0.44189
v 1.14661002 -1.01702594 -0.18327699
v 1.117563 -1.02898204 0.08663299
v 1.08842897 -0.97323501 0.35295799
v 0.957596 -0.92013597 0.324559
v 0.98406499 -0.96750998 0.071915
v 0.93274897 -0.80222201 0.555574
v 0.91052001 -0.63046497 0.753304
v 0.89245098 -0.41189399 0.90498697
v 0.881437 -0.15462599 0.98810499
v 0.87889897 0.11898099 0.99444997
v 0.88468802 0.38603499 0.92661601
v 0.89913398 0.61829197 0.78190898
v 0.91987597 0.80097502 0.58502697
v 0.94581002 0.92563897 0.35320299
v 0.97683602 0.97328102 0.100932
v 1.01021099 0.95743602 -0.149763
v 1.04361903 0.880746 -0.38670599
v 1.07318604 0.74731898 -0.59441697
v 1.09650194 0.57390797 -0.76740098
v 1.11120104 0.366315 -0.89439898
v 1.11595201 0.13472999 -0.96263599
v 1.112383 -0.105824 -0.97296398
v 1.10105705 -0.34252798 -0.91851002
v 1.08351302 -0.55724102 -0.80096697
v 1.06190598 -0.73946201 -0.63401299
v 1.03730797 -0.87631201 -0.424124
v 1.01094698 -0.95212298 -0.18271499
v -1.60706496 -0.81310999 0.63176399
v -1.57525801 -0.62388002 0.81341499
v -1.55117297 -0.396851 0.94358301
v -1.436293 -0.41765901 0.98045998
v -1.46079695 -0.655613 0.84114402
v -1.42311 -0.149746 1.04848802
v -1.53912997 -0.142421 1.005463
v -1.42186904 0.125852 1.04713094
v -1.43249297 0.39335 0.97808402
v -1.53934705 0.119427 1.003286
v -1.55133605 0.37442299 0.939314
v -1.45452594 0.63373297 0.841798
v -1.57444 0.604685 0.81157797
v -1.48485505 0.83222901 0.652197
v -1.60528504 0.79610097 0.63146197
v -1.52093696 0.98124802 0.42127698
v -1.64100396 0.941154 0.411628
v -1.56131303 1.06477701 0.15754899
v -1.68029904 1.02264797 0.160079
v -1.60315203 1.07802104 -0.11880099
v -1.72138905 1.03641998 -0.104161
v -1.64480304 1.02101194 -0.392818
v -1.76319599 0.98443698 -0.36671999
v -1.68377304 0.886101 -0.64148598
v -1.80300605 0.855708 -0.60539501
v -1.71662998 0.69348502 -0.85021501
v -1.83781302 0.67119002 -0.80711102
v -1.74070501 0.449638 -1.00240397
v -1.86345994 0.43716999 -0.95375198
v -1.75286197 0.17279399 -1.08316302
v -1.876513 0.17001199 -1.03152501
v -1.75213396 -0.11733099 -1.09158396
v -1.87684404 -0.110962 -1.04088795
v -1.73838901 -0.40049898 -1.01882898
v -1.86299204 -0.38514399 -0.97010099
v -1.714522 -0.65222501 -0.87358599
v -1.837906 -0.629556 -0.829005
v -1.68340396 -0.85843902 -0.67050898
v -1.80515503 -0.82924699 -0.63278901
v -1.64734995 -1.00142896 -0.42053499
v -1.76700997 -0.96543997 -0.39112201
v -1.60860002 -1.07209801 -0.144324
v -1.72625505 -1.03108799 -0.12452299
v -1.56844496 -1.07093501 0.13863499
v -1.68480002 -1.02801394 0.14752499
v -1.52871096 -0.99679702 0.410521
v -1.64424204 -0.954032 0.406769
v -1.49242496 -0.85216701 0.64818501
v 1.57525801 -0.62388002 0.81341499
v 1.60706496 -0.81310999 0.63176399
v 1.55117297 -0.396851 0.94358301
v 1.436293 -0.41765901 0.98045998
v 1.46079802 -0.655613 0.84114402
v 1.42311203 -0.149746 1.04848802
v 1.53912997 -0.142421 1.005463
v 1.41968309 0.12585087 1.04600381
v 1.43249297 0.39335 0.97808402
v 1.53802657 0.11942631 1.00260508
v 1.551337 0.37442299 0.939314
v 1.45452594 0.63373297 0.841798
v 1.57444095 0.604685 0.81157797
v 1.48485505 0.83222901 0.652197
v 1.60528504 0.79610097 0.63146197
v 1.52093696 0.98124802 0.42127698
v 1.64100503 0.941154 0.411628
v 1.56131303 1.06477701 0.15754899
v 1.68029904 1.02264797 0.160079
v 1.60315203 1.07802104 -0.11880099
v 1.72138905 1.03641998 -0.104161
v 1.64480304 1.02101194 -0.392818
v 1.76319694 0.98443698 -0.36671999
v 1.68377304 0.886101 -0.64148598
v 1.80300605 0.855708 -0.60539501
v 1.71662998 0.69348502 -0.85021501
v 1.83781397 0.67119002 -0.80711102
v 1.74070501 0.449638 -1.00240397
v 1.86345994 0.43716999 -0.95375198
v 1.75286197 0.17279399 -1.08316302
v 1.876513 0.17001199 -1.03152501
v 1.75213396 -0.11733099 -1.09158396
v 1.87684404 -0.110962 -1.04088795
v 1.73838901 -0.40049898 -1.01882898
v 1.86299204 -0.38514399 -0.97010099
v 1.71452295 -0.65222501 -0.87358599
v 1.837906 -0.629556 -0.829005
v 1.68340396 -0.85843902 -0.67050898
v 1.80515599 -0.82924699 -0.63278901
v 1.64735102 -1.00142896 -0.42053499
v 1.76700997 -0.96543997 -0.39112201
v 1.60860002 -1.07209801 -0.144324
v 1.72625505 -1.03108799 -0.12452299
v 1.56844496 -1.07093501 0.13863499
v 1.68480002 -1.02801394 0.14752499
v 1.52871203 -0.99679702 0.410521
v 1.64424204 -0.954032 0.406769
v 1.49242496 -0.85216701 0.64818501
v -1.17283594 -0.90747398 0.649971
v -1.20154798 -1.04884195 0.39206299
v -1.14786994 -0.70623898 0.86387497
v -1.12896394 -0.45531401 1.02327501
v -1.11775398 -0.166673 1.10699605
v -1.11635899 0.134853 1.10986495
v -1.12494695 0.426757 1.03185296
v -1.14153897 0.68373799 0.877653
v -1.165421 0.88999497 0.66698402
v -1.19492697 1.03783702 0.414579
v -1.22710704 1.11316394 0.133751
v -1.26029503 1.11457002 -0.155165
v -1.29316496 1.04272604 -0.43612799
v -1.32344102 0.897879 -0.68785297
v -1.34876704 0.69665098 -0.89746797
v -1.36681795 0.44770699 -1.05043196
v -1.37525999 0.168077 -1.13297605
v -1.37349402 -0.124141 -1.14157605
v -1.36255705 -0.40922299 -1.07030904
v -1.34426796 -0.66441297 -0.92527401
v -1.32057905 -0.87533897 -0.72134602
v -1.29304397 -1.02669799 -0.469098
v -1.26306605 -1.10732805 -0.18705199
v -1.23208594 -1.11555099 0.105548
v 1.20154905 -1.04884195 0.39206299
v 1.17283594 -0.90747398 0.649971
v 1.14786994 -0.70623898 0.86387497
v 1.12896394 -0.45531401 1.02327501
v 1.11775398 -0.166673 1.10699605
v 1.11635899 0.134853 1.10986495
v 1.12494695 0.426757 1.03185296
v 1.14153897 0.68373799 0.877653
v 1.165421 0.88999497 0.66698402
v 1.19492697 1.03783702 0.414579
v 1.22710704 1.11316394 0.133751
v 1.26029503 1.11457002 -0.155165
v 1.29316496 1.04272604 -0.43612799
v 1.32344102 0.897879 -0.68785297
v 1.34876704 0.69665098 -0.89746797
v 1.36681795 0.44770699 -1.05043196
v 1.37526094 0.168077 -1.13297605
v 1.37349402 -0.124141 -1.14157605
v 1.36255705 -0.40922299 -1.07030904
v 1.34426796 -0.66441297 -0.92527401
v 1.32057905 -0.87533897 -0.72134602
v 1.29304397 -1.02669799 -0.469098
v 1.26306605 -1.10732805 -0.18705199
v 1.23208594 -1.11555099 0.105548
v -1.12184596 -0.91504901 0.65036302
v -1.09845304 -0.71410101 0.86755901
v -1.04361295 -0.69216102 0.83522802
v -1.066908 -0.88468498 0.62318497
v -1.08064699 -0.46187999 1.03069603
v -1.02535402 -0.449229 0.99561899
v -1.07006704 -0.16978299 1.11725699
v -1.01426804 -0.16607399 1.08161199
v -1.06879699 0.13565799 1.12103796
v -1.01231598 0.13096299 1.08631598
v -1.07692897 0.432282 1.04292702
v -1.01957094 0.420172 1.01128196
v -1.09275901 0.69288098 0.88545298
v -1.03509199 0.67369598 0.85673201
v -1.11517798 0.90047299 0.67095601
v -1.05727601 0.87429398 0.64644599
v -1.14269304 1.04822301 0.41411298
v -1.08476102 1.01539003 0.39556801
v -1.17283296 1.11933004 0.12948699
v -1.11571002 1.07882797 0.119372
v -1.20419895 1.11636304 -0.16051299
v -1.14811801 1.07147598 -0.15947699
v -1.23563802 1.04051005 -0.440887
v -1.18034994 0.99496299 -0.427192
v -1.26445198 0.89324402 -0.69031
v -1.20915496 0.85151499 -0.66409099
v -1.28851401 0.692083 -0.89768499
v -1.23245799 0.658418 -0.86114502
v -1.30539 0.44453099 -1.04951298
v -1.24797904 0.42243599 -1.00562596
v -1.31282305 0.166693 -1.13140499
v -1.25396597 0.15790499 -1.08347201
v -1.31088399 -0.123478 -1.14090895
v -1.25120699 -0.117962 -1.09343004
v -1.30039405 -0.40760201 -1.07127797
v -1.24047803 -0.38870701 -1.02842199
v -1.28297495 -0.662261 -0.92786598
v -1.22334003 -0.63215702 -0.89261299
v -1.26067805 -0.87375098 -0.72592002
v -1.20173895 -0.835527 -0.70089
v -1.23476195 -1.02718699 -0.47481998
v -1.17670297 -0.984564 -0.461488
v -1.20644402 -1.10955905 -0.19261899
v -1.14938104 -1.06531095 -0.190769
v -1.17739403 -1.119982 0.100739
v -1.12127804 -1.077564 0.091471
v -1.14881503 -1.05582094 0.389604
v -1.093387 -1.01877403 0.37044298
v 1.09845304 -0.71410101 0.86755901
v 1.12184596 -0.91504901 0.65036302
v 1.066908 -0.88468498 0.62318497
v 1.04361295 -0.69216102 0.83522802
v 1.08064699 -0.46187999 1.03069603
v 1.02535498 -0.449229 0.99561899
v 1.07006704 -0.16978299 1.11725699
v 1.01426804 -0.16607399 1.08161199
v 1.06879699 0.13565799 1.12103796
v 1.01231598 0.13096299 1.08631598
v 1.07693004 0.43228098 1.04292702
v 1.01957094 0.42017099 1.01128196
v 1.09275996 0.69288098 0.88545298
v 1.03509295 0.67369598 0.85673201
v 1.11517894 0.90047299 0.67095601
v 1.05727696 0.87429398 0.64644599
v 1.14269304 1.04822301 0.41411298
v 1.08476197 1.01539003 0.39556801
v 1.17283296 1.11933004 0.12948699
v 1.11571002 1.07882797 0.119372
v 1.20419895 1.11636304 -0.16051299
v 1.14811801 1.07147598 -0.15947699
v 1.23563897 1.04051005 -0.440887
v 1.18034994 0.99496299 -0.427192
v 1.26445198 0.89324402 -0.69031
v 1.20915603 0.85151499 -0.66409099
v 1.28851401 0.692083 -0.89768499
v 1.23245799 0.658418 -0.86114502
v 1.30539095 0.44453099 -1.04951298
v 1.24797999 0.42243599 -1.00562596
v 1.31282401 0.166693 -1.13140499
v 1.25396704 0.15790499 -1.08347201
v 1.31088399 -0.12347699 -1.14090895
v 1.25120699 -0.11796099 -1.09343004
v 1.30039501 -0.40760201 -1.07127797
v 1.24047899 -0.38870701 -1.02842199
v 1.28297603 -0.662261 -0.92786598
v 1.22334098 -0.63215702 -0.89261299
v 1.260679 -0.87375098 -0.72592002
v 1.20173895 -0.835527 -0.70089
v 1.23476195 -1.02718699 -0.47481998
v 1.17670297 -0.984564 -0.461488
v 1.20644402 -1.10955905 -0.19261899
v 1.14938104 -1.06531095 -0.190769
v 1.17739498 -1.119982 0.100739
v 1.12127804 -1.077564 0.091471
v 1.14881694 -1.05582094 0.389604
v 1.09338796 -1.01877403 0.37044298
v -1.27287399 -0.90886402 0.66271799
v -1.30419004 -1.05463099 0.405781
v -1.24554896 -0.704723 0.87417697
v -1.22469198 -0.45237699 1.030133
v -1.21311402 -0.164211 1.11054599
v -1.21190202 0.13525399 1.11181402
v -1.22103703 0.42497199 1.03432297
v -1.23944699 0.68123298 0.88272899
v -1.26553297 0.888987 0.67515397
v -1.29734599 1.04039895 0.42492398
v -1.33273494 1.12097203 0.14413799
v -1.36924696 1.12755799 -0.14732199
v -1.40516698 1.05933105 -0.43291598
v -1.43869698 0.91496902 -0.689785
v -1.46663403 0.712161 -0.90404897
v -1.48710799 0.45935601 -1.06029701
v -1.49751305 0.17405399 -1.14444994
v -1.49613595 -0.12444099 -1.15278005
v -1.48411202 -0.41550898 -1.079306
v -1.463642 -0.67552 -0.930552
v -1.43692302 -0.88932102 -0.72166401
v -1.40628004 -1.04106998 -0.46451398
v -1.37311303 -1.12040698 -0.17808499
v -1.33843994 -1.12532997 0.117812
v 1.27287399 -0.90886402 0.66271799
v 1.30419099 -1.05463099 0.405781
v 1.24554896 -0.704723 0.87417697
v 1.22469294 -0.45237699 1.030133
v 1.21311402 -0.164211 1.11054599
v 1.21183681 0.13525396 1.1117804
v 1.22103703 0.42497199 1.03432297
v 1.23944795 0.68123298 0.88272899
v 1.26553297 0.888987 0.67515397
v 1.29734599 1.04039895 0.42492398
v 1.33273494 1.12097203 0.14413799
v 1.36924696 1.12755799 -0.14732199
v 1.40516698 1.05933105 -0.43291598
v 1.43869805 0.91496902 -0.689785
v 1.46663403 0.712161 -0.90404897
v 1.48710894 0.45935601 -1.06029701
v 1.497514 0.17405399 -1.14444994
v 1.49613595 -0.12444099 -1.15278005
v 1.48411297 -0.41550898 -1.079306
v 1.46364295 -0.67552 -0.930552
v 1.43692398 -0.88932102 -0.72166401
v 1.40628099 -1.04106998 -0.46451398
v 1.37311303 -1.12040698 -0.17808499
v 1.33843994 -1.12532997 0.117812
v -1.38517594 -0.708489 0.89775598
v -1.36176395 -0.45210498 1.05046594
v -1.34974098 -0.16191999 1.12669897
v -1.34882795 0.13691699 1.12593603
v -1.35863697 0.42644101 1.04952001
v -1.37936794 0.68476802 0.90041601
v -1.40842104 0.89648497 0.69508802
v -1.44346094 1.05424904 0.445477
v -1.48331594 1.14200198 0.16170999
v -1.52467405 1.15459597 -0.135086
v -1.56556403 1.09081101 -0.42907598
v -1.60428798 0.94548302 -0.69481599
v -1.63678801 0.73908901 -0.91693002
v -1.66110503 0.478639 -1.07910096
v -1.67400598 0.1834 -1.16573
v -1.67327797 -0.12605099 -1.17433595
v -1.65957403 -0.428171 -1.09711301
v -1.63558995 -0.69673401 -0.94238102
v -1.604079 -0.91657197 -0.72569799
v -1.56825196 -1.07027602 -0.459353
v -1.53004396 -1.14787304 -0.164581
v -1.49021399 -1.14845705 0.138098
v -1.45091295 -1.07131505 0.43071401
v -1.41572904 -0.918141 0.68823897
v 1.36176502 -0.45210498 1.05046594
v 1.38517797 -0.708489 0.89775598
v 1.34974205 -0.16191999 1.12669897
v 1.34692287 0.13691601 1.12495315
v 1.35863697 0.42644101 1.04952001
v 1.37936902 0.68476802 0.90041601
v 1.40842104 0.89648497 0.69508802
v 1.44346094 1.05424904 0.445477
v 1.48331701 1.14200198 0.16170999
v 1.52467405 1.15459597 -0.135086
v 1.56556403 1.09081101 -0.42907598
v 1.60428905 0.94548302 -0.69481599
v 1.63678801 0.73908901 -0.91693002
v 1.66110599 0.478639 -1.07910096
v 1.67400598 0.1834 -1.16573
v 1.67327797 -0.12605099 -1.17433595
v 1.65957403 -0.428171 -1.09711301
v 1.63559103 -0.69673401 -0.94238102
v 1.60407996 -0.91657197 -0.72569799
v 1.56825304 -1.07027602 -0.459353
v 1.53004503 -1.14787304 -0.164581
v 1.49021494 -1.14845705 0.138098
v 1.45091402 -1.07131505 0.43071401
v 1.41572904 -0.918141 0.68823897
v -1.44653105 -0.68535202 0.87727797
v -1.42222201 -0.43658098 1.02345895
v -1.40958201 -0.15599499 1.09513902
v -1.40857398 0.132173 1.09382402
v -1.41886103 0.41191598 1.02132403
v -1.44053494 0.66291499 0.87849199
v -1.47066402 0.869493 0.68048602
v -1.50674998 1.02452302 0.439253
v -1.54759597 1.11134195 0.16370199
v -1.590065 1.12480294 -0.12461099
v -1.63241195 1.06485104 -0.41091001
v -1.67235398 0.92386698 -0.67036902
v -1.70611798 0.723127 -0.887721
v -1.73112201 0.46872299 -1.04647004
v -1.743981 0.18011599 -1.13071703
v -1.74339997 -0.12247999 -1.13951599
v -1.72933805 -0.418127 -1.06361794
v -1.70465898 -0.68052101 -0.91225898
v -1.67234194 -0.89542102 -0.700634
v -1.63523697 -1.04471397 -0.43992999
v -1.59571397 -1.11865305 -0.15206
v -1.55487096 -1.11775994 0.142875
v -1.51456904 -1.04070496 0.42705699
v -1.47811996 -0.89002901 0.675659
v 1.42222201 -0.43658098 1.02345895
v 1.44653201 -0.68535202 0.87727797
v 1.40958404 -0.15599499 1.09513902
v 1.40615451 0.13217175 1.0925765
v 1.41886103 0.41191598 1.02132403
v 1.44053494 0.66291499 0.87849199
v 1.47066402 0.869493 0.68048602
v 1.50674998 1.02452302 0.439253
v 1.54759705 1.11134195 0.16370199
v 1.59006595 1.12480294 -0.12461099
v 1.63241195 1.06485104 -0.41091001
v 1.67235398 0.92386698 -0.67036902
v 1.70611894 0.723127 -0.887721
v 1.73112201 0.46872299 -1.04647004
v 1.743981 0.18011599 -1.13071703
v 1.74339997 -0.12247999 -1.13951599
v 1.72933805 -0.418127 -1.06361794
v 1.70466005 -0.68052101 -0.91225898
v 1.67234194 -0.89542102 -0.700634
v 1.63523805 -1.04471397 -0.43992999
v 1.59571504 -1.11865305 -0.15206
v 1.55487096 -1.11775994 0.142875
v 1.51457095 -1.04070496 0.42705699
v 1.47811996 -0.89002901 0.675659
v -1.38570296 -0.45345899 1.05776202
v -1.40947604 -0.71126097 0.90501797
v -1.373631 -0.16196 1.13346302
v -1.37278401 0.13759499 1.13243901
v -1.38267099 0.42813101 1.05632698
v -1.40370702 0.687922 0.90721499
v -1.43321096 0.90097898 0.70150297
v -1.46878695 1.06029295 0.45111098
v -1.509377 1.14918303 0.16574099
v -1.55161094 1.16232395 -0.13259099
v -1.59358394 1.09905302 -0.428676
v -1.63340604 0.952964 -0.69650101
v -1.666996 0.74547302 -0.92041099
v -1.69211804 0.48293399 -1.08405101
v -1.70534205 0.185313 -1.17117404
v -1.70475995 -0.126753 -1.18006503
v -1.690719 -0.43168601 -1.10197699
v -1.665982 -0.702331 -0.94596797
v -1.63347196 -0.92390602 -0.72767698
v -1.59647905 -1.07844901 -0.45895099
v -1.557222 -1.15578305 -0.16198599
v -1.51653802 -1.15574598 0.14261099
v -1.47644805 -1.077219 0.43695199
v -1.440539 -0.92235702 0.69528502
v 1.38570296 -0.45345899 1.05776202
v 1.40947902 -0.71126097 0.90501797
v 1.37363302 -0.16196 1.13346302
v 1.37061941 0.13759388 1.13132238
v 1.38267099 0.42813101 1.05632698
v 1.40370798 0.687922 0.90721499
v 1.43321096 0.90097898 0.70150297
v 1.46878695 1.06029295 0.45111098
v 1.50937902 1.14918303 0.16574099
v 1.55161202 1.16232395 -0.13259099
v 1.59358394 1.09905302 -0.428676
v 1.63340604 0.952964 -0.69650101
v 1.666996 0.74547302 -0.92041099
v 1.69211804 0.48293399 -1.08405101
v 1.70534205 0.185313 -1.17117404
v 1.70475995 -0.126753 -1.18006503
v 1.690719 -0.43168601 -1.10197699
v 1.66598296 -0.702331 -0.94596797
v 1.63347303 -0.92390602 -0.72767698
v 1.59648001 -1.07844901 -0.45895099
v 1.55722296 -1.15578305 -0.16198599
v 1.51653897 -1.15574598 0.14261099
v 1.47644996 -1.077219 0.43695199
v 1.440539 -0.92235702 0.69528502
v 1.40493917 0.22510625 1.11678957
v 1.42536628 0.25057748 1.03013455
v 1.4286654 -0.24758324 1.03151929
v 1.40159142 -0.21885594 1.11729574
v 1.01310086 -0.21793483 1.11720287
v 0.98555326 -0.2502307 1.03123998
v 1.40176796 -0.21665403 1.02958226
v 1.0130372 -0.22041775 1.02959871
v 0.98390573 0.25095301 1.03076422
v 0.98636728 -0.24648475 1.11656653
v 1.43238759 -0.25442889 1.11560428
v 1.01445078 0.21864047 1.11752069
v 1.43495464 0.25574758 1.11424481
v 0.98729479 0.25235611 1.11565792
v 1.01737594 0.21253038 1.02983045
v 1.39230918 0.21470361 1.02907145
v 1.39390826 0.21203023 1.11654806
v 1.40145409 0.19819304 1.11659073
v 1.41181731 0.20361734 1.11676931
v 1.40726316 0.24444948 1.11627864
v 1.38987588 0.24786473 1.11617708
v 1.38664305 0.23356862 1.11683857
v 1.38183498 0.22181581 1.11669814
v 1.42485189 0.20733225 1.11614716
v 1.42300653 0.22577035 1.11627447
v 1.42343258 0.24398556 1.11598801
v 1.42562425 0.24094624 1.03006255
v 1.41261398 0.23880851 1.0293914
v 1.41489291 0.25344753 1.02988207
v 1.41700077 0.26252397 1.03126478
v 1.43033599 0.25794309 1.03142404
v 1.43416941 0.24307189 1.0313282
v 1.43143153 -0.25170832 1.0331434
v 1.42070794 -0.25877627 1.03300321
v 1.41951429 -0.25103279 1.03105652
v 1.43070757 -0.23675277 1.03112351
v 1.43636262 -0.23814527 1.03308284
v 1.41956639 -0.23656851 1.03024327
v 1.40688717 -0.19830642 1.117311
v 1.39736127 -0.19337336 1.11638891
v 1.38987982 -0.20688082 1.1162939
v 1.40506577 -0.23921534 1.11725032
v 1.42196321 -0.24132204 1.11693811
v 1.41968596 -0.22290487 1.117311
v 1.42043554 -0.20361588 1.11743021
v 1.37847054 -0.21486046 1.11625075
v 1.38309896 -0.22515375 1.11720383
v 1.38849878 -0.24029673 1.11733341
v 1.02342271 -0.2082223 1.11615812
v 1.01660478 -0.19368533 1.11638402
v 1.00730562 -0.1988002 1.11725032
v 0.99474757 -0.20261655 1.11740517
v 0.9967767 -0.22045442 1.1174103
v 0.9963808 -0.23619747 1.11728978
v 1.01146137 -0.23701024 1.11735534
v 1.03124654 -0.22651052 1.11717569
v 1.03473889 -0.21634306 1.11617434
v 1.0270487 -0.24026589 1.11728167
v 0.98256456 -0.23974169 1.0307945
v 0.99592423 -0.24003601 1.03004682
v 0.99558889 -0.25239339 1.03103208
v 0.99402308 -0.25937765 1.03282499
v 0.98229372 -0.2534773 1.03293752
v 0.97593498 -0.24083356 1.03277337
v 1.40770423 -0.19479362 1.02956426
v 1.42052197 -0.19904992 1.02990746
v 1.41856789 -0.2179842 1.02992641
v 1.40460073 -0.23637148 1.02985215
v 1.38849926 -0.2399494 1.02986681
v 1.38447749 -0.22553423 1.02956759
v 1.39099288 -0.20500423 1.03017425
v 1.39755523 -0.1899584 1.02996611
v 1.37937402 -0.21530911 1.03012406
v 1.03373038 -0.22918494 1.02959537
v 1.02927935 -0.24292679 1.0298928
v 1.01331663 -0.24020727 1.02979207
v 0.99592852 -0.22435168 1.02970981
v 1.00573039 -0.20118336 1.02961564
v 1.01527726 -0.19476617 1.03009092
v 1.02468645 -0.20981818 1.0301454
v 0.99169826 -0.20504823 1.02971637
v 1.03741014 -0.21745929 1.03001105
v 0.97746896 0.25709497 1.03215611
v 0.99196767 0.26098805 1.03210294
v 0.9937855 0.25212696 1.03070437
v 0.99586832 0.23753291 1.03003275
v 0.98289984 0.23957887 1.03065061
v 0.97488808 0.24172094 1.03209102
v 0.98411679 -0.23631942 1.11675107
v 0.9770897 -0.23853249 1.11513912
v 0.98212766 -0.25101527 1.11517858
v 0.99529981 -0.24949875 1.11682093
v 0.99296855 -0.25791302 1.11521637
v 1.43615031 -0.25727179 1.1139245
v 1.4396522 -0.24301016 1.11410856
v 1.4345529 -0.24234765 1.11603748
v 1.42272281 -0.25488904 1.11582887
v 1.42380058 -0.26194059 1.11411845
v 1.01170504 0.2382552 1.1173706
v 0.99653267 0.23995988 1.11709809
v 0.99749267 0.22128164 1.11756503
v 1.03225922 0.22480464 1.11748218
v 1.0275526 0.24052852 1.1173824
v 1.02436411 0.20619115 1.11631143
v 1.03664493 0.2148299 1.11642861
v 1.00884759 0.19772306 1.11752069
v 1.01711559 0.19308821 1.11651563
v 0.99569237 0.20248419 1.11752665
v 1.42290937 0.2567065 1.1145575
v 1.43495297 0.24285253 1.11451149
v 1.43815493 0.24357953 1.11214876
v 1.43501639 0.25703585 1.11210119
v 1.42341148 0.26254227 1.11228501
v 0.98434704 0.24134324 1.1162337
v 0.99640762 0.2537935 1.11580526
v 0.99533605 0.26009422 1.11401963
v 0.98468196 0.25533384 1.11389994
v 0.97712272 0.24261464 1.11447405
v 1.0259751 0.20432795 1.03178405
v 1.01995301 0.19090405 1.03164017
v 1.01406967 0.1937191 1.0300188
v 1.03492581 0.21739631 1.02991914
v 1.03771007 0.21057128 1.03156983
v 1.01339447 0.23289428 1.02977132
v 1.0293076 0.23339396 1.02968788
v 0.99979144 0.19962483 1.02961194
v 0.9998489 0.21830438 1.02966213
v 1.375 0.21840176 1.0292536
v 1.37993919 0.23459354 1.02910721
v 1.3960936 0.23511716 1.02914357
v 1.38475024 0.20681071 1.03106069
v 1.37266373 0.21146495 1.0308845
v 1.40938901 0.22057683 1.02912592
v 1.4095807 0.20234324 1.02899456
v 1.39551687 0.19621506 1.02922725
v 1.39016878 0.1936026 1.03089714
v 1.39269828 0.17563557 1.03080987
v 1.3919841 0.1742239 1.0330578
v 1.38996863 0.19272939 1.03310883
v 1.38484585 0.20647068 1.03317153
v 1.39870286 0.1787673 1.02909159
v 1.39956319 0.15373987 1.02907013
v 1.39332556 0.15185415 1.03079342
v 1.41109633 0.18266408 1.02891457
v 1.41180443 0.15708388 1.02883529
v 1.41113317 0.11707103 1.02882516
v 1.39883232 0.11733055 1.02911365
v 1.42333865 0.18595558 1.02937257
v 1.42366528 0.15897013 1.02929174
v 1.42324197 0.11697369 1.02924978
v 1.42272985 0.06468604 1.02937781
v 1.4104774 0.06500481 1.02894878
v 1.43317568 0.16017715 1.03069102
v 1.43307972 0.11713036 1.03061056
v 1.43288445 0.06450925 1.03069078
v 1.433115 0.00835186 1.03093254
v 1.4228686 0.0082765 1.02962291
v 1.43790721 0.11756715 1.03274357
v 1.43796742 0.06450594 1.03282094
v 1.43834435 0.00842788 1.03305602
v 1.43864035 -0.04769794 1.03334534
v 1.43373882 -0.04794046 1.03119289
v 1.43926227 0.06459607 1.03521704
v 1.43962049 0.00850964 1.03545939
v 1.43993127 -0.04754535 1.03575956
v 1.44021451 -0.10148466 1.03586208
v 1.43897783 -0.10141155 1.03344214
v 1.43974506 0.00858147 1.03795325
v 1.44013953 -0.0474639 1.03834033
v 1.44038152 -0.101665 1.03838014
v 1.44040954 -0.14978148 1.03847849
v 1.44020128 -0.14944411 1.03579103
v 1.44013488 -0.0474473 1.04200434
v 1.44036436 -0.1021559 1.04219639
v 1.44039475 -0.15008294 1.04215014
v 1.44046974 -0.18524211 1.04204487
v 1.44047629 -0.18345904 1.03847479
v 1.44030606 -0.10297427 1.04759943
v 1.44032347 -0.1513222 1.0476402
v 1.44040703 -0.18621584 1.04758203
v 1.44046998 -0.21136112 1.0474832
v 1.44050836 -0.20908203 1.04217922
v 1.4403038 -0.15324246 1.05551993
v 1.44038438 -0.1878187 1.05556929
v 1.44044482 -0.21295712 1.05555176
v 1.44029533 -0.22970281 1.05553889
v 1.44037473 -0.22745467 1.04737103
v 1.4403938 -0.18928934 1.06528925
v 1.440485 -0.21396227 1.06525516
v 1.4404459 -0.23092176 1.06523406
v 1.43946445 -0.24515815 1.06521511
v 1.43918716 -0.24422344 1.05552363
v 1.44046771 -0.21385853 1.07515204
v 1.44034767 -0.23062677 1.07510995
v 1.43926954 -0.24526344 1.07507991
v 1.43563699 -0.25769874 1.07506322
v 1.43577158 -0.25747028 1.06520366
v 1.44043004 -0.23000158 1.08506
v 1.43950235 -0.24502199 1.08503544
v 1.43553304 -0.25770917 1.08501541
v 1.42526269 -0.26359018 1.085011
v 1.42563748 -0.26326346 1.0750612
v 1.43919789 -0.2450989 1.09449613
v 1.43548464 -0.25801432 1.09447944
v 1.42505216 -0.26353266 1.09447062
v 1.41227889 -0.26500585 1.09447062
v 1.4126811 -0.26507711 1.08500945
v 1.43543648 -0.25793567 1.10187268
v 1.42436957 -0.26397898 1.10186171
v 1.41135609 -0.26517275 1.10185885
v 1.39730167 -0.26525411 1.10185694
v 1.3976711 -0.26517203 1.09447944
v 1.42407333 -0.26406052 1.10615754
v 1.4108026 -0.26523697 1.10631787
v 1.39624345 -0.26537177 1.1064943
v 1.37638306 -0.26528281 1.1067264
v 1.37710583 -0.26516968 1.10176467
v 1.4108026 -0.2653284 1.10966277
v 1.39503336 -0.26537573 1.10976016
v 1.37507009 -0.26526016 1.10977089
v 1.34733295 -0.26516696 1.10985672
v 1.34780025 -0.26518863 1.10670483
v 1.3938781 -0.26490956 1.11223912
v 1.37390136 -0.26485019 1.11225473
v 1.34673488 -0.26476821 1.1123296
v 1.30568063 -0.26483792 1.11238646
v 1.30591106 -0.26519548 1.10988819
v 1.37328195 -0.26225993 1.11455774
v 1.34604942 -0.26258012 1.11464071
v 1.30557966 -0.26243957 1.11469543
v 1.25830078 -0.26189231 1.11466622
v 1.25822401 -0.26454323 1.11233103
v 1.34537828 -0.2549802 1.1164689
v 1.30572438 -0.25488692 1.11659693
v 1.25855135 -0.25411382 1.11656272
v 1.20878434 -0.25330004 1.1164689
v 1.20865249 -0.26131096 1.11454296
v 1.30610418 -0.24273222 1.11758053
v 1.25919902 -0.24162864 1.11753225
v 1.20908939 -0.24070775 1.11748313
v 1.15898966 -0.24076347 1.11742925
v 1.15918576 -0.25325626 1.11640918
v 1.26000547 -0.22771489 1.11749923
v 1.20936799 -0.22669024 1.11752069
v 1.15873348 -0.22682768 1.11751472
v 1.11140143 -0.22786338 1.11753475
v 1.1119318 -0.24166049 1.11744582
v 1.20962023 -0.21552674 1.11630439
v 1.15844273 -0.21567162 1.11630916
v 1.1109128 -0.21645318 1.11641168
v 1.07508146 -0.21848554 1.11636555
v 1.07377994 -0.22985424 1.11747956
v 1.1581285 -0.21220994 1.11405789
v 1.11074256 -0.21238113 1.11419975
v 1.07723283 -0.2130638 1.11429214
v 1.05422353 -0.21297614 1.1143552
v 1.0515505 -0.21914948 1.11626303
v 1.11061966 -0.2121229 1.111804
v 1.07812488 -0.21232478 1.11196053
v 1.05514919 -0.21195197 1.11213362
v 1.03841006 -0.20983596 1.11212277
v 1.0374515 -0.21060264 1.11440682
v 1.07858514 -0.21231645 1.10950338
v 1.0564121 -0.21217872 1.10948634
v 1.03930413 -0.21039931 1.10939633
v 1.02525043 -0.20483242 1.10940682
v 1.02578401 -0.20393762 1.11213541
v 1.05763316 -0.21238164 1.10611975
v 1.04015851 -0.21092566 1.10612952
v 1.02524495 -0.20525015 1.10612022
v 1.01984453 -0.18871493 1.10611164
v 1.01990699 -0.18914501 1.10941934
v 1.04073321 -0.21115391 1.10185694
v 1.02571415 -0.20513357 1.1018536
v 1.01990294 -0.18858793 1.1018418
v 1.01840555 -0.16881008 1.1018182
v 1.01845145 -0.16910034 1.10614466
v 1.02638948 -0.20478457 1.09491801
v 1.01997494 -0.18875265 1.09495151
v 1.01837205 -0.16873022 1.09502816
v 1.01824653 -0.14391285 1.09510529
v 1.01826608 -0.14482151 1.10180413
v 1.01994061 -0.18857868 1.08566057
v 1.01839888 -0.16824029 1.08567619
v 1.01825594 -0.14290095 1.08569991
v 1.01836526 -0.11021839 1.0857172
v 1.01836228 -0.11063621 1.09522771
v 1.01828563 -0.16752181 1.07571315
v 1.0182358 -0.14287009 1.07572519
v 1.01836991 -0.1101812 1.07575416
v 1.01845407 -0.06164414 1.07579076
v 1.01845097 -0.06183999 1.08574414
v 1.01824164 -0.14256231 1.06572008
v 1.01837587 -0.10992148 1.06577253
v 1.0184549 -0.06160969 1.06583261
v 1.01845538 -0.00048276 1.0658766
v 1.01845538 -0.00062209 1.07582175
v 1.01837682 -0.10952249 1.05593705
v 1.01845336 -0.06145052 1.05600142
v 1.0184549 -0.00023006 1.05588662
v 1.01845288 0.06100756 1.05605685
v 1.01845312 0.06090214 1.06588852
v 1.01845276 -0.06103951 1.04748225
v 1.01845645 0.00007986 1.04770004
v 1.01845538 0.06128164 1.04754746
v 1.0183984 0.11016046 1.04781603
v 1.01839399 0.11051005 1.05609774
v 1.01848173 0.00024256 1.04260087
v 1.01848101 0.06075532 1.04275548
v 1.01842808 0.11062067 1.0425899
v 1.01833438 0.14422106 1.04261016
v 1.01830971 0.14370229 1.04783403
v 1.01854229 0.06007262 1.03890276
v 1.01849317 0.11067314 1.0387752
v 1.01840341 0.14450827 1.03873062
v 1.0186249 0.16813656 1.03898406
v 1.01843178 0.16780135 1.04264342
v 1.0185585 0.11084485 1.03613519
v 1.01847791 0.14476144 1.0360459
v 1.01862537 0.16941657 1.03609037
v 1.02044713 0.18860358 1.0362252
v 1.0202347 0.1877722 1.03911268
v 1.01838362 0.14578661 1.03365683
v 1.01870536 0.17073398 1.03365993
v 1.02093327 0.18953003 1.03375625
v 1.02662396 0.2037971 1.03383219
v 1.02674365 0.20381429 1.0362904
v 1.01761961 0.17228762 1.03143739
v 1.01719069 0.14713351 1.03134
v 1.00946354 0.14951042 1.0298115
v 1.01046991 0.17545114 1.02986776
v 0.99714803 0.15202891 1.02956759
v 0.99807405 0.17890377 1.02959346
v 0.98485493 0.15376721 1.02978324
v 0.98543649 0.18202824 1.02988398
v 0.98586309 0.20358528 1.02998793
v 0.98469835 0.22258737 1.03028881
v 0.9758898 0.18351863 1.03134822
v 0.97575098 0.20596317 1.03152585
v 0.9752137 0.22463439 1.03179717
v 0.97172147 0.20727348 1.03368675
v 0.97143793 0.22611752 1.03381669
v 0.97210216 0.24338118 1.03392124
v 0.9763633 0.25896948 1.03399109
v 0.97131496 0.22748477 1.03613519
v 0.97189182 0.24379305 1.03632545
v 0.97636604 0.25856149 1.03638923
v 0.98937481 0.26437404 1.03634524
v 0.99033308 0.26393929 1.03395092
v 0.97225058 0.2437542 1.03916144
v 0.97648268 0.25825423 1.0392338
v 0.98924273 0.2639532 1.03919732
v 1.00326871 0.26528689 1.03902208
v 1.00419104 0.2654446 1.03625452
v 0.97643327 0.25804263 1.04284298
v 0.98891979 0.26368266 1.04280722
v 1.00261092 0.26502436 1.04271042
v 1.01685571 0.26525396 1.0425682
v 1.01878237 0.26538246 1.03892302
v 0.98826658 0.26357537 1.04785013
v 1.00167048 0.26506099 1.04787838
v 1.01549708 0.26516374 1.04793238
v 1.03669774 0.26510527 1.04789841
v 1.03672349 0.26520407 1.04228544
v 1.00107872 0.2649261 1.05597388
v 1.0164318 0.26513552 1.05594277
v 1.03708338 0.26508089 1.05587041
v 1.06553924 0.26498854 1.05569446
v 1.0658704 0.26501202 1.04783117
v 1.01638126 0.26520291 1.06558919
v 1.03688705 0.2650974 1.06552207
v 1.06555295 0.26499199 1.06544518
v 1.10594666 0.26495659 1.0653398
v 1.10549056 0.26495578 1.0555185
v 1.03601765 0.26511567 1.07536208
v 1.06514644 0.26499363 1.07531821
v 1.10644841 0.26495662 1.0752803
v 1.15617835 0.26495772 1.07524299
v 1.15573322 0.26495763 1.06523644
v 1.06530642 0.26499161 1.08514607
v 1.10671961 0.26495653 1.08519089
v 1.15643751 0.26495692 1.08526051
v 1.20680117 0.26495701 1.08530008
v 1.20690631 0.26495772 1.07522213
v 1.10721862 0.26495882 1.09469842
v 1.1568681 0.26496127 1.09473514
v 1.20684552 0.26496264 1.09481012
v 1.25669384 0.26496589 1.09479475
v 1.2568767 0.26495671 1.08528447
v 1.15713775 0.2650367 1.10171318
v 1.20690107 0.26504516 1.10180854
v 1.25668215 0.26505926 1.10184514
v 1.30527079 0.26507112 1.10167813
v 1.30564177 0.2649655 1.09452736
v 1.20690429 0.26520207 1.10671877
v 1.25670909 0.26523435 1.10682809
v 1.3050183 0.26524061 1.106655
v 1.34631037 0.26525133 1.10662877
v 1.34635472 0.26509052 1.10157334
v 1.2567116 0.26532205 1.10990619
v 1.30472707 0.265264 1.1097728
v 1.34595918 0.26524061 1.10958969
v 1.37280964 0.26526865 1.10944867
v 1.37386596 0.26528945 1.10626828
v 1.30445492 0.26478484 1.11223971
v 1.34540486 0.26461798 1.11214721
v 1.37175178 0.26447027 1.11212766
v 1.39167976 0.26443067 1.11220192
v 1.3925122 0.26529604 1.10947704
v 1.34460353 0.26137158 1.11446511
v 1.37082684 0.26042014 1.1144917
v 1.39103305 0.25942573 1.11460626
v 1.40851926 0.2579461 1.11465323
v 1.40888667 0.26431888 1.11229276
v 1.36968576 0.25072208 1.11612343
v 1.34340834 0.25289472 1.11620092
v 1.34191346 0.2407739 1.11700415
v 1.3671447 0.23881068 1.11686265
v 1.33976745 0.22763988 1.11691129
v 1.36354863 0.22649233 1.11680769
v 1.33750248 0.21706576 1.11572682
v 1.36019957 0.21641957 1.11562609
v 1.37639927 0.21292109 1.11550962
v 1.38734865 0.20589652 1.11547911
v 1.35785949 0.21231348 1.11355328
v 1.37403154 0.20938004 1.11354017
v 1.38572657 0.20321151 1.11353123
v 1.39051771 0.19138787 1.11357522
v 1.39342415 0.19335845 1.11550676
v 1.37310183 0.20922018 1.11112499
v 1.38553118 0.2027118 1.11108946
v 1.39067566 0.19028 1.11111867
v 1.39183604 0.17265981 1.11116814
v 1.39214551 0.17393212 1.11351215
v 1.38509464 0.20307497 1.10828769
v 1.39069426 0.18894706 1.10829019
v 1.39195251 0.17097508 1.10836291
v 1.39210498 0.14803236 1.10851407
v 1.3920536 0.14929635 1.11106824
v 1.39093172 0.18862889 1.10496926
v 1.39206564 0.16999591 1.10499632
v 1.3922075 0.1474183 1.10514199
v 1.39218604 0.11725643 1.10530579
v 1.39209199 0.11706221 1.10850191
v 1.39220035 0.16965538 1.1007725
v 1.39228904 0.14674034 1.10078811
v 1.39225268 0.11667712 1.10088765
v 1.39238321 0.06806894 1.10090291
v 1.39232063 0.06781552 1.1053735
v 1.39230632 0.14655275 1.09395635
v 1.39227783 0.11592195 1.09404659
v 1.39240133 0.06859089 1.09444773
v 1.39285755 0.00790768 1.09463548
v 1.39282941 0.00797191 1.1012355
v 1.39230537 0.11530294 1.08468318
v 1.39241838 0.06887365 1.08489847
v 1.39287185 0.00791959 1.08532464
v 1.39343118 -0.05382826 1.08559036
v 1.39342248 -0.05389669 1.09507787
v 1.39244723 0.06844014 1.07500469
v 1.39289701 0.00772546 1.07532143
v 1.3934443 -0.05371413 1.07567036
v 1.39375555 -0.10580627 1.07581806
v 1.39375531 -0.10531969 1.08567333
v 1.39292836 0.00744429 1.06539106
v 1.39346635 -0.05435226 1.06576681
v 1.39375388 -0.10653717 1.06592619
v 1.39384603 -0.14096321 1.06594717
v 1.39383387 -0.13990235 1.07582545
v 1.39348304 -0.05403537 1.05597722
v 1.39374327 -0.10696519 1.05616068
v 1.39384734 -0.14102791 1.05616784
v 1.39381408 -0.1662088 1.05620658
v 1.39376699 -0.16624447 1.06598115
v 1.39373958 -0.10536859 1.04774856
v 1.39384341 -0.140227 1.04793858
v 1.39383041 -0.16539621 1.04791903
v 1.39255988 -0.18536011 1.04786491
v 1.39250803 -0.18623153 1.05623304
v 1.39382183 -0.13920022 1.04283857
v 1.39376092 -0.16427268 1.04282128
v 1.39247918 -0.18421869 1.04279196
v 1.38574802 -0.20040762 1.04280138
v 1.38613569 -0.20178915 1.04783403
v 1.39365756 -0.16415341 1.03924715
v 1.39208972 -0.18371783 1.03931605
v 1.3854779 -0.19903288 1.03928923
v 1.37298846 -0.20868746 1.03932142
v 1.37296879 -0.21006356 1.04280567
v 1.39175057 -0.18400056 1.03636276
v 1.38544631 -0.19864742 1.03638923
v 1.37370669 -0.207842 1.03638923
v 1.3575735 -0.21151092 1.03627049
v 1.3563193 -0.21173626 1.0392636
v 1.3857094 -0.19932447 1.03388392
v 1.37462902 -0.20787073 1.03388392
v 1.35845696 -0.21159322 1.03390634
v 1.33665144 -0.21226148 1.03397822
v 1.33580255 -0.21214035 1.03632915
v 1.37606763 -0.20946852 1.0317794
v 1.35974216 -0.21289368 1.03171312
v 1.33750355 -0.21348613 1.03169441
v 1.30618667 -0.21324054 1.03177273
v 1.30627822 -0.21210511 1.034101
v 1.36260652 -0.21964356 1.03003108
v 1.33947217 -0.22116775 1.02997839
v 1.30607509 -0.22128605 1.03003549
v 1.26075172 -0.22232043 1.03013575
v 1.26128768 -0.21371477 1.03187155
v 1.34170496 -0.23398715 1.02953767
v 1.30608439 -0.23476031 1.0295372
v 1.26047086 -0.23555025 1.0295372
v 1.21083176 -0.23599569 1.02954006
v 1.21092402 -0.2225901 1.03013575
v 1.30623841 -0.24831479 1.02992641
v 1.26030194 -0.24911581 1.02992641
v 1.21079766 -0.24980041 1.02985167
v 1.16090977 -0.24923966 1.02989554
v 1.16096746 -0.23546254 1.02955424
v 1.26015925 -0.25995111 1.03131783
v 1.21075773 -0.26089152 1.03121447
v 1.16085648 -0.26049047 1.03120029
v 1.11374902 -0.2587448 1.03122234
v 1.11393618 -0.24774663 1.02989232
v 1.21065044 -0.26476267 1.03345739
v 1.16104972 -0.26461815 1.03341424
v 1.11378216 -0.26399287 1.03335464
v 1.07301008 -0.26335746 1.03323495
v 1.07379674 -0.25729027 1.0312339
v 1.16109073 -0.26518976 1.03581833
v 1.11362993 -0.26508256 1.03574073
v 1.0721929 -0.26488289 1.03561222
v 1.04440748 -0.26499217 1.03542268
v 1.0453087 -0.26289531 1.03306829
v 1.11345493 -0.26517218 1.03824496
v 1.07151567 -0.26515606 1.03824222
v 1.04269945 -0.26525682 1.03809487
v 1.0221765 -0.26531478 1.03793048
v 1.02385652 -0.26507538 1.03520417
v 1.07107138 -0.26512894 1.04174602
v 1.04073071 -0.26523584 1.04168593
v 1.01993572 -0.2652786 1.04186499
v 1.00519943 -0.26481407 1.04196953
v 1.0060594 -0.26505154 1.03798258
v 1.03932356 -0.26513478 1.04729497
v 1.01838576 -0.26517498 1.0471915
v 1.00393581 -0.26501131 1.04714584
v 0.99072086 -0.26324185 1.04710149
v 0.99182546 -0.26255843 1.04198527
v 1.0175178 -0.26504251 1.05528521
v 1.00334847 -0.26460418 1.05528521
v 0.99066168 -0.26209357 1.0552721
v 0.98025202 -0.25500583 1.05526542
v 0.97961086 -0.2562381 1.04705297
v 1.00242781 -0.26443657 1.06481194
v 0.98994547 -0.26163274 1.06478512
v 0.97997623 -0.25449323 1.0647695
v 0.97387206 -0.24310897 1.0647639
v 0.97401624 -0.24317383 1.05522501
v 0.98802769 -0.26191601 1.0745691
v 0.97775232 -0.25627878 1.07453453
v 0.97291064 -0.24503265 1.07455349
v 0.97179609 -0.23110602 1.07459175
v 0.97201299 -0.22892794 1.0647695
v 0.97715288 -0.25705415 1.08445656
v 0.97262096 -0.24529844 1.08446431
v 0.97173345 -0.23126068 1.08448875
v 0.9716435 -0.21577653 1.08453035
v 0.9716615 -0.21456241 1.07464397
v 0.97266465 -0.24471098 1.09390676
v 0.97179693 -0.23028235 1.0939424
v 0.97168296 -0.21468463 1.09398734
v 0.97174471 -0.19376765 1.0940721
v 0.97172832 -0.19445598 1.08459234
v 0.97168445 -0.22924767 1.10153675
v 0.97163784 -0.21375837 1.10142612
v 0.97170025 -0.19153221 1.10137832
v 0.97177028 -0.15953789 1.10143137
v 0.97184246 -0.16085974 1.09422719
v 0.9715771 -0.21047583 1.10648322
v 0.97159421 -0.18832077 1.10670375
v 0.97163373 -0.15816143 1.10677039
v 0.97164088 -0.11361537 1.10676991
v 0.9717921 -0.11491545 1.10157227
v 0.97154587 -0.18598109 1.10990297
v 0.97157818 -0.15748535 1.10989487
v 0.97159868 -0.11294006 1.10986602
v 0.97161805 -0.05855495 1.10989022
v 0.97163629 -0.05872183 1.10679519
v 0.97179538 -0.15647915 1.11243379
v 0.97192537 -0.11228962 1.11237442
v 0.97202414 -0.05844547 1.11236476
v 0.97186178 -0.00193843 1.11243581
v 0.9715839 -0.00197199 1.10994935
v 0.97415542 -0.11170424 1.11470735
v 0.9745025 -0.05840512 1.11468505
v 0.97445374 -0.00190701 1.11475074
v 0.97451508 0.05469114 1.11478245
v 0.97190201 0.05458993 1.112486
v 0.9816792 -0.05845563 1.11655056
v 0.98171538 -0.00184348 1.11660826
v 0.98189961 0.05485409 1.11660826
v 0.98184084 0.10833402 1.1165775
v 0.97477221 0.10844387 1.11473751
v 0.99274849 -0.00178642 1.11759853
v 0.99285322 0.05511712 1.1175872
v 0.99267792 0.10837897 1.1175673
v 0.9925642 0.15242143 1.11749184
v 0.98214614 0.15348053 1.11651933
v 1.00511157 0.05548353 1.11752021
v 1.00479412 0.10849783 1.11753845
v 1.00415551 0.15060785 1.11751008
v 1.00485825 0.17812727 1.1175096
v 0.99349832 0.18111199 1.11752665
v 1.01522111 0.1087551 1.11645841
v 1.01435971 0.1486704 1.116544
v 1.01447796 0.17416976 1.11657524
v 1.01803278 0.14635489 1.11439883
v 1.01827168 0.17135076 1.11455822
v 1.02106595 0.18963751 1.11455822
v 1.02767336 0.20232662 1.11451375
v 1.01895105 0.16954663 1.11226546
v 1.02152037 0.1880033 1.11223912
v 1.02856481 0.20122611 1.11222577
v 1.04034924 0.20907531 1.11220777
v 1.03924298 0.21001598 1.11455404
v 1.02125036 0.18678852 1.10949575
v 1.02799081 0.20149512 1.1094942
v 1.04121875 0.20915514 1.10941183
v 1.05773115 0.21185739 1.10944283
v 1.05676055 0.21175716 1.11220037
v 1.02678132 0.20249792 1.10624396
v 1.04109573 0.21018862 1.10613536
v 1.05848097 0.21214583 1.10607576
v 1.079391 0.21231603 1.10616183
v 1.07900941 0.21219894 1.10944473
v 1.04074263 0.21040293 1.10197663
v 1.05829501 0.21233256 1.10185694
v 1.07954514 0.21242417 1.10170698
v 1.10939347 0.21230329 1.10167717
v 1.10930454 0.21221044 1.10611069
v 1.05726933 0.21240279 1.09509396
v 1.07925736 0.21245563 1.09503436
v 1.10906815 0.2123308 1.09501814
v 1.15160524 0.21226529 1.09513974
v 1.15267777 0.21223329 1.10166227
v 1.07854676 0.21243292 1.08575761
v 1.10771083 0.21232825 1.08574414
v 1.15101718 0.2122619 1.08571565
v 1.20551455 0.21226123 1.08573341
v 1.20601069 0.21226429 1.09521389
v 1.10747087 0.21232549 1.07587289
v 1.1509217 0.21226292 1.075845
v 1.20500183 0.21226124 1.075845
v 1.25884974 0.21225908 1.07562506
v 1.25956857 0.21225847 1.08550036
v 1.150882 0.21226203 1.06587803
v 1.20481824 0.21226121 1.06588494
v 1.25859141 0.21226105 1.06573343
v 1.30219376 0.21232809 1.06549608
v 1.30244171 0.21232426 1.07532298
v 1.20475196 0.21226142 1.05588114
v 1.25857698 0.21226158 1.0559473
v 1.30193102 0.2123302 1.0557481
v 1.3307029 0.21245387 1.05564653
v 1.33111727 0.21245922 1.06535196
v 1.25854694 0.2122633 1.04727208
v 1.3019967 0.2123309 1.04728305
v 1.33082258 0.21245278 1.0473231
v 1.35209739 0.21236372 1.04730093
v 1.35199391 0.21238668 1.05561006
v 1.30226302 0.21232193 1.04210007
v 1.33167529 0.21244038 1.04202199
v 1.35254538 0.21237649 1.0420562
v 1.36966085 0.21100251 1.0421288
v 1.36940026 0.21120543 1.04727065
v 1.33213281 0.21238169 1.03821611
v 1.35336375 0.21220088 1.03843438
v 1.37010383 0.21077251 1.03858888
v 1.38454151 0.20609915 1.03864479
v 1.38407635 0.2056003 1.04215169
v 1.35449409 0.21209371 1.03559649
v 1.37093651 0.21065902 1.03565478
v 1.38480758 0.20636013 1.0357244
v 1.39039552 0.19162458 1.03563165
v 1.39048552 0.19058556 1.03854811
v 1.37171196 0.21063326 1.0331192
v 1.35510611 0.21212706 1.03310442
v 1.35665011 0.21335193 1.03079199
v 1.33306193 0.21235227 1.03317344
v 1.33479428 0.21339838 1.0307964
v 1.33756589 0.22230063 1.02927088
v 1.35923516 0.22149591 1.02919971
v 1.33937227 0.23661443 1.02915501
v 1.36230552 0.23609094 1.02911078
v 1.34079551 0.25063774 1.02953207
v 1.36516881 0.25057315 1.02949082
v 1.38345146 0.25013893 1.02957546
v 1.39976167 0.25167042 1.02969563
v 1.36635017 0.26227438 1.03086066
v 1.38541424 0.2627345 1.03089046
v 1.40183341 0.262997 1.03104293
v 1.38673925 0.26514655 1.03315901
v 1.40341794 0.26523846 1.03312921
v 1.41851353 0.26437899 1.0331645
v 1.43247461 0.25976979 1.03316521
v 1.40489482 0.26547855 1.035393
v 1.41954135 0.26479417 1.03546321
v 1.43330204 0.26046741 1.03548169
v 1.43884742 0.24613174 1.03548944
v 1.43786084 0.2451395 1.03313374
v 1.42044603 0.26455187 1.03826773
v 1.43376636 0.26062256 1.0383104
v 1.438748 0.24647268 1.03832256
v 1.43954706 0.23070246 1.03820693
v 1.4395647 0.2298239 1.03542184
v 1.43404996 0.26058644 1.04199111
v 1.43851435 0.24668562 1.04196929
v 1.43936085 0.23136884 1.04194748
v 1.43941915 0.21518765 1.04181289
v 1.43950045 0.21339394 1.03797102
v 1.4385941 0.24733221 1.0473026
v 1.43934977 0.23259353 1.04724013
v 1.43934166 0.21721985 1.04721152
v 1.43918454 0.19570143 1.04710865
v 1.43929314 0.19453799 1.04158186
v 1.4393053 0.23428119 1.05540704
v 1.43930113 0.21799534 1.05528259
v 1.43912398 0.19636608 1.05513417
v 1.43895161 0.16530513 1.05496859
v 1.43902134 0.16459186 1.0469731
v 1.4392997 0.21867263 1.06492471
v 1.43910265 0.19721341 1.06481027
v 1.43891096 0.16559585 1.06467247
v 1.43887209 0.12163545 1.06457197
v 1.43891418 0.12220469 1.05475771
v 1.43907702 0.19693405 1.07466411
v 1.43887281 0.16495749 1.0745629
v 1.43883609 0.1209669 1.07449901
v 1.43905043 0.06539191 1.07456457
v 1.43908131 0.06595134 1.06459701
v 1.43884503 0.16397228 1.08445847
v 1.43880724 0.12056864 1.08444547
v 1.43902385 0.06513072 1.08456182
v 1.43945741 0.00829311 1.08485269
v 1.43948185 0.0082056 1.07484018
v 1.43879294 0.12072813 1.09399199
v 1.43901062 0.0648984 1.09403657
v 1.43944358 0.00851691 1.0943228
v 1.43995857 -0.04792161 1.09472072
v 1.43997073 -0.04846095 1.08526575
v 1.43906569 0.0647885 1.10103488
v 1.4394921 0.00867931 1.1013031
v 1.44000124 -0.04756484 1.10166299
v 1.44032371 -0.10319015 1.10183489
v 1.44027888 -0.10398859 1.09494733
v 1.43959736 0.00880375 1.10624623
v 1.44009745 -0.04736065 1.10648739
v 1.44042456 -0.10255023 1.10667324
v 1.44042933 -0.1521421 1.10662913
v 1.44033145 -0.15309052 1.1019212
v 1.44013714 -0.04727556 1.10974347
v 1.44050431 -0.10221477 1.10988819
v 1.44049191 -0.15160425 1.1097989
v 1.44054234 -0.18722872 1.10974311
v 1.44049608 -0.18779325 1.10660469
v 1.44044363 -0.10208386 1.11234295
v 1.44039642 -0.15106551 1.11228776
v 1.44041621 -0.18581669 1.11223912
v 1.4405663 -0.20835027 1.11221504
v 1.44065511 -0.20948225 1.10970437
v 1.43939697 -0.15057262 1.11466217
v 1.43925178 -0.18448354 1.1146183
v 1.43945109 -0.20742365 1.11457383
v 1.43988716 -0.2265587 1.11442303
v 1.44080328 -0.22740225 1.11217904
v 1.43361437 -0.18347589 1.11663758
v 1.43296909 -0.20645588 1.11654865
v 1.43371391 -0.22556152 1.11639881
v 1.42233467 -0.18086023 1.11750543
v 1.43432855 -0.15014269 1.1167128
v 1.42325925 -0.14908975 1.11756503
v 1.41117429 -0.14751176 1.11758053
v 1.41050028 -0.17743182 1.11745464
v 1.40025663 -0.14599342 1.11664938
v 1.40020954 -0.17363496 1.11653494
v 1.39464902 -0.14338983 1.11463391
v 1.39423024 -0.16991178 1.11465656
v 1.39213895 -0.18929019 1.11463344
v 1.38572847 -0.20182243 1.11460256
v 1.39311957 -0.16856519 1.11238873
v 1.39076066 -0.18709681 1.11234319
v 1.38517534 -0.20129287 1.11226642
v 1.37399208 -0.20883566 1.11218941
v 1.37462234 -0.20920157 1.11449539
v 1.39160299 -0.1864739 1.10961794
v 1.38596034 -0.20190382 1.10959088
v 1.37322258 -0.20957137 1.10948681
v 1.35707879 -0.21175207 1.1095246
v 1.35784781 -0.21176767 1.11209011
v 1.38612878 -0.20198497 1.10626208
v 1.37289643 -0.20982156 1.10617601
v 1.35608172 -0.21202753 1.10606563
v 1.33489632 -0.21228432 1.1061213
v 1.33535003 -0.21218772 1.1094166
v 1.37304282 -0.21058951 1.10180413
v 1.355888 -0.21221934 1.10175037
v 1.33467781 -0.2123752 1.10173487
v 1.30644142 -0.21230381 1.10187804
v 1.30670845 -0.21224023 1.10612022
v 1.35615027 -0.21225762 1.09485781
v 1.33511042 -0.21241247 1.09499585
v 1.30666315 -0.21233737 1.09512698
v 1.2651577 -0.21226707 1.09540808
v 1.2640264 -0.21224285 1.10206234
v 1.33536028 -0.21238605 1.08568334
v 1.30769348 -0.21234117 1.0857172
v 1.26475155 -0.21226553 1.08579015
v 1.2105453 -0.21226073 1.08589339
v 1.21041512 -0.21226231 1.09541451
v 1.30773592 -0.21233932 1.07586813
v 1.26492595 -0.21226544 1.07585585
v 1.21077156 -0.21226076 1.07582306
v 1.15641152 -0.212261 1.07579624
v 1.15613579 -0.21226143 1.08582663
v 1.26579797 -0.21226352 1.06590843
v 1.21133625 -0.21226081 1.06584739
v 1.15652263 -0.212261 1.06581747
v 1.11027658 -0.21235731 1.06577444
v 1.11023175 -0.21235592 1.0757513
v 1.21156454 -0.2122619 1.05597579
v 1.15674829 -0.21226289 1.05600333
v 1.11056768 -0.21235115 1.05600333
v 1.08040845 -0.21250939 1.05596971
v 1.08036494 -0.21251274 1.06572806
v 1.15755629 -0.21225413 1.04774558
v 1.11067915 -0.21235014 1.04761004
v 1.08111035 -0.21251249 1.04775643
v 1.05896389 -0.21242274 1.04775691
v 1.05837416 -0.21240508 1.05594742
v 1.11176657 -0.21229766 1.04274749
v 1.0811373 -0.21245892 1.04270398
v 1.05968797 -0.21241779 1.04271042
v 1.04216074 -0.21005442 1.04270398
v 1.04132807 -0.21039447 1.04771482
v 1.08135342 -0.21234491 1.03906071
v 1.05971384 -0.21205 1.0391165
v 1.04244315 -0.2095081 1.03919732
v 1.02863073 -0.20179353 1.03917193
v 1.02770412 -0.20201966 1.04270064
v 1.0593512 -0.2117225 1.03618085
v 1.04253304 -0.20882207 1.03620719
v 1.02999103 -0.20157617 1.03622198
v 1.02241075 -0.1878692 1.03618085
v 1.02095854 -0.18718335 1.03914248
v 1.04207265 -0.20929202 1.03368818
v 1.03044939 -0.20160102 1.03370785
v 1.02244246 -0.1888957 1.03374111
v 1.01903176 -0.16995383 1.03376662
v 1.01918351 -0.16858367 1.0361793
v 1.02883207 -0.20391814 1.03165125
v 1.02132225 -0.19054155 1.03163278
v 1.0180794 -0.17150539 1.03155708
v 1.01747345 -0.14651376 1.03154087
v 1.01852834 -0.14475019 1.03382897
v 1.01102411 -0.1749714 1.03000283
v 1.00994551 -0.14849749 1.02995622
v 1.0106318 -0.10889126 1.02988207
v 1.01803159 -0.10906678 1.03149747
v 0.99995839 -0.17907908 1.02960622
v 0.99831664 -0.15073426 1.02958512
v 0.99838173 -0.10852884 1.02958333
v 0.99848187 -0.05586581 1.02957356
v 1.01081407 -0.0563557 1.02984929
v 0.98642045 -0.15233925 1.02973246
v 0.98607349 -0.10829666 1.02976155
v 0.98602449 -0.05547446 1.02977132
v 0.98601061 0.00084474 1.02982139
v 0.99837541 0.0008098 1.02957403
v 0.97604483 -0.10828597 1.03101265
v 0.9759038 -0.05517216 1.03108108
v 0.9762935 0.0008857 1.03119647
v 0.97583442 0.05703896 1.03118264
v 0.9856866 0.05727854 1.02982139
v 0.97211694 -0.0550923 1.03331911
v 0.9723947 0.00087703 1.03339815
v 0.97215747 0.05697238 1.03340113
v 0.97209411 0.11045789 1.03341138
v 0.97568035 0.11020968 1.03121185
v 0.9717915 0.0008725 1.0358355
v 0.97173911 0.05696131 1.03579151
v 0.97172921 0.11087824 1.03579056
v 0.97169244 0.1560819 1.03586673
v 0.97195065 0.15544346 1.03345394
v 0.97171872 0.05699005 1.03825974
v 0.97172164 0.11144427 1.0384556
v 0.97169798 0.15660275 1.03845381
v 0.9716162 0.18694473 1.03848421
v 0.97162115 0.18555814 1.03593146
v 0.97179496 0.11228167 1.042328
v 0.97177189 0.15741226 1.0423814
v 0.97169321 0.18884471 1.0424155
v 0.97163236 0.21222284 1.04254055
v 0.97151845 0.21058951 1.03866159
v 0.97183561 0.15812218 1.04741692
v 0.97175556 0.19024276 1.04757964
v 0.9716863 0.21367356 1.04777908
v 0.97171467 0.22926254 1.04778957
v 0.97172701 0.22849775 1.04266977
v 0.97176039 0.19138173 1.05571854
v 0.97169989 0.21386924 1.05583775
v 0.97180324 0.23016913 1.05590283
v 0.97256279 0.24473217 1.05595755
v 0.97215706 0.24425627 1.04781138
v 0.97165739 0.21489603 1.06554317
v 0.97172564 0.23062379 1.06560707
v 0.972947 0.24494724 1.06566524
v 0.97782212 0.25718006 1.06569778
v 0.97646188 0.25760155 1.05599141
v 0.97192359 0.23043069 1.07536208
v 0.97365808 0.24468392 1.07539022
v 0.97925639 0.2566128 1.07540559
v 0.9896118 0.26344832 1.07540834
v 0.98834395 0.26357221 1.06567657
v 0.97342234 0.24496452 1.08498168
v 0.97909915 0.25715404 1.08500325
v 0.98978537 0.26388192 1.08502459
v 1.00282466 0.26510587 1.08504676
v 1.00255966 0.26507675 1.07540512
v 0.9797061 0.25679844 1.09431505
v 0.99026405 0.2637152 1.09434688
v 1.00341785 0.26502567 1.09437739
v 1.0181148 0.26516279 1.09441196
v 1.01706552 0.26520386 1.08507263
v 0.99136871 0.26375907 1.10162472
v 1.00476765 0.26509705 1.10155868
v 1.01909101 0.26519572 1.10146772
v 1.03924024 0.26512548 1.10141551
v 1.03759682 0.26508802 1.09446787
v 1.00624358 0.26509192 1.10600054
v 1.02128458 0.26528266 1.10612022
v 1.04082191 0.26524022 1.10631787
v 1.06901168 0.26516822 1.10641765
v 1.06808626 0.2650378 1.10143792
v 1.02275776 0.26527845 1.10956251
v 1.04228675 0.26530164 1.10958373
v 1.06905639 0.26526418 1.10965001
v 1.1097368 0.26523584 1.10971629
v 1.10924673 0.26515525 1.10644996
v 1.04335832 0.26504114 1.11211252
v 1.06958246 0.26514539 1.11213469
v 1.1100434 0.26502731 1.11215686
v 1.15725994 0.26514363 1.1122334
v 1.15728354 0.2652854 1.10978519
v 1.07013058 0.26354092 1.11449861
v 1.11023688 0.26328781 1.11450004
v 1.15716135 0.2632595 1.11457717
v 1.20678639 0.26307562 1.1147083
v 1.20683872 0.26505187 1.11236476
v 1.11032521 0.25621387 1.11646533
v 1.15698134 0.25570693 1.11653137
v 1.20671308 0.25529182 1.11661887
v 1.25692403 0.25501689 1.11661469
v 1.25680434 0.263094 1.114748
v 1.1567167 0.24316385 1.11753141
v 1.20671308 0.24270698 1.11757016
v 1.25693321 0.24225045 1.11749243
v 1.30382084 0.24137182 1.11723089
v 1.30406045 0.25374636 1.11633086
v 1.20664167 0.22876085 1.11744535
v 1.25702416 0.22827255 1.11731183
v 1.3037182 0.22759389 1.11710012
v 1.25722193 0.21677203 1.11602532
v 1.30360746 0.21664412 1.11584055
v 1.25765895 0.21227656 1.11380493
v 1.30363726 0.2123731 1.1136409
v 1.33575487 0.21278277 1.11357104
v 1.30353725 0.21208186 1.11125075
v 1.33447861 0.21224093 1.11121237
v 1.35664629 0.21189445 1.11116647
v 1.33378744 0.21226561 1.10868203
v 1.35531508 0.21189056 1.1084783
v 1.37201607 0.20964384 1.1083306
v 1.35421454 0.2122422 1.10512685
v 1.3710376 0.210158 1.10502934
v 1.38482499 0.20320653 1.10497582
v 1.37053573 0.21108834 1.10091745
v 1.38479125 0.20395919 1.1008619
v 1.3910669 0.1887556 1.10081255
v 1.38441276 0.2045578 1.09411358
v 1.39087665 0.18938998 1.09402167
v 1.39215958 0.17005737 1.09396815
v 1.39070546 0.18969409 1.08461689
v 1.39212691 0.17040087 1.08458983
v 1.39233672 0.14684948 1.08461046
v 1.39213538 0.17085839 1.07477867
v 1.39237058 0.14717444 1.0747931
v 1.39234101 0.11557887 1.07484269
v 1.3924123 0.14750209 1.06503605
v 1.39237952 0.11557147 1.06503033
v 1.39248311 0.06822069 1.06512153
v 1.39242124 0.11608047 1.05529475
v 1.39252317 0.0681249 1.05532825
v 1.39296078 0.00765141 1.05545806
v 1.39257061 0.06811208 1.0468508
v 1.39299106 0.00785336 1.0473876
v 1.39349985 -0.05334638 1.04747545
v 1.39299881 0.00796226 1.04255998
v 1.39349508 -0.05267078 1.04285919
v 1.39373123 -0.10451062 1.04288661
v 1.39346253 -0.05174027 1.03920626
v 1.39369058 -0.10403033 1.03917419
v 1.39376771 -0.13925376 1.03915906
v 1.39363229 -0.10380634 1.0365349
v 1.39369881 -0.13957779 1.03631591
v 1.3935424 -0.16465894 1.03627145
v 1.39366161 -0.14037665 1.03396177
v 1.39347577 -0.16543813 1.03387153
v 1.39144516 -0.18489405 1.03384673
v 1.39409363 -0.16705979 1.03160595
v 1.39261019 -0.18644882 1.0316919
v 1.38684344 -0.20084705 1.03173685
v 1.39984476 -0.17040361 1.02988207
v 1.39414823 -0.14184503 1.03162145
v 1.39986336 -0.14413648 1.02987802
v 1.41188049 -0.14586734 1.02957868
v 1.41112029 -0.17413379 1.02956759
v 1.42372882 -0.1471326 1.02996325
v 1.42261982 -0.17712636 1.02992641
v 1.43368971 -0.14814576 1.03122782
v 1.43288707 -0.17910407 1.0311526
v 1.43162083 -0.20141233 1.03111565
v 1.43122351 -0.22018337 1.03105747
v 1.43852472 -0.18078759 1.03326273
v 1.43839335 -0.20300357 1.03316688
v 1.43787431 -0.22186246 1.0330677
v 1.44021892 -0.20466892 1.03564143
v 1.44005847 -0.22336055 1.035488
v 1.43830657 -0.23933446 1.03549218
v 1.43290364 -0.25316852 1.03549873
v 1.44035649 -0.22438621 1.03848898
v 1.43867611 -0.23997046 1.03853046
v 1.43292939 -0.25332188 1.03854429
v 1.42235875 -0.26193141 1.0384556
v 1.42180132 -0.26121747 1.03542172
v 1.43887567 -0.24076232 1.04221594
v 1.43340337 -0.25381627 1.04222869
v 1.42314076 -0.26216185 1.04219269
v 1.41008234 -0.264923 1.04216516
v 1.40922832 -0.26499062 1.03840196
v 1.43487751 -0.2552416 1.04725062
v 1.42455363 -0.26256638 1.04729819
v 1.41160702 -0.26490712 1.04738366
v 1.39639687 -0.2651669 1.0474981
v 1.39509153 -0.26528704 1.04215061
v 1.42594921 -0.26306545 1.05552363
v 1.4134258 -0.26490104 1.05553937
v 1.39840018 -0.26515954 1.0555545
v 1.37783241 -0.26509583 1.05556237
v 1.37634849 -0.26512721 1.0476576
v 1.41371882 -0.26509884 1.06519293
v 1.39891016 -0.26520505 1.06519293
v 1.37944448 -0.26510936 1.06519293
v 1.35003209 -0.26499036 1.0652008
v 1.34930634 -0.26499632 1.05549824
v 1.39889526 -0.26517754 1.07507789
v 1.3790971 -0.26510423 1.07509791
v 1.35009634 -0.26499563 1.07512283
v 1.3087728 -0.26495677 1.07514274
v 1.30879426 -0.26495641 1.06518185
v 1.37753164 -0.26509395 1.08503544
v 1.35003757 -0.26498872 1.08508002
v 1.30846107 -0.26495605 1.08514607
v 1.25906765 -0.26495632 1.08514702
v 1.25949156 -0.26495748 1.07515347
v 1.34999918 -0.26500526 1.09463
v 1.30789732 -0.26497057 1.09469103
v 1.25851821 -0.26497709 1.0945841
v 1.20849895 -0.2649846 1.09442317
v 1.20868766 -0.26495632 1.08505606
v 1.30704093 -0.26507037 1.10162282
v 1.25827157 -0.26509329 1.10158455
v 1.20852613 -0.26512247 1.10139334
v 1.15856635 -0.26511684 1.1013292
v 1.1581074 -0.26498448 1.09433162
v 1.25813746 -0.26521995 1.10653865
v 1.2085452 -0.26525843 1.10646152
v 1.15889442 -0.26524129 1.10624265
v 1.11044871 -0.26522839 1.10641241
v 1.10935902 -0.26509875 1.10134708
v 1.208534 -0.26519709 1.10959231
v 1.15910339 -0.2651503 1.10963809
v 1.1111449 -0.26519238 1.10965001
v 1.06956541 -0.265219 1.10973978
v 1.0686866 -0.26522517 1.10644996
v 1.15920436 -0.2642925 1.11213696
v 1.11159563 -0.26466408 1.11218142
v 1.07052266 -0.26484561 1.1122694
v 1.04251718 -0.26505634 1.1123296
v 1.04099369 -0.2653256 1.10971081
v 1.11207413 -0.26195648 1.11452889
v 1.07158458 -0.26278662 1.11462867
v 1.04353153 -0.26268163 1.11469352
v 1.02332663 -0.26229551 1.11489355
v 1.02209842 -0.26513764 1.11256682
v 1.07244885 -0.2549926 1.11648786
v 1.04464578 -0.25467357 1.11648488
v 1.02456045 -0.2532261 1.1165775
v 1.00848078 -0.25105494 1.11667728
v 1.0066806 -0.26124107 1.1151582
v 1.04618573 -0.24300678 1.11732232
v 1.07307791 -0.24308463 1.11744773
v 1.04887509 -0.23001454 1.11725699
v 1.1122576 -0.25407043 1.11642861
v 1.15924632 -0.26112958 1.1144793
v 1.20858335 -0.26439946 1.11218047
v 1.25813007 -0.26514563 1.10984242
v 1.30626881 -0.26519754 1.1066811
v 1.34850525 -0.2650724 1.10170137
v 1.3767476 -0.26509159 1.0945146
v 1.39796984 -0.26518639 1.08501303
v 1.41325759 -0.264959 1.07506418
v 1.42592907 -0.26355713 1.06519389
v 1.43559455 -0.25662389 1.05551111
v 1.43941152 -0.24229547 1.04729592
v 1.44041299 -0.22553232 1.04221439
v 1.44051742 -0.20654353 1.03848898
v 1.44024956 -0.1822386 1.03573286
v 1.43887639 -0.14891724 1.0333445
v 1.43397629 -0.10148607 1.03129935
v 1.42376375 -0.10169005 1.02999484
v 1.4233886 -0.04827969 1.02991282
v 1.4115839 -0.10207741 1.02958607
v 1.41113841 -0.04872244 1.02948033
v 1.41057908 0.00822148 1.02919912
v 1.3987782 -0.04924897 1.02982473
v 1.39821648 0.00815381 1.02953136
v 1.39806592 0.06547237 1.02924966
v 1.39313936 0.00814587 1.03148615
v 1.39277052 0.0659646 1.03115367
v 1.39292192 0.11720061 1.0309056
v 1.39248073 0.06651078 1.03353476
v 1.39243006 0.11704399 1.03326451
v 1.39249098 0.15013647 1.03310406
v 1.39244723 0.1168578 1.03566587
v 1.39245104 0.14924736 1.03547048
v 1.39213728 0.1730256 1.03551948
v 1.39251911 0.14883001 1.03825092
v 1.39226782 0.17191426 1.03845155
v 1.39252984 0.14828889 1.04196035
v 1.39228463 0.17110681 1.04200649
v 1.39036965 0.18987956 1.04211378
v 1.39227283 0.17072309 1.04715704
v 1.39031696 0.18964044 1.04719126
v 1.38388848 0.20553299 1.04722082
v 1.39037871 0.18986681 1.05551171
v 1.38354766 0.20552447 1.05557489
v 1.36917948 0.21131208 1.05559825
v 1.38321578 0.20544011 1.06518471
v 1.36907243 0.21135155 1.06522929
v 1.35217237 0.21241632 1.06527805
v 1.36939144 0.21135149 1.0748986
v 1.35243427 0.21247677 1.07499218
v 1.33123791 0.21246609 1.07513308
v 1.35277414 0.21245762 1.08487939
v 1.33106493 0.21245551 1.0850209
v 1.30234277 0.21232317 1.08520352
v 1.3308382 0.21245612 1.09449005
v 1.3021208 0.21231935 1.09477889
v 1.26027238 0.21226151 1.09513914
v 1.30270278 0.21230082 1.10137462
v 1.25980591 0.212234 1.10157966
v 1.20623445 0.21222806 1.10164666
v 1.25924146 0.21215537 1.10570228
v 1.20635974 0.21213415 1.10600054
v 1.15378189 0.21213986 1.1059668
v 1.20644605 0.21202483 1.10918557
v 1.15446627 0.21202547 1.10918748
v 1.10941088 0.21210116 1.10928869
v 1.1549648 0.21199064 1.11165666
v 1.10940349 0.21207496 1.11179161
v 1.07874751 0.21223148 1.11200404
v 1.10948932 0.21264267 1.11420023
v 1.07798874 0.21318389 1.11438596
v 1.0557177 0.21289037 1.11448931
v 1.07622396 0.21864219 1.11651003
v 1.05322992 0.21826244 1.11648881
v 1.07382297 0.23067829 1.11754322
v 1.05002069 0.22931245 1.11753475
v 1.07196331 0.24439172 1.11750543
v 1.04697156 0.24300898 1.11740052
v 1.07081782 0.25645551 1.11647307
v 1.04478037 0.25513887 1.11638355
v 1.02544128 0.25453677 1.11639213
v 1.0438869 0.26266017 1.11445391
v 1.02451705 0.26196643 1.11437809
v 1.00860619 0.26204669 1.11428892
v 1.00927746 0.25372511 1.11614656
v 1.02384436 0.2647489 1.11212658
v 1.00784897 0.26469644 1.11212039
v 0.99414122 0.26303461 1.11205899
v 1.00733971 0.2651638 1.10943591
v 0.99339175 0.26356378 1.10938608
v 0.98172736 0.25638473 1.10947144
v 0.98272967 0.25594997 1.11204791
v 0.9742124 0.24345661 1.10958755
v 0.97497886 0.24317622 1.11229264
v 0.97199815 0.22792109 1.10978281
v 0.97220653 0.22705517 1.11247885
v 0.97560197 0.22573573 1.1147356
v 0.97204768 0.20820213 1.11250865
v 0.97525209 0.20651134 1.11480569
v 0.98350495 0.20499739 1.11663758
v 0.98396134 0.22413396 1.1165775
v 0.9752776 0.18432025 1.11476552
v 0.98271262 0.183187 1.1165775
v 0.97513645 0.1542553 1.11470735
v 0.97218585 0.18532453 1.11246311
v 0.9722523 0.15489694 1.11243581
v 0.97210204 0.10861329 1.11244905
v 0.97171521 0.1554064 1.10991394
v 0.97166466 0.10891766 1.10992467
v 0.97160118 0.05454278 1.10997974
v 0.97167301 0.10936863 1.10679221
v 0.9716475 0.05455972 1.10682797
v 0.97163397 -0.00200223 1.10686862
v 0.97178936 0.05470238 1.10166394
v 0.97178614 -0.00204752 1.10169279
v 0.9717822 -0.059036 1.10164761
v 0.97186964 -0.00204341 1.09443604
v 0.9718694 -0.05945625 1.09440255
v 0.97187107 -0.11639127 1.09434342
v 0.97187638 -0.05995227 1.08494699
v 0.97187638 -0.11649337 1.08481538
v 0.97183865 -0.16172355 1.08468282
v 0.97187507 -0.11505938 1.07486653
v 0.97182953 -0.1602315 1.0747677
v 0.97171938 -0.19351747 1.07470023
v 0.97183108 -0.1589283 1.06483995
v 0.97175532 -0.19131536 1.0648055
v 0.97175228 -0.21316459 1.06478512
v 0.97177571 -0.19061736 1.05508065
v 0.97181093 -0.21215084 1.05514442
v 0.97213113 -0.22856591 1.05518829
v 0.97175276 -0.21258275 1.04711711
v 0.97195315 -0.22862055 1.04707121
v 0.9734919 -0.24361465 1.04705703
v 0.9719063 -0.22736378 1.04198527
v 0.9738183 -0.24259555 1.04203105
v 0.9804967 -0.25525686 1.04201638
v 0.97400343 -0.2418296 1.03822982
v 0.98042917 -0.25524213 1.03821456
v 0.99243164 -0.26269322 1.03812527
v 0.98097193 -0.25458565 1.03523767
v 0.99284589 -0.26220455 1.0351001
v 1.00714993 -0.26478278 1.03508114
v 1.00842201 -0.26129826 1.03276157
v 1.02524924 -0.26261064 1.03288865
v 1.0102694 -0.25327214 1.03093671
v 1.02694535 -0.25489395 1.03098082
v 1.04669845 -0.25630682 1.03111994
v 1.04883587 -0.24530535 1.02993345
v 1.07498049 -0.24663537 1.02997839
v 1.05164313 -0.23285055 1.02959632
v 1.07683706 -0.23380586 1.02957356
v 1.11409866 -0.23417636 1.02952992
v 1.07858324 -0.22074566 1.02994811
v 1.1141591 -0.2206306 1.0299865
v 1.16092181 -0.2220782 1.03013575
v 1.11383914 -0.21268178 1.03169786
v 1.1605786 -0.21352738 1.03187155
v 1.21111166 -0.21392735 1.03189349
v 1.16003382 -0.21199773 1.0341798
v 1.21123206 -0.21209815 1.03419292
v 1.26202333 -0.21212168 1.03417766
v 1.21135473 -0.21203883 1.03656947
v 1.26269888 -0.21205988 1.0365771
v 1.30639731 -0.21211904 1.03650891
v 1.26333761 -0.21213567 1.03915762
v 1.30649542 -0.21221368 1.03910565
v 1.33564269 -0.21229301 1.03913807
v 1.30683755 -0.21229821 1.04290354
v 1.33517015 -0.21238501 1.04288458
v 1.35576164 -0.2121782 1.04285287
v 1.33542442 -0.21243052 1.04801392
v 1.35593891 -0.2122408 1.04793858
v 1.37304484 -0.21052576 1.04786491
v 1.35616445 -0.21230819 1.05622983
v 1.37299311 -0.21069027 1.0562427
v 1.38618123 -0.20265145 1.05624318
v 1.37276244 -0.2107533 1.06602692
v 1.38613736 -0.20268443 1.06603932
v 1.39235127 -0.18619436 1.06601417
v 1.3854562 -0.20188367 1.07591128
v 1.391842 -0.18542714 1.07588505
v 1.39368033 -0.16540202 1.075845
v 1.39195656 -0.1853232 1.08554148
v 1.39366865 -0.16524434 1.08557784
v 1.39383864 -0.13998235 1.08561849
v 1.39380443 -0.16573733 1.09476852
v 1.39384555 -0.14006963 1.09487402
v 1.39374768 -0.10509795 1.09500086
v 1.39381504 -0.14027667 1.10173678
v 1.39372003 -0.10480945 1.10176658
v 1.3933897 -0.05315348 1.10154938
v 1.39364481 -0.10484711 1.10644996
v 1.39330875 -0.05218726 1.10609054
v 1.3927586 0.00805775 1.10570895
v 1.39321708 -0.05144443 1.10938823
v 1.39267051 0.00814438 1.10898971
v 1.39223289 0.06740798 1.10864222
v 1.39261364 0.00823153 1.1114701
v 1.39217388 0.06703387 1.11110925
v 1.39201998 0.11708015 1.11098051
v 1.39235711 0.06648962 1.11351501
v 1.39217853 0.11724425 1.11338138
v 1.39236712 0.15110479 1.11343872
v 1.39542365 0.11743495 1.11556077
v 1.39578592 0.1531718 1.11556756
v 1.39583802 0.17663118 1.11553239
v 1.40601158 0.15518033 1.11654889
v 1.40485906 0.18025176 1.1165992
v 1.41779863 0.1576589 1.11659371
v 1.41629135 0.18394061 1.11664855
v 1.42885756 0.1594173 1.11581063
v 1.42717313 0.18670669 1.11596119
v 1.43635237 0.16064667 1.11402046
v 1.43555748 0.18829686 1.11422431
v 1.43500387 0.20882907 1.11446416
v 1.43869268 0.18917369 1.11180138
v 1.43863654 0.21014486 1.11197483
v 1.43892431 0.2281114 1.11213553
v 1.43447411 0.2271832 1.11456191
v 1.43926382 0.21148632 1.10919356
v 1.43929541 0.2290802 1.10923409
v 1.43892574 0.24414515 1.10923099
v 1.43926906 0.22990465 1.10571205
v 1.43856501 0.24470907 1.10574317
v 1.43410444 0.25759565 1.10581278
v 1.43461203 0.25758633 1.10926151
v 1.42242264 0.26346731 1.10591733
v 1.42292511 0.26348251 1.10939729
v 1.40907025 0.26527816 1.1060456
v 1.40944528 0.26517328 1.10952949
v 1.39366114 0.26535412 1.10619151
v 1.40925538 0.26509255 1.10145878
v 1.39514827 0.2651934 1.10144496
v 1.37500011 0.26514956 1.10152804
v 1.39491844 0.26508438 1.09409403
v 1.37485158 0.2650465 1.09418475
v 1.34599816 0.26498454 1.09431612
v 1.3742659 0.26504692 1.08480131
v 1.34575927 0.2649748 1.0848937
v 1.30614841 0.26495575 1.08508324
v 1.34625315 0.26497754 1.0749768
v 1.30631053 0.26495632 1.07507753
v 1.25725734 0.26495772 1.0752052
v 1.30665528 0.2649562 1.06506919
v 1.25747144 0.26495784 1.06514215
v 1.20667088 0.26495772 1.06520414
v 1.25680363 0.26495575 1.0553857
v 1.20620036 0.26495602 1.05547499
v 1.15553784 0.26495641 1.05551111
v 1.20581781 0.2649813 1.04761505
v 1.15553462 0.26498401 1.0476402
v 1.10609829 0.2649866 1.04780173
v 1.15550041 0.2650831 1.04221594
v 1.10684347 0.26508587 1.04231095
v 1.06620442 0.2651143 1.04231417
v 1.1073687 0.26517188 1.03858828
v 1.06652522 0.2651709 1.03869557
v 1.03849136 0.26527369 1.03884458
v 1.06686806 0.26500222 1.03612029
v 1.03983235 0.26514542 1.03624045
v 1.02051734 0.26539403 1.03624045
v 1.0412898 0.26393175 1.03386151
v 1.02194857 0.26414728 1.03392732
v 1.00544774 0.26460266 1.03391599
v 1.02352404 0.25918513 1.03182804
v 1.00722086 0.26008164 1.03199458
v 1.02545583 0.24844095 1.03031516
v 1.00880074 0.2496559 1.03053271
v 1.04381227 0.2484512 1.03021061
v 1.0470407 0.23468512 1.02962803
v 1.04232037 0.25896516 1.03169655
v 1.06811916 0.25914368 1.03154182
v 1.06901037 0.24860157 1.03010654
v 1.06744182 0.26388165 1.03371858
v 1.10787105 0.26409724 1.03357636
v 1.10789406 0.25947076 1.03137898
v 1.10764873 0.26509112 1.03598964
v 1.15540742 0.26513925 1.03592658
v 1.15531671 0.26425346 1.03351724
v 1.15545988 0.26518124 1.03843319
v 1.20531427 0.26516547 1.03849947
v 1.205168 0.26512467 1.03593981
v 1.20553135 0.26507163 1.04220235
v 1.25563371 0.26507884 1.04212713
v 1.25529336 0.26519405 1.03839075
v 1.25611484 0.26498153 1.04747664
v 1.30517756 0.26498147 1.04732835
v 1.30422866 0.26509836 1.04190099
v 1.30631315 0.2649551 1.05524444
v 1.347229 0.26497274 1.05530881
v 1.3462646 0.26500102 1.04737567
v 1.3473171 0.26497468 1.06503915
v 1.37533402 0.26505008 1.06505227
v 1.37516284 0.265037 1.05539441
v 1.37465429 0.26505634 1.07494044
v 1.39431667 0.2651143 1.07493734
v 1.39568996 0.26513579 1.06508433
v 1.39498257 0.26511254 1.08476936
v 1.40914416 0.26502054 1.08476448
v 1.4090873 0.26500269 1.07494735
v 1.40957653 0.26488667 1.09405183
v 1.4224801 0.26328286 1.09402275
v 1.42197692 0.26373258 1.08477652
v 1.42244303 0.26378434 1.10144138
v 1.43378317 0.25799846 1.10139358
v 1.43331193 0.25797283 1.09399747
v 1.43812334 0.24642691 1.09397482
v 1.43794596 0.24736525 1.08472764
v 1.43256092 0.25836312 1.08476483
v 1.43838119 0.24555821 1.10131144
v 1.43922889 0.23120912 1.10124409
v 1.4391241 0.23262393 1.09395825
v 1.43917095 0.21749168 1.09395015
v 1.43923091 0.21774755 1.08459639
v 1.43919849 0.23357109 1.08466696
v 1.43920755 0.21588191 1.10116124
v 1.43904066 0.1942496 1.10107934
v 1.43900406 0.19531272 1.09394395
v 1.43927466 0.2139617 1.10574626
v 1.43912649 0.1930806 1.10594153
v 1.43896901 0.16345194 1.1059283
v 1.43886482 0.16360282 1.10102391
v 1.43909716 0.19081632 1.10915744
v 1.43897581 0.16247583 1.10911095
v 1.43899571 0.11831625 1.10898912
v 1.43895852 0.11882672 1.10590148
v 1.43863952 0.16150286 1.11163854
v 1.43873965 0.11788838 1.11150217
v 1.43886387 0.06474712 1.11155676
v 1.43918609 0.0647355 1.10912036
v 1.43675994 0.11754696 1.1138755
v 1.43679177 0.0648181 1.11390078
v 1.43758535 0.00898052 1.11414516
v 1.43941915 0.00895363 1.11178457
v 1.42976343 0.11736646 1.11578381
v 1.43010556 0.06495931 1.11585247
v 1.43109226 0.00892213 1.11611747
v 1.43339502 -0.04760787 1.11664676
v 1.43855857 -0.04743696 1.1145333
v 1.41870546 0.06520205 1.11674904
v 1.41965377 0.00871662 1.11702048
v 1.42145884 -0.04823742 1.11736822
v 1.42289733 -0.10266187 1.11756289
v 1.43453729 -0.10225689 1.11680471
v 1.4071623 0.00848192 1.11706662
v 1.40889871 -0.0489787 1.11740398
v 1.41049778 -0.10317486 1.11759257
v 1.39795267 -0.04971834 1.11642479
v 1.39954996 -0.10373825 1.11666607
v 1.39363789 -0.05025259 1.11426961
v 1.39438557 -0.10427317 1.11455237
v 1.39319479 -0.05083567 1.11187136
v 1.3935697 -0.10449293 1.11215043
v 1.39362466 -0.14208251 1.1122694
v 1.39356434 -0.10464405 1.10966646
v 1.39360141 -0.14128488 1.10977935
v 1.39333295 -0.16699855 1.10977041
v 1.39372134 -0.14074102 1.10647881
v 1.39362978 -0.16594946 1.1063447
v 1.39216733 -0.1858381 1.10629701
v 1.39376723 -0.1656727 1.1017822
v 1.39254152 -0.18581664 1.10183394
v 1.38649928 -0.20228837 1.10184752
v 1.39264869 -0.18592105 1.09471988
v 1.38680958 -0.20266987 1.09471988
v 1.37323081 -0.21059081 1.09477424
v 1.38586187 -0.20200637 1.08552944
v 1.37245118 -0.2100481 1.08558023
v 1.35573911 -0.21208305 1.08562898
v 1.37221479 -0.2101573 1.07590031
v 1.35547959 -0.21212984 1.07588958
v 1.33535218 -0.21239002 1.07587158
v 1.35593283 -0.21229876 1.06599855
v 1.33575236 -0.21243228 1.0659697
v 1.3085581 -0.21233761 1.06594765
v 1.33585155 -0.21242156 1.05620563
v 1.30807757 -0.21233271 1.05616784
v 1.26618266 -0.2122631 1.05611205
v 1.30723369 -0.21233183 1.04797077
v 1.26558005 -0.21226006 1.04802918
v 1.21157431 -0.2122522 1.0480535
v 1.26430118 -0.21221931 1.04304063
v 1.21155881 -0.21220444 1.04297256
v 1.1582632 -0.21220243 1.04291343
v 1.21143186 -0.21211136 1.03909504
v 1.15899097 -0.21210165 1.03916978
v 1.11262512 -0.21219059 1.03909397
v 1.15954327 -0.21199955 1.0365864
v 1.11297655 -0.21206426 1.03648853
v 1.08162474 -0.21218209 1.03630077
v 1.11338698 -0.21199436 1.03405535
v 1.08105862 -0.21212884 1.03389418
v 1.05860579 -0.21181523 1.03374612
v 1.08005821 -0.21293883 1.03157413
v 1.0573275 -0.21278134 1.03149747
v 1.04093658 -0.21047017 1.03152787
v 1.05486524 -0.22037126 1.02993571
v 1.3928529 0.00827555 1.11387205
v 1.39639687 0.00828463 1.11604416
v 1.39558696 0.06598882 1.1157155
v 1.40623915 0.06554006 1.116755
v 1.40593552 0.11738644 1.11659932
v 1.41829061 0.11734051 1.11662697
v 1.43936348 -0.1020863 1.11471581
v 1.43995678 -0.04729937 1.11216867
v 1.43962991 0.00888453 1.10929036
v 1.43917405 0.06475888 1.10593342
v 1.4388436 0.11976606 1.10091209
v 1.43881678 0.16326464 1.09400379
v 1.4390347 0.19581224 1.08452403
v 1.43925035 0.21812622 1.07475912
v 1.43935227 0.23480841 1.06502115
v 1.43912529 0.23455628 1.07484185
v 1.43831396 0.24875429 1.06510639
v 1.43763089 0.24847193 1.07490658
v 1.43332147 0.25995409 1.06516063
v 1.43245601 0.25923994 1.07495546
v 1.42251491 0.26434856 1.06514954
v 1.42186129 0.26384821 1.07495701
v 1.40984666 0.26511853 1.06511974
v 1.42296791 0.26419991 1.05559063
v 1.40998995 0.26499539 1.05554842
v 1.39494776 0.26509386 1.05548274
v 1.40902471 0.26504591 1.04740059
v 1.3950386 0.26511269 1.04743826
v 1.37421691 0.26506188 1.04740083
v 1.3926723 0.26520559 1.04188811
v 1.37238347 0.26517558 1.04180336
v 1.34509134 0.26511633 1.04181599
v 1.37016952 0.26531282 1.03808724
v 1.3438543 0.26526051 1.03804218
v 1.3034935 0.26521596 1.03826963
v 1.34332788 0.26531237 1.03559422
v 1.30302727 0.26524668 1.0357089
v 1.25509691 0.26520797 1.03588867
v 1.30262363 0.264887 1.03328824
v 1.25499975 0.26475545 1.03346157
v 1.20508396 0.26435589 1.03353238
v 1.25495684 0.26189678 1.03113734
v 1.20501983 0.26008948 1.03131079
v 1.15517807 0.25980028 1.03128862
v 1.20512545 0.24893437 1.02994763
v 1.15505957 0.24861355 1.02991128
v 1.10791313 0.2485497 1.02997136
v 1.15488851 0.23467086 1.02955281
v 1.107854 0.23483951 1.02954006
v 1.07031095 0.23532439 1.02958333
v 1.10771906 0.2207607 1.02977085
v 1.07212483 0.22150869 1.02976155
v 1.05069685 0.22068309 1.02980864
v 1.074566 0.21326486 1.03134369
v 1.05390501 0.21283757 1.0314114
v 1.07659304 0.21228647 1.03371858
v 1.05535411 0.21186348 1.03366816
v 1.03893995 0.20999452 1.03374111
v 1.05641603 0.21195323 1.03614759
v 1.03991723 0.21018768 1.03623175
v 1.05757987 0.21210852 1.03905642
v 1.04052245 0.21048717 1.03914248
v 1.02673697 0.20362547 1.03909504
v 1.04066324 0.2108304 1.04263544
v 1.02597117 0.2044468 1.04260087
v 1.0197817 0.18774922 1.04262781
v 1.02548718 0.2050281 1.04775273
v 1.01980567 0.18811172 1.04779005
v 1.01842951 0.1681912 1.04782271
v 1.01959455 0.18846014 1.05610823
v 1.01840531 0.16833066 1.05611753
v 1.01830387 0.14357253 1.05611944
v 1.01843154 0.16839939 1.06590747
v 1.01830387 0.1437243 1.06589222
v 1.01839089 0.11051861 1.06588792
v 1.01830363 0.14410378 1.075845
v 1.0183916 0.11099014 1.07582545
v 1.0184549 0.06099213 1.07581806
v 1.01839292 0.1106376 1.08574414
v 1.01845407 0.0611523 1.08571565
v 1.01845562 -0.0007883 1.08577454
v 1.01845121 0.0605924 1.09527635
v 1.01845538 -0.00107411 1.09522914
v 1.01845014 -0.06230966 1.09537923
v 1.01847291 -0.00123017 1.10190641
v 1.01846718 -0.06221412 1.10185694
v 1.01837229 -0.11165154 1.10188663
v 1.01851975 -0.06146001 1.10618162
v 1.01842474 -0.11216811 1.10637319
v 1.018332 -0.14528785 1.10631787
v 1.01850402 -0.1121563 1.10960614
v 1.01841366 -0.14581175 1.10962629
v 1.01859784 -0.17049995 1.10957682
v 1.01848125 -0.14629273 1.11211943
v 1.01874434 -0.17109337 1.11217904
v 1.02037239 -0.18965892 1.11217904
v 1.01830697 -0.17240433 1.11451947
v 1.02055251 -0.19036705 1.114519
v 1.02611196 -0.20391425 1.11445605
v 1.01437449 -0.17516638 1.11656463
v 1.01456594 -0.15065337 1.11670756
v 1.00365436 -0.15258351 1.11757981
v 1.00382161 -0.17857871 1.11743164
v 1.01797366 -0.14764536 1.11448609
v 1.01832604 -0.11217291 1.11442303
v 1.01535558 -0.11197282 1.11666238
v 1.01856315 -0.1121314 1.11205971
v 1.01864278 -0.06038738 1.11195826
v 1.01843833 -0.0598804 1.11431467
v 1.01859188 -0.06087375 1.10947144
v 1.01859641 -0.0014119 1.1094222
v 1.01863753 -0.00148657 1.11185967
v 1.01852417 -0.0013247 1.10618066
v 1.01852011 0.05860655 1.10607719
v 1.01859128 0.05778587 1.10928678
v 1.01846933 0.05963967 1.10188663
v 1.01840293 0.10832855 1.10171067
v 1.01845276 0.10898346 1.10615074
v 1.0183916 0.10877982 1.09525954
v 1.01830875 0.14199388 1.0951612
v 1.01832366 0.1412604 1.1017673
v 1.01831674 0.14358972 1.08575987
v 1.01845514 0.16826875 1.08576083
v 1.01839613 0.16728696 1.09513878
v 1.01839959 0.16877219 1.07586658
v 1.01961302 0.18856693 1.07588315
v 1.01967811 0.18821352 1.08576083
v 1.01976716 0.18853443 1.06592154
v 1.02516973 0.20527966 1.06592953
v 1.02476728 0.20534938 1.07588505
v 1.02504265 0.20542009 1.05609309
v 1.040331 0.21090787 1.05607783
v 1.0403043 0.21089209 1.06592953
v 1.04045844 0.21106325 1.04777443
v 1.05815208 0.21230301 1.0478003
v 1.05812239 0.21228808 1.05604863
v 1.05819678 0.21224188 1.04265821
v 1.07959544 0.21237438 1.04264342
v 1.07992315 0.21240353 1.04780519
v 1.07887768 0.2123145 1.03894054
v 1.10810637 0.21225842 1.03885555
v 1.10843968 0.21230566 1.04262638
v 1.07800805 0.21223458 1.0361582
v 1.10793674 0.21219928 1.03625178
v 1.15303659 0.21213455 1.03634524
v 1.15244793 0.21219629 1.03896284
v 1.10771441 0.21220307 1.0338006
v 1.15358996 0.2121167 1.03389418
v 1.20521438 0.21212209 1.03392255
v 1.20513141 0.21213029 1.03634524
v 1.10762667 0.21289083 1.0314095
v 1.15415716 0.21272426 1.03150963
v 1.20533597 0.21285431 1.03155219
v 1.25629901 0.21306546 1.03140199
v 1.25675368 0.21216926 1.03376877
v 1.1546148 0.22057628 1.02980291
v 1.20538818 0.22108553 1.02987611
v 1.25587356 0.22188898 1.02980411
v 1.302024 0.22227585 1.02948522
v 1.30219125 0.21322706 1.03102886
v 1.20526957 0.23507168 1.02957403
v 1.25548601 0.23596602 1.02952837
v 1.30201435 0.23644912 1.0293169
v 1.25517821 0.25005322 1.02988088
v 1.30209636 0.25047856 1.02969312
v 1.30231869 0.26239335 1.03095471
v 1.34170126 0.2621721 1.0308845
v 1.34253954 0.26499247 1.03319108
v 1.36746096 0.26498252 1.03316724
v 1.36877405 0.26536607 1.03554713
v 1.38825488 0.26543405 1.03548336
v 1.39006602 0.26535102 1.03806042
v 1.40605187 0.26526412 1.03814899
v 1.40748941 0.26511314 1.04196429
v 1.42118501 0.26439863 1.04196035
v 1.42223119 0.26443904 1.04738712
v 1.43432462 0.26048135 1.04736828
v 1.43421816 0.26028651 1.05559241
v 1.43858575 0.24850852 1.05551433
v 1.30225133 0.21223262 1.03338825
v 1.33242285 0.21231143 1.0355674
v 1.30235076 0.21220794 1.03578949
v 1.25724613 0.21214136 1.03619086
v 1.30221867 0.21226963 1.03831148
v 1.2576611 0.21219785 1.0387752
v 1.20504307 0.21219188 1.03892862
v 1.25828039 0.21224705 1.04251444
v 1.20495474 0.21224252 1.04271042
v 1.15166294 0.21224576 1.04274749
v 1.20487225 0.21226123 1.04774558
v 1.15083456 0.2122645 1.047526
v 1.10895812 0.21232354 1.04772341
v 1.15082013 0.21226352 1.05600047
v 1.10845875 0.21232216 1.05599951
v 1.07994258 0.21239839 1.05601871
v 1.10814034 0.21232527 1.06589174
v 1.07956397 0.21240267 1.06590604
v 1.05806028 0.21224796 1.0659182
v 1.07866299 0.21241384 1.07589936
v 1.05708408 0.21230204 1.07590031
v 1.0397439 0.21094222 1.07589697
v 1.05672061 0.21231801 1.08575987
v 1.03917205 0.21094279 1.08575761
v 1.02416861 0.20542256 1.08575987
v 1.03959286 0.21110564 1.0951308
v 1.02499997 0.20433268 1.09516072
v 1.01951897 0.18757742 1.09513974
v 1.02639865 0.20286963 1.10205268
v 1.01999151 0.18660186 1.10201823
v 1.01842594 0.16631579 1.10190486
v 1.02040171 0.18636065 1.10623097
v 1.01861393 0.1666079 1.10616469
v 1.01839089 0.1419432 1.10619914
v 1.01877749 0.16807995 1.10957181
v 1.01849162 0.14303357 1.10953986
v 1.01853585 0.10896606 1.10936665
v 1.01853919 0.14428919 1.11203587
v 1.01859784 0.10892909 1.1118493
v 1.01863706 0.05711938 1.11179018
v 1.01834559 0.10887249 1.11422908
v 1.01835644 0.05649045 1.11417484
v 1.01845407 -0.00153986 1.11422908
v 1.01574289 0.05595202 1.11645507
v 1.01593232 -0.00161465 1.11650002
v 1.01588118 -0.05935556 1.11657381
v 1.00506401 -0.00169385 1.11752021
v 1.00485682 -0.05893798 1.11752069
v 1.00433969 -0.1116492 1.11758053
v 0.99259048 -0.05863158 1.11758053
v 0.99214613 -0.11140994 1.11758053
v 0.9917221 -0.15388226 1.11757612
v 0.98116242 -0.1114154 1.11658632
v 0.9808833 -0.15464982 1.11664128
v 0.98134356 -0.18253903 1.11669528
v 0.99235528 -0.18150289 1.11748695
v 0.98228681 -0.2042274 1.11676204
v 0.97423064 -0.18357139 1.11484253
v 0.97421991 -0.20520196 1.1149919
v 0.97478032 -0.22319354 1.11511313
v 0.98314148 -0.22201903 1.11677587
v 0.97165179 -0.20661297 1.11268413
v 0.97187995 -0.22453603 1.11288201
v 0.97397106 -0.24031807 1.11298
v 0.97174125 -0.22602389 1.11004614
v 0.97353434 -0.24117863 1.11010015
v 0.97912722 -0.25473058 1.11011719
v 0.98068851 -0.2531363 1.11301326
v 0.99072086 -0.26198115 1.1100018
v 0.99165999 -0.26157045 1.11298775
v 1.00410962 -0.26497373 1.10990536
v 1.00536799 -0.26465782 1.1128807
v 1.02011549 -0.26537558 1.10980081
v 1.00276124 -0.26464209 1.10627484
v 1.0178821 -0.26526355 1.10633075
v 1.03941237 -0.26528573 1.10640287
v 1.01528751 -0.26509666 1.10141551
v 1.03712415 -0.26514175 1.10130548
v 1.06713986 -0.26509851 1.10132491
v 1.03556549 -0.26506504 1.09412837
v 1.06541931 -0.26500463 1.09422814
v 1.10815978 -0.26497677 1.09428465
v 1.06491327 -0.26500517 1.08477246
v 1.10742461 -0.26495811 1.08492207
v 1.15781581 -0.26495611 1.08499145
v 1.10877692 -0.26495876 1.07495296
v 1.15869009 -0.26495713 1.07506322
v 1.20925974 -0.26495778 1.0751276
v 1.16014456 -0.26495716 1.06499135
v 1.2097541 -0.26495778 1.06500959
v 1.2594738 -0.2649573 1.06509828
v 1.20998632 -0.26495575 1.0551356
v 1.25929069 -0.26495677 1.0552876
v 1.30839216 -0.26495549 1.05541729
v 1.25930225 -0.26499676 1.04746043
v 1.30758309 -0.26500365 1.04762315
v 1.34694826 -0.26504144 1.04767322
v 1.30701327 -0.26513069 1.04220557
v 1.34635019 -0.26517015 1.04209566
v 1.37504291 -0.26525655 1.04203999
v 1.34606277 -0.26523697 1.03840196
v 1.37342381 -0.26530012 1.03841364
v 1.39390087 -0.26546052 1.03833448
v 1.3724153 -0.26497709 1.03568708
v 1.39279913 -0.26513305 1.03548955
v 1.40857243 -0.26485791 1.03537249
v 1.39157927 -0.26205894 1.03300321
v 1.40755665 -0.2612518 1.03288865
v 1.39063954 -0.25340983 1.0310111
v 1.40648531 -0.25196129 1.03090238
v 1.37105047 -0.25545206 1.03121113
v 1.36910629 -0.24431537 1.02997958
v 1.37165284 -0.26298463 1.03320825
v 1.34530377 -0.26360055 1.03337729
v 1.34482419 -0.25759658 1.0312891
v 1.34589469 -0.26510295 1.03581559
v 1.30660867 -0.26515576 1.03588986
v 1.3065139 -0.26395005 1.03348791
v 1.30669522 -0.26523509 1.03840899
v 1.25956893 -0.26520711 1.03845381
v 1.25972163 -0.2651709 1.03590261
v 1.2594217 -0.26510232 1.04211711
v 1.21033573 -0.26509282 1.04202914
v 1.21046102 -0.2652097 1.03832531
v 1.21017944 -0.26498502 1.04720699
v 1.16092956 -0.26498854 1.04719984
v 1.16105473 -0.26509338 1.04196381
v 1.16063976 -0.26495632 1.05508995
v 1.11139261 -0.26495817 1.05507874
v 1.1123923 -0.26499217 1.047302
v 1.11070096 -0.26495981 1.06496202
v 1.06822037 -0.26500678 1.06491911
v 1.06954908 -0.26500314 1.05522501
v 1.06636226 -0.26500639 1.07483875
v 1.03647697 -0.26508486 1.07475638
v 1.0379759 -0.26508241 1.06487965
v 1.03521013 -0.26508599 1.08465147
v 1.01380157 -0.26505857 1.08456313
v 1.01476633 -0.26499503 1.07468032
v 1.01395881 -0.26498776 1.09402036
v 1.00078034 -0.26458397 1.09395754
v 1.0001291 -0.26467865 1.08451521
v 1.00144839 -0.26476278 1.10151207
v 0.98842871 -0.26293286 1.10158693
v 0.98828554 -0.26266911 1.09391689
v 0.98937523 -0.26231515 1.10634779
v 0.97723698 -0.2563377 1.10646665
v 0.97682356 -0.25700849 1.10161781
v 0.97225862 -0.24412043 1.10159969
v 0.97713553 -0.25705647 1.09389793
v 0.97250235 -0.24295865 1.10639262
v 0.97176885 -0.22756966 1.10635018
v 0.97153365 -0.2082847 1.11001074
v 0.97176969 -0.18485017 1.1125077
v 0.97391134 -0.15551646 1.11477816
v 0.98781549 -0.26270854 1.08447313
v 1.00030744 -0.26439455 1.07461369
v 1.01694774 -0.26500758 1.06484472
v 1.03872668 -0.26509171 1.05528521
v 1.07034111 -0.26503479 1.04732525
v 1.11307787 -0.26509401 1.04193079
v 1.16108954 -0.2651956 1.03836929
v 1.21057128 -0.26523113 1.03585112
v 1.25990355 -0.26437407 1.03350973
v 1.30639779 -0.25916364 1.03130316
v 1.34359061 -0.24683086 1.02995717
v 1.36607003 -0.2316057 1.02956163
v 0.97432172 -0.24147501 1.03510308
v 0.97206515 -0.22578035 1.03509175
v 0.97361797 -0.22545662 1.0326637
v 0.97184956 -0.22654728 1.03820753
v 0.97158783 -0.20893409 1.03818535
v 0.9716047 -0.20765711 1.03522622
v 0.97169965 -0.21088223 1.04193031
v 0.97169035 -0.18861967 1.04177045
v 0.97160095 -0.18700234 1.03817021
v 0.97175318 -0.18976138 1.04705798
v 0.9718225 -0.15741521 1.04708623
v 0.9717623 -0.15647271 1.04180312
v 0.97183197 -0.15881657 1.0550363
v 0.97187459 -0.11195706 1.05494678
v 0.97185951 -0.111148 1.0471214
v 0.97187334 -0.11305186 1.06487405
v 0.97187578 -0.05718199 1.06495285
v 0.97187638 -0.05624721 1.05510091
v 0.97187566 -0.05896145 1.07500183
v 0.97187531 -0.00115083 1.07507789
v 0.97187566 -0.00001469 1.06503999
v 0.97187614 -0.00185319 1.08498168
v 0.97187638 0.05585675 1.08499991
v 0.97187566 0.05656039 1.07506561
v 0.97186881 0.05508323 1.0944457
v 0.97186923 0.11155049 1.09445166
v 0.97187674 0.11236526 1.08495974
v 0.97179806 0.11023303 1.10157024
v 0.97176539 0.15723604 1.10152733
v 0.97183644 0.15842267 1.09440159
v 0.97166758 0.15586642 1.10674858
v 0.9715771 0.18902625 1.10674858
v 0.97168421 0.19055369 1.10157227
v 0.9716354 0.18699894 1.10989069
v 0.97156888 0.20991925 1.10989189
v 0.97152322 0.2117358 1.10644996
v 0.97199744 0.22849264 1.10625541
v 0.97181916 0.22947001 1.10170137
v 0.97163915 0.21314126 1.1016829
v 0.97195994 0.23019975 1.09427022
v 0.97170257 0.21402272 1.09426975
v 0.97174328 0.19160021 1.09431409
v 0.9716686 0.21471746 1.08495509
v 0.97173249 0.19359745 1.08494794
v 0.97183942 0.15869596 1.08494794
v 0.97173047 0.19312769 1.07526278
v 0.97184181 0.15917848 1.07518529
v 0.97187638 0.11285354 1.07511043
v 0.97184246 0.15927538 1.06533575
v 0.97187638 0.11348486 1.06519389
v 0.97187566 0.05748421 1.06505513
v 0.97187578 0.11389921 1.05531108
v 0.97187638 0.05750284 1.05528068
v 0.97187614 0.00046872 1.05521333
v 0.97185427 0.05727462 1.04736065
v 0.97185534 0.00068058 1.04734635
v 0.97185885 -0.05571862 1.04722857
v 0.97178721 0.00079181 1.04201448
v 0.9717946 -0.05541088 1.04194009
v 0.97179126 -0.11020544 1.04191041
v 0.97172701 -0.05520457 1.03826856
v 0.97172164 -0.10940467 1.03825926
v 0.97167587 -0.15564338 1.0380783
v 0.97171723 -0.10890632 1.0355966
v 0.97164869 -0.1554079 1.03550648
v 0.97159051 -0.18603013 1.0354017
v 0.97200214 -0.15474978 1.03303873
v 0.97264468 -0.18501882 1.03290152
v 0.97294765 -0.20696719 1.03276157
v 0.97795689 -0.18385575 1.03078222
v 0.97961854 -0.20655743 1.03064465
v 0.98107218 -0.22495631 1.03062844
v 0.98850566 -0.18207044 1.02975714
v 0.97612601 -0.15390683 1.03085422
v 0.97203403 -0.10852596 1.03318786
v 0.97174626 -0.05510911 1.03574621
v 0.97173547 0.00084712 1.03846859
v 0.97178721 0.05711348 1.04216516
v 0.97185576 0.11328875 1.04743826
v 0.97184395 0.15900209 1.0555545
v 0.97174263 0.19218319 1.06544709
v 0.97168517 0.21448458 1.07531738
v 0.97182756 0.23058331 1.08496642
v 0.9738174 0.24475903 1.09428727
v 0.97357374 0.24450871 1.10171067
v 0.98003453 0.25699156 1.10168194
v 0.97434186 0.24368706 1.10618066
v 0.98110878 0.25644767 1.10606563
v 0.99262595 0.26339733 1.10600054
v 1.11021733 0.24388541 1.11747729
v 1.11002731 0.22999119 1.11749184
v 1.15637564 0.22914828 1.11746656
v 1.10967946 0.21813704 1.1163249
v 1.15591895 0.21744677 1.11623323
v 1.20660305 0.2172802 1.11616838
v 1.15545809 0.2125151 1.11404895
v 1.20652794 0.21251994 1.11398732
v 1.20649981 0.21199379 1.11161065
v 1.25813782 0.21198831 1.1114068
v 1.25859701 0.21204963 1.10891819
v 1.30331516 0.21213777 1.1087538
v 1.30317544 0.21223589 1.10554099
v 1.33302283 0.21235944 1.10533177
v 1.33172404 0.21243718 1.1010971
v 1.35325515 0.21247671 1.10096895
v 1.35265028 0.21251604 1.09432339
v 1.37020301 0.21142193 1.0942136
v 1.3700416 0.21125465 1.08476924
v 1.38399088 0.20481574 1.08467996
v 1.38333439 0.20511597 1.0748378
v 1.39019835 0.18981617 1.07479047
v 1.39005112 0.18989776 1.06512749
v 1.39213419 0.17091986 1.0650748
v 1.39229142 0.17081943 1.05543875
v 1.39247894 0.14753434 1.05536651
v 1.39252209 0.14791174 1.04714965
v 1.39246285 0.11619442 1.04699814
v 1.39248597 0.11624658 1.04191362
v 1.39258492 0.06789341 1.04213237
v 1.39247798 0.11650062 1.03823018
v 1.39257717 0.06739711 1.0385828
v 1.39297974 0.00802097 1.03887379
v 1.3925395 0.06698294 1.0359658
v 1.39293777 0.0080735 1.0362792
v 1.39341187 -0.05105275 1.03657627
v 1.39288365 0.00809788 1.0338608
v 1.393368 -0.05044315 1.03413963
v 1.39358913 -0.10349255 1.03411746
v 1.39365851 -0.04986507 1.03176105
v 1.39394927 -0.10313034 1.03176116
v 1.39935088 -0.10257105 1.02991318
v 1.30426335 0.2620756 1.1145482
v 1.25671339 0.26509943 1.11240005
v 1.20686745 0.26528286 1.10990643
v 1.15724992 0.26518574 1.10664904
v 1.10827338 0.26501536 1.10164666
v 1.06675958 0.2649832 1.09460771
v 1.03619813 0.26510646 1.08511257
v 1.01717901 0.26520094 1.07538342
v 1.00166022 0.26512828 1.06563735
v 0.98759096 0.26321911 1.05599188
v 0.97631031 0.25790995 1.04783117
v 0.97229588 0.24387638 1.04276263
v 0.9715746 0.22794827 1.03891933
v 0.97147077 0.20876114 1.03603649
v 0.97199082 0.18462969 1.03356015
v 0.97524517 0.15492236 1.03119003
v 0.98518884 0.11022069 1.0298115
v 0.99751168 0.11043514 1.02957916
v 0.99807465 0.05762882 1.02956759
v 1.00984573 0.11073254 1.02978324
v 1.01043641 0.05807253 1.02982068
v 1.01067006 0.00077862 1.02986633
v 1.01778078 0.05857762 1.03148722
v 1.01780343 0.00072336 1.03154087
v 1.01798796 -0.05688937 1.03152787
v 1.01858925 0.00064917 1.0338937
v 1.01865673 -0.05754651 1.03388392
v 1.01863253 -0.1091273 1.03385067
v 1.01861131 -0.0582159 1.03631293
v 1.01855731 -0.10916965 1.03628015
v 1.01850605 -0.1436441 1.03620958
v 1.01847505 -0.10892947 1.0388422
v 1.01839911 -0.14314071 1.03897655
v 1.01888251 -0.16757565 1.0390824
v 1.01831245 -0.14250853 1.04266095
v 1.01847577 -0.16678163 1.04271543
v 1.02022159 -0.18677555 1.04269027
v 1.0183072 -0.16687269 1.04776799
v 1.0197134 -0.18684688 1.04770195
v 1.02673745 -0.20256274 1.04767978
v 1.01940977 -0.18683067 1.05591344
v 1.02635824 -0.20261848 1.05593609
v 1.04081034 -0.21037071 1.05594277
v 1.02622032 -0.20320218 1.06565117
v 1.04077065 -0.21048584 1.06566476
v 1.05839347 -0.21241158 1.06568682
v 1.04110741 -0.21075438 1.07569146
v 1.05874145 -0.21247312 1.07569503
v 1.08085393 -0.21251654 1.07571983
v 1.05901598 -0.21239446 1.08567524
v 1.08091783 -0.21251975 1.08571231
v 1.11035049 -0.21235834 1.0857613
v 1.08078634 -0.21252276 1.09512507
v 1.11069178 -0.212357 1.09525454
v 1.15597248 -0.21226289 1.09548401
v 1.11046254 -0.21233616 1.10191798
v 1.15640366 -0.2122481 1.10186612
v 1.21029937 -0.21224258 1.10183942
v 1.1569308 -0.2121922 1.10602223
v 1.21018731 -0.21218736 1.10609102
v 1.26329708 -0.2121874 1.10601806
v 1.21006929 -0.21211881 1.10918557
v 1.2625041 -0.21211637 1.10914409
v 1.30672204 -0.2121725 1.10923874
v 1.26190817 -0.21209257 1.11161816
v 1.30680644 -0.21217635 1.1117208
v 1.33618843 -0.21222108 1.11191439
v 1.30690193 -0.21262884 1.11411702
v 1.33772397 -0.21305742 1.11427784
v 1.35909438 -0.21264979 1.11437857
v 1.34028017 -0.21900099 1.11630916
v 1.36223077 -0.21878598 1.11626112
v 1.34270942 -0.23033797 1.11744535
v 1.36579239 -0.22931543 1.11731147
v 1.34456574 -0.24340191 1.11744535
v 1.37001562 -0.24254392 1.11735534
v 1.37196838 -0.25451856 1.1164112
v 1.39137375 -0.25368943 1.11632263
v 1.39279043 -0.26233753 1.11449813
v 1.40940678 -0.26247289 1.11436319
v 1.40805077 -0.25430825 1.11620318
v 1.41047453 -0.26500704 1.1122353
v 1.42435061 -0.26388302 1.11206734
v 1.42413818 -0.26418063 1.1094731
v 1.43577063 -0.25815823 1.10936713
v 1.43605065 -0.25812771 1.11187744
v 1.43991816 -0.24394881 1.1094762
v 1.4401158 -0.24379374 1.11196434
v 1.44069349 -0.22779679 1.10958373
v 1.43956434 -0.24383726 1.1061424
v 1.44045364 -0.22806127 1.10627579
v 1.44055211 -0.21126449 1.10637652
v 1.44043588 -0.22910678 1.10187268
v 1.44048643 -0.21246369 1.10187804
v 1.4404093 -0.1876257 1.10182702
v 1.44045364 -0.21273006 1.09457719
v 1.44037354 -0.187322 1.09467351
v 1.44029915 -0.15344259 1.09484064
v 1.44037985 -0.18790152 1.08515739
v 1.44029462 -0.15390655 1.08523893
v 1.44027698 -0.10460649 1.08538556
v 1.4403001 -0.1545626 1.07527184
v 1.44027721 -0.10479261 1.07534825
v 1.43998909 -0.04876399 1.07520985
v 1.44027721 -0.10478875 1.0653578
v 1.44000506 -0.04849206 1.06518995
v 1.43950641 0.00865319 1.06485164
v 1.44002354 -0.04792758 1.05537724
v 1.43953931 0.00883139 1.05510056
v 1.43912327 0.06584414 1.05485963
v 1.43960261 0.00878962 1.04717588
v 1.43919825 0.06537459 1.04695642
v 1.43899154 0.12097688 1.04690909
v 1.43931984 0.06501192 1.04143953
v 1.43911898 0.11974471 1.0414381
v 1.43914461 0.16361661 1.04148733
v 1.43921017 0.11864807 1.03765177
v 1.43921732 0.16264231 1.03775668
v 1.43933379 0.19174358 1.03791618
v 1.43908405 0.16200514 1.03523409
v 1.43917298 0.19019405 1.03531837
v 1.43932461 0.21166357 1.0353564
v 1.43781209 0.18854914 1.03294968
v 1.43794405 0.21000789 1.0330435
v 1.43824791 0.22861121 1.03308212
v 1.43273949 0.20855866 1.03102076
v 1.43357491 0.22663028 1.03115785
v 1.4225893 0.20630396 1.02958357
v 1.42375242 0.22455242 1.02977263
v 1.43276405 0.1878685 1.03083634
v 1.43784201 0.16108273 1.0328356
v 1.43910539 0.11808067 1.03513383
v 1.43938672 0.06475662 1.03779673
v 1.43969726 0.00867993 1.04170823
v 1.44006705 -0.04756021 1.04741966
v 1.44027805 -0.10420561 1.05547499
v 1.44029784 -0.15416707 1.06532418
v 1.44038593 -0.18875323 1.07520091
v 1.44047737 -0.21328759 1.08510065
v 1.44034504 -0.22999985 1.09452748
v 1.43947386 -0.24433833 1.10187268
v 1.43558526 -0.25803571 1.10610508
v 1.30658733 -0.22906872 1.11749184
v 1.30684733 -0.21767272 1.11626303
v 1.26069355 -0.21646991 1.11624872
v 1.26124548 -0.21241031 1.11402308
v 1.2097696 -0.21229805 1.11403203
v 1.20992648 -0.21208538 1.11163818
v 1.15777969 -0.21205501 1.11165666
v 1.15740621 -0.21211199 1.10918557
v 1.11050748 -0.21218437 1.10932457
v 1.11038911 -0.21227185 1.10628318
v 1.07908415 -0.21243239 1.10629558
v 1.07971274 -0.2125101 1.10182237
v 1.05826532 -0.21248142 1.10183394
v 1.05865812 -0.21248707 1.09502029
v 1.04118192 -0.21108745 1.09495759
v 1.04145181 -0.21063815 1.08565688
v 1.02679193 -0.20413136 1.08565509
v 1.02651119 -0.20371116 1.07569146
v 1.01965594 -0.18780377 1.07570219
v 1.01938986 -0.18738046 1.06565511
v 1.01828122 -0.16738279 1.06568217
v 1.01825356 -0.16702438 1.05589783
v 1.01824486 -0.14250794 1.05590784
v 1.01825881 -0.14237761 1.0478003
v 1.0183798 -0.10875397 1.04770839
v 1.0184077 -0.10914924 1.04260611
v 1.01847827 -0.0599452 1.04251003
v 1.01853632 -0.05895057 1.03890276
v 1.01853919 0.00039833 1.03888285
v 1.01860213 0.00053022 1.03631484
v 1.01860892 0.05963074 1.0362904
v 1.01860857 0.05909034 1.03385067
v 1.01852083 0.11090742 1.03373479
v 1.01737058 0.11100526 1.03139531
v 1.1909343 0.26097509 1.08535945
v 1.19103038 0.26091599 1.0565083
v 1.18527281 0.26091384 1.05691885
v 1.17973721 0.26091313 1.05842983
v 1.17463064 0.26091393 1.0609833
v 1.17015385 0.26091629 1.06448197
v 1.16647672 0.26092004 1.06879103
v 1.16374135 0.26092517 1.07374501
v 1.16205072 0.26093149 1.07915473
v 1.16147303 0.26093867 1.08481144
v 1.16202998 0.2609466 1.09049904
v 1.1637007 0.2609547 1.09599793
v 1.16641783 0.2609629 1.10109818
v 1.17007911 0.26097068 1.10560226
v 1.17454326 0.26097771 1.10933744
v 1.17964029 0.26098367 1.11215984
v 1.18517041 0.2609885 1.11396062
v 1.19092655 0.26099181 1.11467051
v 1.19668448 0.2609936 1.11426174
v 1.20221984 0.26099371 1.11274981
v 1.20732581 0.26099231 1.11019349
v 1.21180176 0.26098939 1.10669028
v 1.21547806 0.2609851 1.1023761
v 1.21821224 0.26097971 1.09741604
v 1.21990203 0.26097336 1.09200191
v 1.22047877 0.26096636 1.0863415
v 1.21992182 0.26095885 1.08065247
v 1.2182511 0.26095128 1.07515394
v 1.21553456 0.26094371 1.07005691
v 1.211874 0.26093661 1.06555712
v 1.20741105 0.26093006 1.06182742
v 1.20231497 0.26092428 1.05901074
v 1.1967858 0.26091957 1.05721485
v 1.19102191 0.23264822 1.0567919
v 1.18526291 0.23264533 1.05720043
v 1.17972517 0.23264268 1.05870938
v 1.1746155 0.23264023 1.0612601
v 1.17013478 0.23263801 1.06475472
v 1.16645324 0.2326361 1.06905984
v 1.16371309 0.23263458 1.07400941
v 1.16201698 0.23263342 1.07941412
v 1.16143417 0.23263275 1.08506631
v 1.16198575 0.23263254 1.09074914
v 1.1636517 0.23263289 1.09624373
v 1.16636443 0.2326339 1.10134005
v 1.17002224 0.23263546 1.10584116
v 1.17448377 0.23263764 1.10957467
v 1.17957961 0.23264046 1.11239624
v 1.18510961 0.23264367 1.11419737
v 1.1908667 0.23264718 1.11490881
v 1.1966269 0.23265083 1.11450243
v 1.20216548 0.2326544 1.11299395
v 1.20727515 0.23265774 1.11044144
v 1.21175468 0.23266065 1.10694444
v 1.21542775 0.23266306 1.10264277
v 1.21815836 0.23266473 1.0976957
v 1.21984839 0.23266568 1.09229075
v 1.22043049 0.23266582 1.08663392
v 1.21988415 0.2326651 1.0809431
v 1.21822655 0.23266387 1.07543921
v 1.21552062 0.23266196 1.07033801
v 1.21186292 0.23265966 1.06584
v 1.20740187 0.23265695 1.06211125
v 1.20230686 0.23265411 1.05929493
v 1.19677805 0.23265114 1.05749905
v 1.19087386 0.20399288 1.05719244
v 1.1851145 0.2039892 1.05760514
v 1.17957997 0.20398148 1.05913972
v 1.17447769 0.20396988 1.06173932
v 1.17000722 0.20395501 1.06530129
v 1.16633772 0.2039383 1.06968355
v 1.16360938 0.20392139 1.07471132
v 1.16192328 0.20390582 1.0801841
v 1.16134703 0.20389334 1.08588624
v 1.16190075 0.20388521 1.0915935
v 1.1635636 0.2038819 1.09708344
v 1.16626811 0.20388382 1.10214638
v 1.16991341 0.2038902 1.10658943
v 1.17435991 0.20390024 1.1102482
v 1.17943966 0.20391251 1.11298799
v 1.18495464 0.20392535 1.11471092
v 1.19070005 0.20393754 1.11535787
v 1.19645297 0.20394778 1.11490798
v 1.20198321 0.20395532 1.1133877
v 1.2070738 0.20396105 1.11085379
v 1.21153032 0.20396705 1.10737967
v 1.21518909 0.20397293 1.10309374
v 1.21791195 0.2039785 1.09815657
v 1.2195996 0.20398366 1.09275662
v 1.22018551 0.20398818 1.08710062
v 1.21964764 0.20399184 1.0814054
v 1.21800434 0.20399464 1.07589161
v 1.21531927 0.20399653 1.07077467
v 1.21168899 0.20399761 1.06625449
v 1.20724844 0.20399776 1.06250989
v 1.20215809 0.20399694 1.05969202
v 1.19662976 0.20399539 1.05789804
v 1.19118738 0.1746788 1.06046879
v 1.18549978 0.17460879 1.06127154
v 1.18003976 0.17453093 1.06321275
v 1.17501163 0.17444838 1.06621837
v 1.17061269 0.17436495 1.07017064
v 1.16700911 0.17428472 1.07491254
v 1.16433894 0.17421235 1.08025479
v 1.16270041 0.17415188 1.08598399
v 1.1621592 0.174107 1.09187269
v 1.16273355 0.17408007 1.09768867
v 1.164402 0.17407248 1.10320472
v 1.16709625 0.17408433 1.10820877
v 1.17071604 0.17411448 1.11251103
v 1.17512226 0.17416089 1.11595082
v 1.18014907 0.1742203 1.11840415
v 1.18559992 0.17428949 1.11978328
v 1.19127202 0.17436467 1.1200447
v 1.19692909 0.17444235 1.11919832
v 1.20235443 0.17451913 1.11727833
v 1.20735132 0.17459203 1.11435329
v 1.21172702 0.1746588 1.11052846
v 1.21531903 0.17471769 1.1059426
v 1.21798944 0.17476752 1.10076129
v 1.21963954 0.17480762 1.09517371
v 1.22020208 0.17483748 1.08938646
v 1.21965515 0.17485685 1.08361649
v 1.21801686 0.1748656 1.07808351
v 1.21535098 0.17486333 1.07300102
v 1.21175456 0.17484992 1.06857121
v 1.20736336 0.17482481 1.0649724
v 1.20234119 0.17478773 1.06235444
v 1.19688069 0.17473891 1.06083142
v 1.19259131 0.14387719 1.06984543
v 1.18698 0.14372661 1.0710417
v 1.18159735 0.14356412 1.07340359
v 1.17664849 0.14339596 1.07683646
v 1.17232799 0.14323006 1.08120667
v 1.16879928 0.14307424 1.08634066
v 1.16619694 0.14293678 1.09203124
v 1.16461646 0.14282475 1.09805142
v 1.16412091 0.14274355 1.10416114
v 1.16472673 0.14269727 1.11011791
v 1.16641092 0.14268718 1.11569082
v 1.16910481 0.14271289 1.12066578
v 1.17270767 0.14277191 1.1248542
v 1.17708146 0.14286088 1.12810087
v 1.18206155 0.14297469 1.13028979
v 1.18745148 0.14310771 1.1313467
v 1.19303512 0.14325444 1.13125228
v 1.19859862 0.14340864 1.13001477
v 1.20393002 0.14356432 1.12768173
v 1.20883369 0.14371646 1.12433922
v 1.21312058 0.1438594 1.12011003
v 1.21663069 0.14398892 1.11514914
v 1.21923005 0.14410084 1.10963654
v 1.2208215 0.1441923 1.10377478
v 1.22134041 0.14426039 1.09778094
v 1.22076678 0.14430357 1.09187901
v 1.21911919 0.14432032 1.08629179
v 1.21646165 0.14431044 1.08123481
v 1.2128911 0.14427392 1.07690656
v 1.20854306 0.14421093 1.07348144
v 1.20358061 0.14412249 1.07110118
v 1.198197 0.14401049 1.06986904
v 1.19495189 0.1114456 1.08449304
v 1.18943095 0.11120616 1.08606445
v 1.18412959 0.11095585 1.08882761
v 1.17925822 0.11070616 1.09266197
v 1.17501282 0.11046917 1.09741115
v 1.17155337 0.11025686 1.10288226
v 1.16901147 0.11008004 1.108855
v 1.16748106 0.1099462 1.11509323
v 1.16702282 0.10986099 1.12134921
v 1.16765272 0.10982699 1.12737882
v 1.16934609 0.10984354 1.13294935
v 1.17203569 0.10990736 1.13785243
v 1.17562043 0.11001377 1.14190471
v 1.17996418 0.11015603 1.14495909
v 1.1849029 0.11032785 1.14690542
v 1.19023633 0.11052107 1.1476854
v 1.19575524 0.11072934 1.14728331
v 1.20124924 0.11094488 1.14571571
v 1.20650708 0.11116126 1.14304029
v 1.21133542 0.11137195 1.13935351
v 1.2155472 0.11157046 1.13478994
v 1.21898484 0.11175095 1.12951433
v 1.2215172 0.11190805 1.12371885
v 1.22305023 0.11203659 1.11761784
v 1.22352123 0.11213167 1.11143648
v 1.2229129 0.11218956 1.1054089
v 1.22124576 0.11220695 1.09976697
v 1.21858525 0.11218212 1.09472942
v 1.21502888 0.11211397 1.09049618
v 1.21071291 0.11200299 1.08724236
v 1.20579934 0.11185132 1.08510255
v 1.20047962 0.1116634 1.08417081
v 1.19783544 0.07749129 1.10024511
v 1.19236469 0.07722054 1.10210073
v 1.18711829 0.07692719 1.10513794
v 1.18230259 0.0766282 1.1092292
v 1.17811191 0.07634259 1.11420202
v 1.17470276 0.07608741 1.11985397
v 1.17220532 0.07587472 1.12595903
v 1.17071139 0.07571353 1.13227307
v 1.17028117 0.07560619 1.13854861
v 1.17092979 0.07555147 1.14454054
v 1.1726346 0.07554362 1.15002262
v 1.17532789 0.07557488 1.15478789
v 1.17891132 0.07563623 1.15866231
v 1.18324792 0.07572041 1.16150331
v 1.18817579 0.07582067 1.16321229
v 1.19350063 0.07593436 1.16372883
v 1.19900953 0.07606055 1.1630541
v 1.20448648 0.07620058 1.1612159
v 1.20971977 0.07635758 1.15828263
v 1.21451568 0.07653383 1.15435838
v 1.21868801 0.076729 1.14958667
v 1.22207939 0.07694207 1.14413905
v 1.22456026 0.07716564 1.1382153
v 1.22603964 0.07738955 1.13203299
v 1.22645771 0.07760202 1.12581992
v 1.22580039 0.07778894 1.11981046
v 1.22409248 0.07793382 1.11423945
v 1.22140228 0.07802446 1.10932135
v 1.2178303 0.0780511 1.10525548
v 1.21351313 0.07800877 1.10220742
v 1.20861375 0.07789719 1.10030829
v 1.20332241 0.07772143 1.09964239
v 1.20182347 0.03435597 1.11035502
v 1.19636571 0.03418229 1.11240506
v 1.19115603 0.03397861 1.11565077
v 1.18638718 0.03377749 1.11994838
v 1.18223834 0.03361049 1.12510442
v 1.17886483 0.03349376 1.13091146
v 1.17639386 0.03343723 1.13713562
v 1.17491698 0.03343967 1.14353025
v 1.1744939 0.03349262 1.14984309
v 1.1751424 0.03357991 1.15582954
v 1.17683982 0.03368397 1.16126012
v 1.17952156 0.0337874 1.16593587
v 1.18308889 0.03387394 1.16968071
v 1.18740749 0.033932 1.17236316
v 1.1923151 0.03395464 1.17388451
v 1.19762229 0.03393982 1.17421436
v 1.20313704 0.03388195 1.17336988
v 1.20865225 0.03376309 1.17145359
v 1.21393895 0.03359266 1.16856026
v 1.21879851 0.03339697 1.16476881
v 1.22303581 0.03320679 1.16017997
v 1.22648417 0.03305424 1.15492153
v 1.22900366 0.03297028 1.14914667
v 1.23049557 0.03297252 1.14303958
v 1.23089671 0.03307118 1.13680982
v 1.23019385 0.03326033 1.13069164
v 1.2284162 0.03351885 1.1249355
v 1.22564244 0.03380918 1.11979174
v 1.22198355 0.03408997 1.11549949
v 1.21758961 0.0343145 1.11227214
v 1.21263265 0.03444603 1.11027562
v 1.20731151 0.03446064 1.1096214
v 1.20526027 -0.01496505 1.11539197
v 1.19970214 -0.01469673 1.1170547
v 1.19441819 -0.0144889 1.12001395
v 1.18959724 -0.01431026 1.12412846
v 1.18541896 -0.01413209 1.129202
v 1.18202841 -0.01391758 1.13499116
v 1.17954683 -0.01364829 1.141227
v 1.17806291 -0.0133354 1.14765191
v 1.17763662 -0.01299947 1.15400576
v 1.17828381 -0.01267033 1.1600393
v 1.17998278 -0.01237958 1.16552209
v 1.18266928 -0.0121572 1.1702584
v 1.18624818 -0.01202821 1.17408216
v 1.19059312 -0.01202525 1.17690551
v 1.19555032 -0.01217127 1.17866957
v 1.2009319 -0.01246515 1.1793456
v 1.20654177 -0.01289873 1.17893326
v 1.21216166 -0.01344958 1.17745745
v 1.21756935 -0.01408522 1.17496252
v 1.22255682 -0.01476455 1.17152118
v 1.22691977 -0.01544379 1.16722559
v 1.23048067 -0.01607454 1.1621958
v 1.23308777 -0.01661178 1.15658259
v 1.23463976 -0.01701745 1.15056014
v 1.23507142 -0.01726009 1.14433229
v 1.23436725 -0.0173247 1.13812804
v 1.2325555 -0.01721534 1.13219881
v 1.22971439 -0.01695322 1.12680172
v 1.22595799 -0.01657972 1.12219047
v 1.22143793 -0.01614675 1.11859369
v 1.21634161 -0.01570577 1.1161884
v 1.21087944 -0.01530266 1.1150999
v 1.20795047 -0.06436401 1.11577916
v 1.20229709 -0.06374061 1.1171
v 1.19692003 -0.063158 1.11973857
v 1.19201052 -0.0626005 1.12356281
v 1.18775105 -0.06205526 1.12838363
v 1.18429267 -0.06150697 1.13397562
v 1.18175816 -0.06095085 1.14007985
v 1.1802361 -0.06039514 1.14642858
v 1.17978441 -0.05986258 1.15275609
v 1.1804198 -0.05938604 1.15881359
v 1.18212246 -0.05900432 1.16437709
v 1.18483042 -0.05875414 1.16926145
v 1.18845105 -0.05866943 1.17331576
v 1.19285452 -0.05877174 1.17642998
v 1.19788217 -0.05907103 1.17852592
v 1.20334363 -0.05956009 1.17956388
v 1.20903921 -0.06022287 1.17952346
v 1.21474719 -0.06102985 1.17841661
v 1.22024333 -0.06194265 1.17627441
v 1.22531664 -0.06291899 1.17315006
v 1.22975993 -0.06390678 1.16912889
v 1.23339521 -0.0648552 1.16431641
v 1.23607218 -0.06571044 1.15885245
v 1.23768198 -0.06642358 1.15290904
v 1.23815274 -0.06694815 1.14668989
v 1.23746502 -0.06725283 1.14042496
v 1.23564565 -0.06732195 1.13436627
v 1.2327733 -0.06715956 1.12877786
v 1.22896623 -0.06679857 1.12391591
v 1.22438371 -0.06628271 1.12001669
v 1.21921145 -0.06566779 1.11727786
v 1.21366286 -0.06501527 1.1158396
v 1.20965874 -0.10974617 1.11138021
v 1.20391202 -0.10892564 1.11236178
v 1.19844687 -0.10814423 1.1146959
v 1.19345927 -0.10740356 1.11826181
v 1.18913388 -0.1066972 1.12288022
v 1.18562293 -0.10601614 1.12832713
v 1.18305134 -0.10535703 1.13434982
v 1.18150723 -0.10472901 1.14068317
v 1.18105053 -0.1041564 1.14706075
v 1.18169784 -0.10366977 1.15323662
v 1.18342793 -0.1033039 1.15898168
v 1.18617904 -0.10309429 1.16410851
v 1.18985652 -0.10306943 1.16845679
v 1.19432711 -0.10324466 1.17190504
v 1.19943058 -0.10362654 1.17436444
v 1.20497286 -0.10420491 1.17577552
v 1.21075069 -0.1049605 1.17610788
v 1.21654117 -0.10586424 1.175354
v 1.22211635 -0.10687821 1.17353272
v 1.22726297 -0.10796048 1.17068469
v 1.23177206 -0.10906311 1.16688442
v 1.23546397 -0.11013512 1.16223073
v 1.23818659 -0.11112143 1.15685904
v 1.23982918 -0.11196782 1.15093541
v 1.24031758 -0.11262052 1.14466083
v 1.2396301 -0.11303756 1.13826489
v 1.23779189 -0.11318811 1.13200807
v 1.23488271 -0.11306946 1.12615811
v 1.23101937 -0.112699 1.12098181
v 1.22636532 -0.11212041 1.11673224
v 1.22110819 -0.11139242 1.11362111
v 1.21546673 -0.11058198 1.11180579
v 1.21050345 -0.14955431 1.10388636
v 1.20468032 -0.14863373 1.10459196
v 1.19914639 -0.14778463 1.10667896
v 1.19409978 -0.14701136 1.11003422
v 1.18972742 -0.14631098 1.11448478
v 1.18618273 -0.14567479 1.11981177
v 1.18359053 -0.14509181 1.1257652
v 1.18204069 -0.14456968 1.13208448
v 1.18159234 -0.14412123 1.13850641
v 1.18226099 -0.14376856 1.1447829
v 1.18402624 -0.14353907 1.15068769
v 1.1868242 -0.14346097 1.15602588
v 1.19055819 -0.14355529 1.16063094
v 1.19509291 -0.1438326 1.16436874
v 1.20026481 -0.1442925 1.16714203
v 1.20587754 -0.14492665 1.16887271
v 1.21172523 -0.14571382 1.16951847
v 1.21758151 -0.14662812 1.16905593
v 1.22321724 -0.14763502 1.16749346
v 1.22841811 -0.14869882 1.16486454
v 1.23297309 -0.14977492 1.16123247
v 1.23670208 -0.15081559 1.15669488
v 1.23945128 -0.1517695 1.15138173
v 1.24110925 -0.15258175 1.14545571
v 1.24160039 -0.15319556 1.13912189
v 1.24090242 -0.15356646 1.13261067
v 1.23903787 -0.15365776 1.12618136
v 1.23608791 -0.1534639 1.12011146
v 1.2321695 -0.15299725 1.11467802
v 1.22744751 -0.15230472 1.11014211
v 1.22211432 -0.15145073 1.10672831
v 1.21639215 -0.15051014 1.10460853
v 1.210693 -0.18398881 1.09531569
v 1.20480966 -0.1830258 1.09580576
v 1.1992228 -0.18217541 1.09768891
v 1.19413185 -0.18144862 1.1008569
v 1.18972575 -0.18084083 1.10514318
v 1.18615806 -0.18033881 1.11033284
v 1.18355536 -0.1799259 1.1161859
v 1.18200612 -0.17959952 1.12244188
v 1.18156933 -0.17936034 1.12884604
v 1.1822611 -0.17922069 1.13515329
v 1.18406081 -0.17920061 1.14113736
v 1.18690049 -0.17931044 1.1466
v 1.19068455 -0.17956721 1.15137231
v 1.19527435 -0.17997238 1.15531361
v 1.20050406 -0.18052317 1.15831279
v 1.20617342 -0.18120485 1.16028296
v 1.21207535 -0.18199907 1.16116726
v 1.21798229 -0.18288417 1.16093385
v 1.22366249 -0.18382874 1.15957927
v 1.22890043 -0.18480281 1.15713143
v 1.23348605 -0.18577134 1.15364837
v 1.23723757 -0.18669007 1.1492238
v 1.24000203 -0.18751248 1.14398527
v 1.24166607 -0.18818613 1.13809847
v 1.24215412 -0.18866193 1.13176107
v 1.24144268 -0.18889004 1.12520778
v 1.239555 -0.18883952 1.1186974
v 1.23656904 -0.18849945 1.11250865
v 1.2326045 -0.18788936 1.10692238
v 1.22782731 -0.18705743 1.10220587
v 1.22243261 -0.18607513 1.09859108
v 1.21664607 -0.18502728 1.09625589
v 1.21075451 -0.21421721 1.08884453
v 1.20484316 -0.21327802 1.08924222
v 1.19922208 -0.21246439 1.09098756
v 1.19408869 -0.21178013 1.09396135
v 1.18963289 -0.21121884 1.09799599
v 1.18602061 -0.21078883 1.10293066
v 1.18338465 -0.21048565 1.10855829
v 1.18181812 -0.21030637 1.1146419
v 1.18138194 -0.21024793 1.12094056
v 1.18208944 -0.21030488 1.12720596
v 1.18391442 -0.21047303 1.13319897
v 1.18678546 -0.21075061 1.13870012
v 1.19059884 -0.21113342 1.14351487
v 1.19521999 -0.21162977 1.14752388
v 1.2004832 -0.21223416 1.15062212
v 1.20618808 -0.21293492 1.15271723
v 1.21212446 -0.21370993 1.1537435
v 1.21805989 -0.21454043 1.15364325
v 1.22376132 -0.21540063 1.15240323
v 1.22901427 -0.21626561 1.15004909
v 1.23360788 -0.21710342 1.14663994
v 1.23736286 -0.21787819 1.14227449
v 1.24012672 -0.21854618 1.13708806
v 1.2417885 -0.2190639 1.13125157
v 1.24227356 -0.21938678 1.12496912
v 1.2415595 -0.21947427 1.11847901
v 1.23966944 -0.21930049 1.11203956
v 1.23668158 -0.21886158 1.10592544
v 1.23271465 -0.21818001 1.1004101
v 1.22793281 -0.21730269 1.09574961
v 1.22252965 -0.2162961 1.09216845
v 1.21672856 -0.21524389 1.08983206
v 1.21026182 -0.24029909 1.08312392
v 1.20440983 -0.23948302 1.08379066
v 1.19882631 -0.23876674 1.08569383
v 1.19371938 -0.23817606 1.08875036
v 1.1892848 -0.23771888 1.09283244
v 1.1856879 -0.23740311 1.09777045
v 1.18306255 -0.2372258 1.10336315
v 1.18150401 -0.23718145 1.10938906
v 1.18107378 -0.23726446 1.11561203
v 1.18178701 -0.23746809 1.12179374
v 1.18361759 -0.2377872 1.12770021
v 1.18649339 -0.23820999 1.13311362
v 1.19030916 -0.23872864 1.13783538
v 1.19492065 -0.23933032 1.14169526
v 1.20015525 -0.23999886 1.14455485
v 1.20581007 -0.24071668 1.14631164
v 1.21168494 -0.24147594 1.14695632
v 1.21755754 -0.24226212 1.14648938
v 1.2231965 -0.24304312 1.14491343
v 1.22838807 -0.24379304 1.14226269
v 1.23292279 -0.24447593 1.13860905
v 1.23662364 -0.24506114 1.13405692
v 1.2393403 -0.24551089 1.12875175
v 1.24096381 -0.24578924 1.12287187
v 1.24142265 -0.24586634 1.11662769
v 1.24069643 -0.24571692 1.11026072
v 1.23881125 -0.24533893 1.10402691
v 1.23584771 -0.24474461 1.0981965
v 1.23192298 -0.2439693 1.09303045
v 1.2272011 -0.24307075 1.08877122
v 1.22187268 -0.24211961 1.08561813
v 1.21615588 -0.24118219 1.08372139
v 1.21159243 -0.24372793 1.11602973
v -1.40493917 0.22510625 1.11678957
v -1.42536628 0.25057748 1.03013455
v -1.4286654 -0.24758324 1.03151929
v -1.40159142 -0.21885594 1.11729574
v -1.01310086 -0.21793483 1.11720287
v -0.98555326 -0.2502307 1.03123998
v -1.40176796 -0.21665403 1.02958226
v -1.0130372 -0.22041775 1.02959871
v -0.98390573 0.25095301 1.03076422
v -0.98636728 -0.24648475 1.11656653
v -1.43238759 -0.25442889 1.11560428
v -1.01445078 0.21864047 1.11752069
v -1.43495464 0.25574758 1.11424481
v -0.98729479 0.25235611 1.11565792
v -1.01737594 0.21253038 1.02983045
v -1.39230918 0.21470361 1.02907145
v -1.39390826 0.21203023 1.11654806
v -1.40145409 0.19819304 1.11659073
v -1.41181731 0.20361734 1.11676931
v -1.40726316 0.24444948 1.11627864
v -1.38987588 0.24786473 1.11617708
v -1.38664305 0.23356862 1.11683857
v -1.38183498 0.22181581 1.11669814
v -1.42485189 0.20733225 1.11614716
v -1.42300653 0.22577035 1.11627447
v -1.42343258 0.24398556 1.11598801
v -1.42562425 0.24094624 1.03006255
v -1.41261398 0.23880851 1.0293914
v -1.41489291 0.25344753 1.02988207
v -1.41700077 0.26252397 1.03126478
v -1.43033599 0.25794309 1.03142404
v -1.43416941 0.24307189 1.0313282
v -1.43143153 -0.25170832 1.0331434
v -1.42070794 -0.25877627 1.03300321
v -1.41951429 -0.25103279 1.03105652
v -1.43070757 -0.23675277 1.03112351
v -1.43636262 -0.23814527 1.03308284
v -1.41956639 -0.23656851 1.03024327
v -1.40688717 -0.19830642 1.117311
v -1.39736127 -0.19337336 1.11638891
v -1.38987982 -0.20688082 1.1162939
v -1.40506577 -0.23921534 1.11725032
v -1.42196321 -0.24132204 1.11693811
v -1.41968596 -0.22290487 1.117311
v -1.42043554 -0.20361588 1.11743021
v -1.37847054 -0.21486046 1.11625075
v -1.38309896 -0.22515375 1.11720383
v -1.38849878 -0.24029673 1.11733341
v -1.02342271 -0.2082223 1.11615812
v -1.01660478 -0.19368533 1.11638402
v -1.00730562 -0.1988002 1.11725032
v -0.99474757 -0.20261655 1.11740517
v -0.9967767 -0.22045442 1.1174103
v -0.9963808 -0.23619747 1.11728978
v -1.01146137 -0.23701024 1.11735534
v -1.03124654 -0.22651052 1.11717569
v -1.03473889 -0.21634306 1.11617434
v -1.0270487 -0.24026589 1.11728167
v -0.98256456 -0.23974169 1.0307945
v -0.99592423 -0.24003601 1.03004682
v -0.99558889 -0.25239339 1.03103208
v -0.99402308 -0.25937765 1.03282499
v -0.98229372 -0.2534773 1.03293752
v -0.97593498 -0.24083356 1.03277337
v -1.40770423 -0.19479362 1.02956426
v -1.42052197 -0.19904992 1.02990746
v -1.41856789 -0.2179842 1.02992641
v -1.40460073 -0.23637148 1.02985215
v -1.38849926 -0.2399494 1.02986681
v -1.38447749 -0.22553423 1.02956759
v -1.39099288 -0.20500423 1.03017425
v -1.39755523 -0.1899584 1.02996611
v -1.37937402 -0.21530911 1.03012406
v -1.03373038 -0.22918494 1.02959537
v -1.02927935 -0.24292679 1.0298928
v -1.01331663 -0.24020727 1.02979207
v -0.99592852 -0.22435168 1.02970981
v -1.00573039 -0.20118336 1.02961564
v -1.01527726 -0.19476617 1.03009092
v -1.02468645 -0.20981818 1.0301454
v -0.99169826 -0.20504823 1.02971637
v -1.03741014 -0.21745929 1.03001105
v -0.97746896 0.25709497 1.03215611
v -0.99196767 0.26098805 1.03210294
v -0.9937855 0.25212696 1.03070437
v -0.99586832 0.23753291 1.03003275
v -0.98289984 0.23957887 1.03065061
v -0.97488808 0.24172094 1.03209102
v -0.98411679 -0.23631942 1.11675107
v -0.9770897 -0.23853249 1.11513912
v -0.98212766 -0.25101527 1.11517858
v -0.99529981 -0.24949875 1.11682093
v -0.99296855 -0.25791302 1.11521637
v -1.43615031 -0.25727179 1.1139245
v -1.4396522 -0.24301016 1.11410856
v -1.4345529 -0.24234765 1.11603748
v -1.42272281 -0.25488904 1.11582887
v -1.42380058 -0.26194059 1.11411845
v -1.01170504 0.2382552 1.1173706
v -0.99653267 0.23995988 1.11709809
v -0.99749267 0.22128164 1.11756503
v -1.03225922 0.22480464 1.11748218
v -1.0275526 0.24052852 1.1173824
v -1.02436411 0.20619115 1.11631143
v -1.03664493 0.2148299 1.11642861
v -1.00884759 0.19772306 1.11752069
v -1.01711559 0.19308821 1.11651563
v -0.99569237 0.20248419 1.11752665
v -1.42290937 0.2567065 1.1145575
v -1.43495297 0.24285253 1.11451149
v -1.43815493 0.24357953 1.11214876
v -1.43501639 0.25703585 1.11210119
v -1.42341148 0.26254227 1.11228501
v -0.98434704 0.24134324 1.1162337
v -0.99640762 0.2537935 1.11580526
v -0.99533605 0.26009422 1.11401963
v -0.98468196 0.25533384 1.11389994
v -0.97712272 0.24261464 1.11447405
v -1.0259751 0.20432795 1.03178405
v -1.01995301 0.19090405 1.03164017
v -1.01406967 0.1937191 1.0300188
v -1.03492581 0.21739631 1.02991914
v -1.03771007 0.21057128 1.03156983
v -1.01339447 0.23289428 1.02977132
v -1.0293076 0.23339396 1.02968788
v -0.99979144 0.19962483 1.02961194
v -0.9998489 0.21830438 1.02966213
v -1.375 0.21840176 1.0292536
v -1.37993919 0.23459354 1.02910721
v -1.3960936 0.23511716 1.02914357
v -1.38475024 0.20681071 1.03106069
v -1.37266373 0.21146495 1.0308845
v -1.40938901 0.22057683 1.02912592
v -1.4095807 0.20234324 1.02899456
v -1.39551687 0.19621506 1.02922725
v -1.39016878 0.1936026 1.03089714
v -1.39269828 0.17563557 1.03080987
v -1.3919841 0.1742239 1.0330578
v -1.38996863 0.19272939 1.03310883
v -1.38484585 0.20647068 1.03317153
v -1.39870286 0.1787673 1.02909159
v -1.39956319 0.15373987 1.02907013
v -1.39332556 0.15185415 1.03079342
v -1.41109633 0.18266408 1.02891457
v -1.41180443 0.15708388 1.02883529
v -1.41113317 0.11707103 1.02882516
v -1.39883232 0.11733055 1.02911365
v -1.42333865 0.18595558 1.02937257
v -1.42366528 0.15897013 1.02929174
v -1.42324197 0.11697369 1.02924978
v -1.42272985 0.06468604 1.02937781
v -1.4104774 0.06500481 1.02894878
v -1.43317568 0.16017715 1.03069102
v -1.43307972 0.11713036 1.03061056
v -1.43288445 0.06450925 1.03069078
v -1.433115 0.00835186 1.03093254
v -1.4228686 0.0082765 1.02962291
v -1.43790721 0.11756715 1.03274357
v -1.43796742 0.06450594 1.03282094
v -1.43834435 0.00842788 1.03305602
v -1.43864035 -0.04769794 1.03334534
v -1.43373882 -0.04794046 1.03119289
v -1.43926227 0.06459607 1.03521704
v -1.43962049 0.00850964 1.03545939
v -1.43993127 -0.04754535 1.03575956
v -1.44021451 -0.10148466 1.03586208
v -1.43897783 -0.10141155 1.03344214
v -1.43974506 0.00858147 1.03795325
v -1.44013953 -0.0474639 1.03834033
v -1.44038152 -0.101665 1.03838014
v -1.44040954 -0.14978148 1.03847849
v -1.44020128 -0.14944411 1.03579103
v -1.44013488 -0.0474473 1.04200434
v -1.44036436 -0.1021559 1.04219639
v -1.44039475 -0.15008294 1.04215014
v -1.44046974 -0.18524211 1.04204487
v -1.44047629 -0.18345904 1.03847479
v -1.44030606 -0.10297427 1.04759943
v -1.44032347 -0.1513222 1.0476402
v -1.44040703 -0.18621584 1.04758203
v -1.44046998 -0.21136112 1.0474832
v -1.44050836 -0.20908203 1.04217922
v -1.4403038 -0.15324246 1.05551993
v -1.44038438 -0.1878187 1.05556929
v -1.44044482 -0.21295712 1.05555176
v -1.44029533 -0.22970281 1.05553889
v -1.44037473 -0.22745467 1.04737103
v -1.4403938 -0.18928934 1.06528925
v -1.440485 -0.21396227 1.06525516
v -1.4404459 -0.23092176 1.06523406
v -1.43946445 -0.24515815 1.06521511
v -1.43918716 -0.24422344 1.05552363
v -1.44046771 -0.21385853 1.07515204
v -1.44034767 -0.23062677 1.07510995
v -1.43926954 -0.24526344 1.07507991
v -1.43563699 -0.25769874 1.07506322
v -1.43577158 -0.25747028 1.06520366
v -1.44043004 -0.23000158 1.08506
v -1.43950235 -0.24502199 1.08503544
v -1.43553304 -0.25770917 1.08501541
v -1.42526269 -0.26359018 1.085011
v -1.42563748 -0.26326346 1.0750612
v -1.43919789 -0.2450989 1.09449613
v -1.43548464 -0.25801432 1.09447944
v -1.42505216 -0.26353266 1.09447062
v -1.41227889 -0.26500585 1.09447062
v -1.4126811 -0.26507711 1.08500945
v -1.43543648 -0.25793567 1.10187268
v -1.42436957 -0.26397898 1.10186171
v -1.41135609 -0.26517275 1.10185885
v -1.39730167 -0.26525411 1.10185694
v -1.3976711 -0.26517203 1.09447944
v -1.42407333 -0.26406052 1.10615754
v -1.4108026 -0.26523697 1.10631787
v -1.39624345 -0.26537177 1.1064943
v -1.37638306 -0.26528281 1.1067264
v -1.37710583 -0.26516968 1.10176467
v -1.4108026 -0.2653284 1.10966277
v -1.39503336 -0.26537573 1.10976016
v -1.37507009 -0.26526016 1.10977089
v -1.34733295 -0.26516696 1.10985672
v -1.34780025 -0.26518863 1.10670483
v -1.3938781 -0.26490956 1.11223912
v -1.37390136 -0.26485019 1.11225473
v -1.34673488 -0.26476821 1.1123296
v -1.30568063 -0.26483792 1.11238646
v -1.30591106 -0.26519548 1.10988819
v -1.37328195 -0.26225993 1.11455774
v -1.34604942 -0.26258012 1.11464071
v -1.30557966 -0.26243957 1.11469543
v -1.25830078 -0.26189231 1.11466622
v -1.25822401 -0.26454323 1.11233103
v -1.34537828 -0.2549802 1.1164689
v -1.30572438 -0.25488692 1.11659693
v -1.25855135 -0.25411382 1.11656272
v -1.20878434 -0.25330004 1.1164689
v -1.20865249 -0.26131096 1.11454296
v -1.30610418 -0.24273222 1.11758053
v -1.25919902 -0.24162864 1.11753225
v -1.20908939 -0.24070775 1.11748313
v -1.15898966 -0.24076347 1.11742925
v -1.15918576 -0.25325626 1.11640918
v -1.26000547 -0.22771489 1.11749923
v -1.20936799 -0.22669024 1.11752069
v -1.15873348 -0.22682768 1.11751472
v -1.11140143 -0.22786338 1.11753475
v -1.1119318 -0.24166049 1.11744582
v -1.20962023 -0.21552674 1.11630439
v -1.15844273 -0.21567162 1.11630916
v -1.1109128 -0.21645318 1.11641168
v -1.07508146 -0.21848554 1.11636555
v -1.07377994 -0.22985424 1.11747956
v -1.1581285 -0.21220994 1.11405789
v -1.11074256 -0.21238113 1.11419975
v -1.07723283 -0.2130638 1.11429214
v -1.05422353 -0.21297614 1.1143552
v -1.0515505 -0.21914948 1.11626303
v -1.11061966 -0.2121229 1.111804
v -1.07812488 -0.21232478 1.11196053
v -1.05514919 -0.21195197 1.11213362
v -1.03841006 -0.20983596 1.11212277
v -1.0374515 -0.21060264 1.11440682
v -1.07858514 -0.21231645 1.10950338
v -1.0564121 -0.21217872 1.10948634
v -1.03930413 -0.21039931 1.10939633
v -1.02525043 -0.20483242 1.10940682
v -1.02578401 -0.20393762 1.11213541
v -1.05763316 -0.21238164 1.10611975
v -1.04015851 -0.21092566 1.10612952
v -1.02524495 -0.20525015 1.10612022
v -1.01984453 -0.18871493 1.10611164
v -1.01990699 -0.18914501 1.10941934
v -1.04073321 -0.21115391 1.10185694
v -1.02571415 -0.20513357 1.1018536
v -1.01990294 -0.18858793 1.1018418
v -1.01840555 -0.16881008 1.1018182
v -1.01845145 -0.16910034 1.10614466
v -1.02638948 -0.20478457 1.09491801
v -1.01997494 -0.18875265 1.09495151
v -1.01837205 -0.16873022 1.09502816
v -1.01824653 -0.14391285 1.09510529
v -1.01826608 -0.14482151 1.10180413
v -1.01994061 -0.18857868 1.08566057
v -1.01839888 -0.16824029 1.08567619
v -1.01825594 -0.14290095 1.08569991
v -1.01836526 -0.11021839 1.0857172
v -1.01836228 -0.11063621 1.09522771
v -1.01828563 -0.16752181 1.07571315
v -1.0182358 -0.14287009 1.07572519
v -1.01836991 -0.1101812 1.07575416
v -1.01845407 -0.06164414 1.07579076
v -1.01845097 -0.06183999 1.08574414
v -1.01824164 -0.14256231 1.06572008
v -1.01837587 -0.10992148 1.06577253
v -1.0184549 -0.06160969 1.06583261
v -1.01845538 -0.00048276 1.0658766
v -1.01845538 -0.00062209 1.07582175
v -1.01837682 -0.10952249 1.05593705
v -1.01845336 -0.06145052 1.05600142
v -1.0184549 -0.00023006 1.05588662
v -1.01845288 0.06100756 1.05605685
v -1.01845312 0.06090214 1.06588852
v -1.01845276 -0.06103951 1.04748225
v -1.01845645 0.00007986 1.04770004
v -1.01845538 0.06128164 1.04754746
v -1.0183984 0.11016046 1.04781603
v -1.01839399 0.11051005 1.05609774
v -1.01848173 0.00024256 1.04260087
v -1.01848101 0.06075532 1.04275548
v -1.01842808 0.11062067 1.0425899
v -1.01833438 0.14422106 1.04261016
v -1.01830971 0.14370229 1.04783403
v -1.01854229 0.06007262 1.03890276
v -1.01849317 0.11067314 1.0387752
v -1.01840341 0.14450827 1.03873062
v -1.0186249 0.16813656 1.03898406
v -1.01843178 0.16780135 1.04264342
v -1.0185585 0.11084485 1.03613519
v -1.01847791 0.14476144 1.0360459
v -1.01862537 0.16941657 1.03609037
v -1.02044713 0.18860358 1.0362252
v -1.0202347 0.1877722 1.03911268
v -1.01838362 0.14578661 1.03365683
v -1.01870536 0.17073398 1.03365993
v -1.02093327 0.18953003 1.03375625
v -1.02662396 0.2037971 1.03383219
v -1.02674365 0.20381429 1.0362904
v -1.01761961 0.17228762 1.03143739
v -1.01719069 0.14713351 1.03134
v -1.00946354 0.14951042 1.0298115
v -1.01046991 0.17545114 1.02986776
v -0.99714803 0.15202891 1.02956759
v -0.99807405 0.17890377 1.02959346
v -0.98485493 0.15376721 1.02978324
v -0.98543649 0.18202824 1.02988398
v -0.98586309 0.20358528 1.02998793
v -0.98469835 0.22258737 1.03028881
v -0.9758898 0.18351863 1.03134822
v -0.97575098 0.20596317 1.03152585
v -0.9752137 0.22463439 1.03179717
v -0.97172147 0.20727348 1.03368675
v -0.97143793 0.22611752 1.03381669
v -0.97210216 0.24338118 1.03392124
v -0.9763633 0.25896948 1.03399109
v -0.97131496 0.22748477 1.03613519
v -0.97189182 0.24379305 1.03632545
v -0.97636604 0.25856149 1.03638923
v -0.98937481 0.26437404 1.03634524
v -0.99033308 0.26393929 1.03395092
v -0.97225058 0.2437542 1.03916144
v -0.97648268 0.25825423 1.0392338
v -0.98924273 0.2639532 1.03919732
v -1.00326871 0.26528689 1.03902208
v -1.00419104 0.2654446 1.03625452
v -0.97643327 0.25804263 1.04284298
v -0.98891979 0.26368266 1.04280722
v -1.00261092 0.26502436 1.04271042
v -1.01685571 0.26525396 1.0425682
v -1.01878237 0.26538246 1.03892302
v -0.98826658 0.26357537 1.04785013
v -1.00167048 0.26506099 1.04787838
v -1.01549708 0.26516374 1.04793238
v -1.03669774 0.26510527 1.04789841
v -1.03672349 0.26520407 1.04228544
v -1.00107872 0.2649261 1.05597388
v -1.0164318 0.26513552 1.05594277
v -1.03708338 0.26508089 1.05587041
v -1.06553924 0.26498854 1.05569446
v -1.0658704 0.26501202 1.04783117
v -1.01638126 0.26520291 1.06558919
v -1.03688705 0.2650974 1.06552207
v -1.06555295 0.26499199 1.06544518
v -1.10594666 0.26495659 1.0653398
v -1.10549056 0.26495578 1.0555185
v -1.03601765 0.26511567 1.07536208
v -1.06514644 0.26499363 1.07531821
v -1.10644841 0.26495662 1.0752803
v -1.15617835 0.26495772 1.07524299
v -1.15573322 0.26495763 1.06523644
v -1.06530642 0.26499161 1.08514607
v -1.10671961 0.26495653 1.08519089
v -1.15643751 0.26495692 1.08526051
v -1.20680117 0.26495701 1.08530008
v -1.20690631 0.26495772 1.07522213
v -1.10721862 0.26495882 1.09469842
v -1.1568681 0.26496127 1.09473514
v -1.20684552 0.26496264 1.09481012
v -1.25669384 0.26496589 1.09479475
v -1.2568767 0.26495671 1.08528447
v -1.15713775 0.2650367 1.10171318
v -1.20690107 0.26504516 1.10180854
v -1.25668215 0.26505926 1.10184514
v -1.30527079 0.26507112 1.10167813
v -1.30564177 0.2649655 1.09452736
v -1.20690429 0.26520207 1.10671877
v -1.25670909 0.26523435 1.10682809
v -1.3050183 0.26524061 1.106655
v -1.34631037 0.26525133 1.10662877
v -1.34635472 0.26509052 1.10157334
v -1.2567116 0.26532205 1.10990619
v -1.30472707 0.265264 1.1097728
v -1.34595918 0.26524061 1.10958969
v -1.37280964 0.26526865 1.10944867
v -1.37386596 0.26528945 1.10626828
v -1.30445492 0.26478484 1.11223971
v -1.34540486 0.26461798 1.11214721
v -1.37175178 0.26447027 1.11212766
v -1.39167976 0.26443067 1.11220192
v -1.3925122 0.26529604 1.10947704
v -1.34460353 0.26137158 1.11446511
v -1.37082684 0.26042014 1.1144917
v -1.39103305 0.25942573 1.11460626
v -1.40851926 0.2579461 1.11465323
v -1.40888667 0.26431888 1.11229276
v -1.36968576 0.25072208 1.11612343
v -1.34340834 0.25289472 1.11620092
v -1.34191346 0.2407739 1.11700415
v -1.3671447 0.23881068 1.11686265
v -1.33976745 0.22763988 1.11691129
v -1.36354863 0.22649233 1.11680769
v -1.33750248 0.21706576 1.11572682
v -1.36019957 0.21641957 1.11562609
v -1.37639927 0.21292109 1.11550962
v -1.38734865 0.20589652 1.11547911
v -1.35785949 0.21231348 1.11355328
v -1.37403154 0.20938004 1.11354017
v -1.38572657 0.20321151 1.11353123
v -1.39051771 0.19138787 1.11357522
v -1.39342415 0.19335845 1.11550676
v -1.37310183 0.20922018 1.11112499
v -1.38553118 0.2027118 1.11108946
v -1.39067566 0.19028 1.11111867
v -1.39183604 0.17265981 1.11116814
v -1.39214551 0.17393212 1.11351215
v -1.38509464 0.20307497 1.10828769
v -1.39069426 0.18894706 1.10829019
v -1.39195251 0.17097508 1.10836291
v -1.39210498 0.14803236 1.10851407
v -1.3920536 0.14929635 1.11106824
v -1.39093172 0.18862889 1.10496926
v -1.39206564 0.16999591 1.10499632
v -1.3922075 0.1474183 1.10514199
v -1.39218604 0.11725643 1.10530579
v -1.39209199 0.11706221 1.10850191
v -1.39220035 0.16965538 1.1007725
v -1.39228904 0.14674034 1.10078811
v -1.39225268 0.11667712 1.10088765
v -1.39238321 0.06806894 1.10090291
v -1.39232063 0.06781552 1.1053735
v -1.39230632 0.14655275 1.09395635
v -1.39227783 0.11592195 1.09404659
v -1.39240133 0.06859089 1.09444773
v -1.39285755 0.00790768 1.09463548
v -1.39282941 0.00797191 1.1012355
v -1.39230537 0.11530294 1.08468318
v -1.39241838 0.06887365 1.08489847
v -1.39287185 0.00791959 1.08532464
v -1.39343118 -0.05382826 1.08559036
v -1.39342248 -0.05389669 1.09507787
v -1.39244723 0.06844014 1.07500469
v -1.39289701 0.00772546 1.07532143
v -1.3934443 -0.05371413 1.07567036
v -1.39375555 -0.10580627 1.07581806
v -1.39375531 -0.10531969 1.08567333
v -1.39292836 0.00744429 1.06539106
v -1.39346635 -0.05435226 1.06576681
v -1.39375388 -0.10653717 1.06592619
v -1.39384603 -0.14096321 1.06594717
v -1.39383387 -0.13990235 1.07582545
v -1.39348304 -0.05403537 1.05597722
v -1.39374327 -0.10696519 1.05616068
v -1.39384734 -0.14102791 1.05616784
v -1.39381408 -0.1662088 1.05620658
v -1.39376699 -0.16624447 1.06598115
v -1.39373958 -0.10536859 1.04774856
v -1.39384341 -0.140227 1.04793858
v -1.39383041 -0.16539621 1.04791903
v -1.39255988 -0.18536011 1.04786491
v -1.39250803 -0.18623153 1.05623304
v -1.39382183 -0.13920022 1.04283857
v -1.39376092 -0.16427268 1.04282128
v -1.39247918 -0.18421869 1.04279196
v -1.38574802 -0.20040762 1.04280138
v -1.38613569 -0.20178915 1.04783403
v -1.39365756 -0.16415341 1.03924715
v -1.39208972 -0.18371783 1.03931605
v -1.3854779 -0.19903288 1.03928923
v -1.37298846 -0.20868746 1.03932142
v -1.37296879 -0.21006356 1.04280567
v -1.39175057 -0.18400056 1.03636276
v -1.38544631 -0.19864742 1.03638923
v -1.37370669 -0.207842 1.03638923
v -1.3575735 -0.21151092 1.03627049
v -1.3563193 -0.21173626 1.0392636
v -1.3857094 -0.19932447 1.03388392
v -1.37462902 -0.20787073 1.03388392
v -1.35845696 -0.21159322 1.03390634
v -1.33665144 -0.21226148 1.03397822
v -1.33580255 -0.21214035 1.03632915
v -1.37606763 -0.20946852 1.0317794
v -1.35974216 -0.21289368 1.03171312
v -1.33750355 -0.21348613 1.03169441
v -1.30618667 -0.21324054 1.03177273
v -1.30627822 -0.21210511 1.034101
v -1.36260652 -0.21964356 1.03003108
v -1.33947217 -0.22116775 1.02997839
v -1.30607509 -0.22128605 1.03003549
v -1.26075172 -0.22232043 1.03013575
v -1.26128768 -0.21371477 1.03187155
v -1.34170496 -0.23398715 1.02953767
v -1.30608439 -0.23476031 1.0295372
v -1.26047086 -0.23555025 1.0295372
v -1.21083176 -0.23599569 1.02954006
v -1.21092402 -0.2225901 1.03013575
v -1.30623841 -0.24831479 1.02992641
v -1.26030194 -0.24911581 1.02992641
v -1.21079766 -0.24980041 1.02985167
v -1.16090977 -0.24923966 1.02989554
v -1.16096746 -0.23546254 1.02955424
v -1.26015925 -0.25995111 1.03131783
v -1.21075773 -0.26089152 1.03121447
v -1.16085648 -0.26049047 1.03120029
v -1.11374902 -0.2587448 1.03122234
v -1.11393618 -0.24774663 1.02989232
v -1.21065044 -0.26476267 1.03345739
v -1.16104972 -0.26461815 1.03341424
v -1.11378216 -0.26399287 1.03335464
v -1.07301008 -0.26335746 1.03323495
v -1.07379674 -0.25729027 1.0312339
v -1.16109073 -0.26518976 1.03581833
v -1.11362993 -0.26508256 1.03574073
v -1.0721929 -0.26488289 1.03561222
v -1.04440748 -0.26499217 1.03542268
v -1.0453087 -0.26289531 1.03306829
v -1.11345493 -0.26517218 1.03824496
v -1.07151567 -0.26515606 1.03824222
v -1.04269945 -0.26525682 1.03809487
v -1.0221765 -0.26531478 1.03793048
v -1.02385652 -0.26507538 1.03520417
v -1.07107138 -0.26512894 1.04174602
v -1.04073071 -0.26523584 1.04168593
v -1.01993572 -0.2652786 1.04186499
v -1.00519943 -0.26481407 1.04196953
v -1.0060594 -0.26505154 1.03798258
v -1.03932356 -0.26513478 1.04729497
v -1.01838576 -0.26517498 1.0471915
v -1.00393581 -0.26501131 1.04714584
v -0.99072086 -0.26324185 1.04710149
v -0.99182546 -0.26255843 1.04198527
v -1.0175178 -0.26504251 1.05528521
v -1.00334847 -0.26460418 1.05528521
v -0.99066168 -0.26209357 1.0552721
v -0.98025202 -0.25500583 1.05526542
v -0.97961086 -0.2562381 1.04705297
v -1.00242781 -0.26443657 1.06481194
v -0.98994547 -0.26163274 1.06478512
v -0.97997623 -0.25449323 1.0647695
v -0.97387206 -0.24310897 1.0647639
v -0.97401624 -0.24317383 1.05522501
v -0.98802769 -0.26191601 1.0745691
v -0.97775232 -0.25627878 1.07453453
v -0.97291064 -0.24503265 1.07455349
v -0.97179609 -0.23110602 1.07459175
v -0.97201299 -0.22892794 1.0647695
v -0.97715288 -0.25705415 1.08445656
v -0.97262096 -0.24529844 1.08446431
v -0.97173345 -0.23126068 1.08448875
v -0.9716435 -0.21577653 1.08453035
v -0.9716615 -0.21456241 1.07464397
v -0.97266465 -0.24471098 1.09390676
v -0.97179693 -0.23028235 1.0939424
v -0.97168296 -0.21468463 1.09398734
v -0.97174471 -0.19376765 1.0940721
v -0.97172832 -0.19445598 1.08459234
v -0.97168445 -0.22924767 1.10153675
v -0.97163784 -0.21375837 1.10142612
v -0.97170025 -0.19153221 1.10137832
v -0.97177028 -0.15953789 1.10143137
v -0.97184246 -0.16085974 1.09422719
v -0.9715771 -0.21047583 1.10648322
v -0.97159421 -0.18832077 1.10670375
v -0.97163373 -0.15816143 1.10677039
v -0.97164088 -0.11361537 1.10676991
v -0.9717921 -0.11491545 1.10157227
v -0.97154587 -0.18598109 1.10990297
v -0.97157818 -0.15748535 1.10989487
v -0.97159868 -0.11294006 1.10986602
v -0.97161805 -0.05855495 1.10989022
v -0.97163629 -0.05872183 1.10679519
v -0.97179538 -0.15647915 1.11243379
v -0.97192537 -0.11228962 1.11237442
v -0.97202414 -0.05844547 1.11236476
v -0.97186178 -0.00193843 1.11243581
v -0.9715839 -0.00197199 1.10994935
v -0.97415542 -0.11170424 1.11470735
v -0.9745025 -0.05840512 1.11468505
v -0.97445374 -0.00190701 1.11475074
v -0.97451508 0.05469114 1.11478245
v -0.97190201 0.05458993 1.112486
v -0.9816792 -0.05845563 1.11655056
v -0.98171538 -0.00184348 1.11660826
v -0.98189961 0.05485409 1.11660826
v -0.98184084 0.10833402 1.1165775
v -0.97477221 0.10844387 1.11473751
v -0.99274849 -0.00178642 1.11759853
v -0.99285322 0.05511712 1.1175872
v -0.99267792 0.10837897 1.1175673
v -0.9925642 0.15242143 1.11749184
v -0.98214614 0.15348053 1.11651933
v -1.00511157 0.05548353 1.11752021
v -1.00479412 0.10849783 1.11753845
v -1.00415551 0.15060785 1.11751008
v -1.00485825 0.17812727 1.1175096
v -0.99349832 0.18111199 1.11752665
v -1.01522111 0.1087551 1.11645841
v -1.01435971 0.1486704 1.116544
v -1.01447796 0.17416976 1.11657524
v -1.01803278 0.14635489 1.11439883
v -1.01827168 0.17135076 1.11455822
v -1.02106595 0.18963751 1.11455822
v -1.02767336 0.20232662 1.11451375
v -1.01895105 0.16954663 1.11226546
v -1.02152037 0.1880033 1.11223912
v -1.02856481 0.20122611 1.11222577
v -1.04034924 0.20907531 1.11220777
v -1.03924298 0.21001598 1.11455404
v -1.02125036 0.18678852 1.10949575
v -1.02799081 0.20149512 1.1094942
v -1.04121875 0.20915514 1.10941183
v -1.05773115 0.21185739 1.10944283
v -1.05676055 0.21175716 1.11220037
v -1.02678132 0.20249792 1.10624396
v -1.04109573 0.21018862 1.10613536
v -1.05848097 0.21214583 1.10607576
v -1.079391 0.21231603 1.10616183
v -1.07900941 0.21219894 1.10944473
v -1.04074263 0.21040293 1.10197663
v -1.05829501 0.21233256 1.10185694
v -1.07954514 0.21242417 1.10170698
v -1.10939347 0.21230329 1.10167717
v -1.10930454 0.21221044 1.10611069
v -1.05726933 0.21240279 1.09509396
v -1.07925736 0.21245563 1.09503436
v -1.10906815 0.2123308 1.09501814
v -1.15160524 0.21226529 1.09513974
v -1.15267777 0.21223329 1.10166227
v -1.07854676 0.21243292 1.08575761
v -1.10771083 0.21232825 1.08574414
v -1.15101718 0.2122619 1.08571565
v -1.20551455 0.21226123 1.08573341
v -1.20601069 0.21226429 1.09521389
v -1.10747087 0.21232549 1.07587289
v -1.1509217 0.21226292 1.075845
v -1.20500183 0.21226124 1.075845
v -1.25884974 0.21225908 1.07562506
v -1.25956857 0.21225847 1.08550036
v -1.150882 0.21226203 1.06587803
v -1.20481824 0.21226121 1.06588494
v -1.25859141 0.21226105 1.06573343
v -1.30219376 0.21232809 1.06549608
v -1.30244171 0.21232426 1.07532298
v -1.20475196 0.21226142 1.05588114
v -1.25857698 0.21226158 1.0559473
v -1.30193102 0.2123302 1.0557481
v -1.3307029 0.21245387 1.05564653
v -1.33111727 0.21245922 1.06535196
v -1.25854694 0.2122633 1.04727208
v -1.3019967 0.2123309 1.04728305
v -1.33082258 0.21245278 1.0473231
v -1.35209739 0.21236372 1.04730093
v -1.35199391 0.21238668 1.05561006
v -1.30226302 0.21232193 1.04210007
v -1.33167529 0.21244038 1.04202199
v -1.35254538 0.21237649 1.0420562
v -1.36966085 0.21100251 1.0421288
v -1.36940026 0.21120543 1.04727065
v -1.33213281 0.21238169 1.03821611
v -1.35336375 0.21220088 1.03843438
v -1.37010383 0.21077251 1.03858888
v -1.38454151 0.20609915 1.03864479
v -1.38407635 0.2056003 1.04215169
v -1.35449409 0.21209371 1.03559649
v -1.37093651 0.21065902 1.03565478
v -1.38480758 0.20636013 1.0357244
v -1.39039552 0.19162458 1.03563165
v -1.39048552 0.19058556 1.03854811
v -1.37171196 0.21063326 1.0331192
v -1.35510611 0.21212706 1.03310442
v -1.35665011 0.21335193 1.03079199
v -1.33306193 0.21235227 1.03317344
v -1.33479428 0.21339838 1.0307964
v -1.33756589 0.22230063 1.02927088
v -1.35923516 0.22149591 1.02919971
v -1.33937227 0.23661443 1.02915501
v -1.36230552 0.23609094 1.02911078
v -1.34079551 0.25063774 1.02953207
v -1.36516881 0.25057315 1.02949082
v -1.38345146 0.25013893 1.02957546
v -1.39976167 0.25167042 1.02969563
v -1.36635017 0.26227438 1.03086066
v -1.38541424 0.2627345 1.03089046
v -1.40183341 0.262997 1.03104293
v -1.38673925 0.26514655 1.03315901
v -1.40341794 0.26523846 1.03312921
v -1.41851353 0.26437899 1.0331645
v -1.43247461 0.25976979 1.03316521
v -1.40489482 0.26547855 1.035393
v -1.41954135 0.26479417 1.03546321
v -1.43330204 0.26046741 1.03548169
v -1.43884742 0.24613174 1.03548944
v -1.43786084 0.2451395 1.03313374
v -1.42044603 0.26455187 1.03826773
v -1.43376636 0.26062256 1.0383104
v -1.438748 0.24647268 1.03832256
v -1.43954706 0.23070246 1.03820693
v -1.4395647 0.2298239 1.03542184
v -1.43404996 0.26058644 1.04199111
v -1.43851435 0.24668562 1.04196929
v -1.43936085 0.23136884 1.04194748
v -1.43941915 0.21518765 1.04181289
v -1.43950045 0.21339394 1.03797102
v -1.4385941 0.24733221 1.0473026
v -1.43934977 0.23259353 1.04724013
v -1.43934166 0.21721985 1.04721152
v -1.43918454 0.19570143 1.04710865
v -1.43929314 0.19453799 1.04158186
v -1.4393053 0.23428119 1.05540704
v -1.43930113 0.21799534 1.05528259
v -1.43912398 0.19636608 1.05513417
v -1.43895161 0.16530513 1.05496859
v -1.43902134 0.16459186 1.0469731
v -1.4392997 0.21867263 1.06492471
v -1.43910265 0.19721341 1.06481027
v -1.43891096 0.16559585 1.06467247
v -1.43887209 0.12163545 1.06457197
v -1.43891418 0.12220469 1.05475771
v -1.43907702 0.19693405 1.07466411
v -1.43887281 0.16495749 1.0745629
v -1.43883609 0.1209669 1.07449901
v -1.43905043 0.06539191 1.07456457
v -1.43908131 0.06595134 1.06459701
v -1.43884503 0.16397228 1.08445847
v -1.43880724 0.12056864 1.08444547
v -1.43902385 0.06513072 1.08456182
v -1.43945741 0.00829311 1.08485269
v -1.43948185 0.0082056 1.07484018
v -1.43879294 0.12072813 1.09399199
v -1.43901062 0.0648984 1.09403657
v -1.43944358 0.00851691 1.0943228
v -1.43995857 -0.04792161 1.09472072
v -1.43997073 -0.04846095 1.08526575
v -1.43906569 0.0647885 1.10103488
v -1.4394921 0.00867931 1.1013031
v -1.44000124 -0.04756484 1.10166299
v -1.44032371 -0.10319015 1.10183489
v -1.44027888 -0.10398859 1.09494733
v -1.43959736 0.00880375 1.10624623
v -1.44009745 -0.04736065 1.10648739
v -1.44042456 -0.10255023 1.10667324
v -1.44042933 -0.1521421 1.10662913
v -1.44033145 -0.15309052 1.1019212
v -1.44013714 -0.04727556 1.10974347
v -1.44050431 -0.10221477 1.10988819
v -1.44049191 -0.15160425 1.1097989
v -1.44054234 -0.18722872 1.10974311
v -1.44049608 -0.18779325 1.10660469
v -1.44044363 -0.10208386 1.11234295
v -1.44039642 -0.15106551 1.11228776
v -1.44041621 -0.18581669 1.11223912
v -1.4405663 -0.20835027 1.11221504
v -1.44065511 -0.20948225 1.10970437
v -1.43939697 -0.15057262 1.11466217
v -1.43925178 -0.18448354 1.1146183
v -1.43945109 -0.20742365 1.11457383
v -1.43988716 -0.2265587 1.11442303
v -1.44080328 -0.22740225 1.11217904
v -1.43361437 -0.18347589 1.11663758
v -1.43296909 -0.20645588 1.11654865
v -1.43371391 -0.22556152 1.11639881
v -1.42233467 -0.18086023 1.11750543
v -1.43432855 -0.15014269 1.1167128
v -1.42325925 -0.14908975 1.11756503
v -1.41117429 -0.14751176 1.11758053
v -1.41050028 -0.17743182 1.11745464
v -1.40025663 -0.14599342 1.11664938
v -1.40020954 -0.17363496 1.11653494
v -1.39464902 -0.14338983 1.11463391
v -1.39423024 -0.16991178 1.11465656
v -1.39213895 -0.18929019 1.11463344
v -1.38572847 -0.20182243 1.11460256
v -1.39311957 -0.16856519 1.11238873
v -1.39076066 -0.18709681 1.11234319
v -1.38517534 -0.20129287 1.11226642
v -1.37399208 -0.20883566 1.11218941
v -1.37462234 -0.20920157 1.11449539
v -1.39160299 -0.1864739 1.10961794
v -1.38596034 -0.20190382 1.10959088
v -1.37322258 -0.20957137 1.10948681
v -1.35707879 -0.21175207 1.1095246
v -1.35784781 -0.21176767 1.11209011
v -1.38612878 -0.20198497 1.10626208
v -1.37289643 -0.20982156 1.10617601
v -1.35608172 -0.21202753 1.10606563
v -1.33489632 -0.21228432 1.1061213
v -1.33535003 -0.21218772 1.1094166
v -1.37304282 -0.21058951 1.10180413
v -1.355888 -0.21221934 1.10175037
v -1.33467781 -0.2123752 1.10173487
v -1.30644142 -0.21230381 1.10187804
v -1.30670845 -0.21224023 1.10612022
v -1.35615027 -0.21225762 1.09485781
v -1.33511042 -0.21241247 1.09499585
v -1.30666315 -0.21233737 1.09512698
v -1.2651577 -0.21226707 1.09540808
v -1.2640264 -0.21224285 1.10206234
v -1.33536028 -0.21238605 1.08568334
v -1.30769348 -0.21234117 1.0857172
v -1.26475155 -0.21226553 1.08579015
v -1.2105453 -0.21226073 1.08589339
v -1.21041512 -0.21226231 1.09541451
v -1.30773592 -0.21233932 1.07586813
v -1.26492595 -0.21226544 1.07585585
v -1.21077156 -0.21226076 1.07582306
v -1.15641152 -0.212261 1.07579624
v -1.15613579 -0.21226143 1.08582663
v -1.26579797 -0.21226352 1.06590843
v -1.21133625 -0.21226081 1.06584739
v -1.15652263 -0.212261 1.06581747
v -1.11027658 -0.21235731 1.06577444
v -1.11023175 -0.21235592 1.0757513
v -1.21156454 -0.2122619 1.05597579
v -1.15674829 -0.21226289 1.05600333
v -1.11056768 -0.21235115 1.05600333
v -1.08040845 -0.21250939 1.05596971
v -1.08036494 -0.21251274 1.06572806
v -1.15755629 -0.21225413 1.04774558
v -1.11067915 -0.21235014 1.04761004
v -1.08111035 -0.21251249 1.04775643
v -1.05896389 -0.21242274 1.04775691
v -1.05837416 -0.21240508 1.05594742
v -1.11176657 -0.21229766 1.04274749
v -1.0811373 -0.21245892 1.04270398
v -1.05968797 -0.21241779 1.04271042
v -1.04216074 -0.21005442 1.04270398
v -1.04132807 -0.21039447 1.04771482
v -1.08135342 -0.21234491 1.03906071
v -1.05971384 -0.21205 1.0391165
v -1.04244315 -0.2095081 1.03919732
v -1.02863073 -0.20179353 1.03917193
v -1.02770412 -0.20201966 1.04270064
v -1.0593512 -0.2117225 1.03618085
v -1.04253304 -0.20882207 1.03620719
v -1.02999103 -0.20157617 1.03622198
v -1.02241075 -0.1878692 1.03618085
v -1.02095854 -0.18718335 1.03914248
v -1.04207265 -0.20929202 1.03368818
v -1.03044939 -0.20160102 1.03370785
v -1.02244246 -0.1888957 1.03374111
v -1.01903176 -0.16995383 1.03376662
v -1.01918351 -0.16858367 1.0361793
v -1.02883207 -0.20391814 1.03165125
v -1.02132225 -0.19054155 1.03163278
v -1.0180794 -0.17150539 1.03155708
v -1.01747345 -0.14651376 1.03154087
v -1.01852834 -0.14475019 1.03382897
v -1.01102411 -0.1749714 1.03000283
v -1.00994551 -0.14849749 1.02995622
v -1.0106318 -0.10889126 1.02988207
v -1.01803159 -0.10906678 1.03149747
v -0.99995839 -0.17907908 1.02960622
v -0.99831664 -0.15073426 1.02958512
v -0.99838173 -0.10852884 1.02958333
v -0.99848187 -0.05586581 1.02957356
v -1.01081407 -0.0563557 1.02984929
v -0.98642045 -0.15233925 1.02973246
v -0.98607349 -0.10829666 1.02976155
v -0.98602449 -0.05547446 1.02977132
v -0.98601061 0.00084474 1.02982139
v -0.99837541 0.0008098 1.02957403
v -0.97604483 -0.10828597 1.03101265
v -0.9759038 -0.05517216 1.03108108
v -0.9762935 0.0008857 1.03119647
v -0.97583442 0.05703896 1.03118264
v -0.9856866 0.05727854 1.02982139
v -0.97211694 -0.0550923 1.03331911
v -0.9723947 0.00087703 1.03339815
v -0.97215747 0.05697238 1.03340113
v -0.97209411 0.11045789 1.03341138
v -0.97568035 0.11020968 1.03121185
v -0.9717915 0.0008725 1.0358355
v -0.97173911 0.05696131 1.03579151
v -0.97172921 0.11087824 1.03579056
v -0.97169244 0.1560819 1.03586673
v -0.97195065 0.15544346 1.03345394
v -0.97171872 0.05699005 1.03825974
v -0.97172164 0.11144427 1.0384556
v -0.97169798 0.15660275 1.03845381
v -0.9716162 0.18694473 1.03848421
v -0.97162115 0.18555814 1.03593146
v -0.97179496 0.11228167 1.042328
v -0.97177189 0.15741226 1.0423814
v -0.97169321 0.18884471 1.0424155
v -0.97163236 0.21222284 1.04254055
v -0.97151845 0.21058951 1.03866159
v -0.97183561 0.15812218 1.04741692
v -0.97175556 0.19024276 1.04757964
v -0.9716863 0.21367356 1.04777908
v -0.97171467 0.22926254 1.04778957
v -0.97172701 0.22849775 1.04266977
v -0.97176039 0.19138173 1.05571854
v -0.97169989 0.21386924 1.05583775
v -0.97180324 0.23016913 1.05590283
v -0.97256279 0.24473217 1.05595755
v -0.97215706 0.24425627 1.04781138
v -0.97165739 0.21489603 1.06554317
v -0.97172564 0.23062379 1.06560707
v -0.972947 0.24494724 1.06566524
v -0.97782212 0.25718006 1.06569778
v -0.97646188 0.25760155 1.05599141
v -0.97192359 0.23043069 1.07536208
v -0.97365808 0.24468392 1.07539022
v -0.97925639 0.2566128 1.07540559
v -0.9896118 0.26344832 1.07540834
v -0.98834395 0.26357221 1.06567657
v -0.97342234 0.24496452 1.08498168
v -0.97909915 0.25715404 1.08500325
v -0.98978537 0.26388192 1.08502459
v -1.00282466 0.26510587 1.08504676
v -1.00255966 0.26507675 1.07540512
v -0.9797061 0.25679844 1.09431505
v -0.99026405 0.2637152 1.09434688
v -1.00341785 0.26502567 1.09437739
v -1.0181148 0.26516279 1.09441196
v -1.01706552 0.26520386 1.08507263
v -0.99136871 0.26375907 1.10162472
v -1.00476765 0.26509705 1.10155868
v -1.01909101 0.26519572 1.10146772
v -1.03924024 0.26512548 1.10141551
v -1.03759682 0.26508802 1.09446787
v -1.00624358 0.26509192 1.10600054
v -1.02128458 0.26528266 1.10612022
v -1.04082191 0.26524022 1.10631787
v -1.06901168 0.26516822 1.10641765
v -1.06808626 0.2650378 1.10143792
v -1.02275776 0.26527845 1.10956251
v -1.04228675 0.26530164 1.10958373
v -1.06905639 0.26526418 1.10965001
v -1.1097368 0.26523584 1.10971629
v -1.10924673 0.26515525 1.10644996
v -1.04335832 0.26504114 1.11211252
v -1.06958246 0.26514539 1.11213469
v -1.1100434 0.26502731 1.11215686
v -1.15725994 0.26514363 1.1122334
v -1.15728354 0.2652854 1.10978519
v -1.07013058 0.26354092 1.11449861
v -1.11023688 0.26328781 1.11450004
v -1.15716135 0.2632595 1.11457717
v -1.20678639 0.26307562 1.1147083
v -1.20683872 0.26505187 1.11236476
v -1.11032521 0.25621387 1.11646533
v -1.15698134 0.25570693 1.11653137
v -1.20671308 0.25529182 1.11661887
v -1.25692403 0.25501689 1.11661469
v -1.25680434 0.263094 1.114748
v -1.1567167 0.24316385 1.11753141
v -1.20671308 0.24270698 1.11757016
v -1.25693321 0.24225045 1.11749243
v -1.30382084 0.24137182 1.11723089
v -1.30406045 0.25374636 1.11633086
v -1.20664167 0.22876085 1.11744535
v -1.25702416 0.22827255 1.11731183
v -1.3037182 0.22759389 1.11710012
v -1.25722193 0.21677203 1.11602532
v -1.30360746 0.21664412 1.11584055
v -1.25765895 0.21227656 1.11380493
v -1.30363726 0.2123731 1.1136409
v -1.33575487 0.21278277 1.11357104
v -1.30353725 0.21208186 1.11125075
v -1.33447861 0.21224093 1.11121237
v -1.35664629 0.21189445 1.11116647
v -1.33378744 0.21226561 1.10868203
v -1.35531508 0.21189056 1.1084783
v -1.37201607 0.20964384 1.1083306
v -1.35421454 0.2122422 1.10512685
v -1.3710376 0.210158 1.10502934
v -1.38482499 0.20320653 1.10497582
v -1.37053573 0.21108834 1.10091745
v -1.38479125 0.20395919 1.1008619
v -1.3910669 0.1887556 1.10081255
v -1.38441276 0.2045578 1.09411358
v -1.39087665 0.18938998 1.09402167
v -1.39215958 0.17005737 1.09396815
v -1.39070546 0.18969409 1.08461689
v -1.39212691 0.17040087 1.08458983
v -1.39233672 0.14684948 1.08461046
v -1.39213538 0.17085839 1.07477867
v -1.39237058 0.14717444 1.0747931
v -1.39234101 0.11557887 1.07484269
v -1.3924123 0.14750209 1.06503605
v -1.39237952 0.11557147 1.06503033
v -1.39248311 0.06822069 1.06512153
v -1.39242124 0.11608047 1.05529475
v -1.39252317 0.0681249 1.05532825
v -1.39296078 0.00765141 1.05545806
v -1.39257061 0.06811208 1.0468508
v -1.39299106 0.00785336 1.0473876
v -1.39349985 -0.05334638 1.04747545
v -1.39299881 0.00796226 1.04255998
v -1.39349508 -0.05267078 1.04285919
v -1.39373123 -0.10451062 1.04288661
v -1.39346253 -0.05174027 1.03920626
v -1.39369058 -0.10403033 1.03917419
v -1.39376771 -0.13925376 1.03915906
v -1.39363229 -0.10380634 1.0365349
v -1.39369881 -0.13957779 1.03631591
v -1.3935424 -0.16465894 1.03627145
v -1.39366161 -0.14037665 1.03396177
v -1.39347577 -0.16543813 1.03387153
v -1.39144516 -0.18489405 1.03384673
v -1.39409363 -0.16705979 1.03160595
v -1.39261019 -0.18644882 1.0316919
v -1.38684344 -0.20084705 1.03173685
v -1.39984476 -0.17040361 1.02988207
v -1.39414823 -0.14184503 1.03162145
v -1.39986336 -0.14413648 1.02987802
v -1.41188049 -0.14586734 1.02957868
v -1.41112029 -0.17413379 1.02956759
v -1.42372882 -0.1471326 1.02996325
v -1.42261982 -0.17712636 1.02992641
v -1.43368971 -0.14814576 1.03122782
v -1.43288707 -0.17910407 1.0311526
v -1.43162083 -0.20141233 1.03111565
v -1.43122351 -0.22018337 1.03105747
v -1.43852472 -0.18078759 1.03326273
v -1.43839335 -0.20300357 1.03316688
v -1.43787431 -0.22186246 1.0330677
v -1.44021892 -0.20466892 1.03564143
v -1.44005847 -0.22336055 1.035488
v -1.43830657 -0.23933446 1.03549218
v -1.43290364 -0.25316852 1.03549873
v -1.44035649 -0.22438621 1.03848898
v -1.43867611 -0.23997046 1.03853046
v -1.43292939 -0.25332188 1.03854429
v -1.42235875 -0.26193141 1.0384556
v -1.42180132 -0.26121747 1.03542172
v -1.43887567 -0.24076232 1.04221594
v -1.43340337 -0.25381627 1.04222869
v -1.42314076 -0.26216185 1.04219269
v -1.41008234 -0.264923 1.04216516
v -1.40922832 -0.26499062 1.03840196
v -1.43487751 -0.2552416 1.04725062
v -1.42455363 -0.26256638 1.04729819
v -1.41160702 -0.26490712 1.04738366
v -1.39639687 -0.2651669 1.0474981
v -1.39509153 -0.26528704 1.04215061
v -1.42594921 -0.26306545 1.05552363
v -1.4134258 -0.26490104 1.05553937
v -1.39840018 -0.26515954 1.0555545
v -1.37783241 -0.26509583 1.05556237
v -1.37634849 -0.26512721 1.0476576
v -1.41371882 -0.26509884 1.06519293
v -1.39891016 -0.26520505 1.06519293
v -1.37944448 -0.26510936 1.06519293
v -1.35003209 -0.26499036 1.0652008
v -1.34930634 -0.26499632 1.05549824
v -1.39889526 -0.26517754 1.07507789
v -1.3790971 -0.26510423 1.07509791
v -1.35009634 -0.26499563 1.07512283
v -1.3087728 -0.26495677 1.07514274
v -1.30879426 -0.26495641 1.06518185
v -1.37753164 -0.26509395 1.08503544
v -1.35003757 -0.26498872 1.08508002
v -1.30846107 -0.26495605 1.08514607
v -1.25906765 -0.26495632 1.08514702
v -1.25949156 -0.26495748 1.07515347
v -1.34999918 -0.26500526 1.09463
v -1.30789732 -0.26497057 1.09469103
v -1.25851821 -0.26497709 1.0945841
v -1.20849895 -0.2649846 1.09442317
v -1.20868766 -0.26495632 1.08505606
v -1.30704093 -0.26507037 1.10162282
v -1.25827157 -0.26509329 1.10158455
v -1.20852613 -0.26512247 1.10139334
v -1.15856635 -0.26511684 1.1013292
v -1.1581074 -0.26498448 1.09433162
v -1.25813746 -0.26521995 1.10653865
v -1.2085452 -0.26525843 1.10646152
v -1.15889442 -0.26524129 1.10624265
v -1.11044871 -0.26522839 1.10641241
v -1.10935902 -0.26509875 1.10134708
v -1.208534 -0.26519709 1.10959231
v -1.15910339 -0.2651503 1.10963809
v -1.1111449 -0.26519238 1.10965001
v -1.06956541 -0.265219 1.10973978
v -1.0686866 -0.26522517 1.10644996
v -1.15920436 -0.2642925 1.11213696
v -1.11159563 -0.26466408 1.11218142
v -1.07052266 -0.26484561 1.1122694
v -1.04251718 -0.26505634 1.1123296
v -1.04099369 -0.2653256 1.10971081
v -1.11207413 -0.26195648 1.11452889
v -1.07158458 -0.26278662 1.11462867
v -1.04353153 -0.26268163 1.11469352
v -1.02332663 -0.26229551 1.11489355
v -1.02209842 -0.26513764 1.11256682
v -1.07244885 -0.2549926 1.11648786
v -1.04464578 -0.25467357 1.11648488
v -1.02456045 -0.2532261 1.1165775
v -1.00848078 -0.25105494 1.11667728
v -1.0066806 -0.26124107 1.1151582
v -1.04618573 -0.24300678 1.11732232
v -1.07307791 -0.24308463 1.11744773
v -1.04887509 -0.23001454 1.11725699
v -1.1122576 -0.25407043 1.11642861
v -1.15924632 -0.26112958 1.1144793
v -1.20858335 -0.26439946 1.11218047
v -1.25813007 -0.26514563 1.10984242
v -1.30626881 -0.26519754 1.1066811
v -1.34850525 -0.2650724 1.10170137
v -1.3767476 -0.26509159 1.0945146
v -1.39796984 -0.26518639 1.08501303
v -1.41325759 -0.264959 1.07506418
v -1.42592907 -0.26355713 1.06519389
v -1.43559455 -0.25662389 1.05551111
v -1.43941152 -0.24229547 1.04729592
v -1.44041299 -0.22553232 1.04221439
v -1.44051742 -0.20654353 1.03848898
v -1.44024956 -0.1822386 1.03573286
v -1.43887639 -0.14891724 1.0333445
v -1.43397629 -0.10148607 1.03129935
v -1.42376375 -0.10169005 1.02999484
v -1.4233886 -0.04827969 1.02991282
v -1.4115839 -0.10207741 1.02958607
v -1.41113841 -0.04872244 1.02948033
v -1.41057908 0.00822148 1.02919912
v -1.3987782 -0.04924897 1.02982473
v -1.39821648 0.00815381 1.02953136
v -1.39806592 0.06547237 1.02924966
v -1.39313936 0.00814587 1.03148615
v -1.39277052 0.0659646 1.03115367
v -1.39292192 0.11720061 1.0309056
v -1.39248073 0.06651078 1.03353476
v -1.39243006 0.11704399 1.03326451
v -1.39249098 0.15013647 1.03310406
v -1.39244723 0.1168578 1.03566587
v -1.39245104 0.14924736 1.03547048
v -1.39213728 0.1730256 1.03551948
v -1.39251911 0.14883001 1.03825092
v -1.39226782 0.17191426 1.03845155
v -1.39252984 0.14828889 1.04196035
v -1.39228463 0.17110681 1.04200649
v -1.39036965 0.18987956 1.04211378
v -1.39227283 0.17072309 1.04715704
v -1.39031696 0.18964044 1.04719126
v -1.38388848 0.20553299 1.04722082
v -1.39037871 0.18986681 1.05551171
v -1.38354766 0.20552447 1.05557489
v -1.36917948 0.21131208 1.05559825
v -1.38321578 0.20544011 1.06518471
v -1.36907243 0.21135155 1.06522929
v -1.35217237 0.21241632 1.06527805
v -1.36939144 0.21135149 1.0748986
v -1.35243427 0.21247677 1.07499218
v -1.33123791 0.21246609 1.07513308
v -1.35277414 0.21245762 1.08487939
v -1.33106493 0.21245551 1.0850209
v -1.30234277 0.21232317 1.08520352
v -1.3308382 0.21245612 1.09449005
v -1.3021208 0.21231935 1.09477889
v -1.26027238 0.21226151 1.09513914
v -1.30270278 0.21230082 1.10137462
v -1.25980591 0.212234 1.10157966
v -1.20623445 0.21222806 1.10164666
v -1.25924146 0.21215537 1.10570228
v -1.20635974 0.21213415 1.10600054
v -1.15378189 0.21213986 1.1059668
v -1.20644605 0.21202483 1.10918557
v -1.15446627 0.21202547 1.10918748
v -1.10941088 0.21210116 1.10928869
v -1.1549648 0.21199064 1.11165666
v -1.10940349 0.21207496 1.11179161
v -1.07874751 0.21223148 1.11200404
v -1.10948932 0.21264267 1.11420023
v -1.07798874 0.21318389 1.11438596
v -1.0557177 0.21289037 1.11448931
v -1.07622396 0.21864219 1.11651003
v -1.05322992 0.21826244 1.11648881
v -1.07382297 0.23067829 1.11754322
v -1.05002069 0.22931245 1.11753475
v -1.07196331 0.24439172 1.11750543
v -1.04697156 0.24300898 1.11740052
v -1.07081782 0.25645551 1.11647307
v -1.04478037 0.25513887 1.11638355
v -1.02544128 0.25453677 1.11639213
v -1.0438869 0.26266017 1.11445391
v -1.02451705 0.26196643 1.11437809
v -1.00860619 0.26204669 1.11428892
v -1.00927746 0.25372511 1.11614656
v -1.02384436 0.2647489 1.11212658
v -1.00784897 0.26469644 1.11212039
v -0.99414122 0.26303461 1.11205899
v -1.00733971 0.2651638 1.10943591
v -0.99339175 0.26356378 1.10938608
v -0.98172736 0.25638473 1.10947144
v -0.98272967 0.25594997 1.11204791
v -0.9742124 0.24345661 1.10958755
v -0.97497886 0.24317622 1.11229264
v -0.97199815 0.22792109 1.10978281
v -0.97220653 0.22705517 1.11247885
v -0.97560197 0.22573573 1.1147356
v -0.97204768 0.20820213 1.11250865
v -0.97525209 0.20651134 1.11480569
v -0.98350495 0.20499739 1.11663758
v -0.98396134 0.22413396 1.1165775
v -0.9752776 0.18432025 1.11476552
v -0.98271262 0.183187 1.1165775
v -0.97513645 0.1542553 1.11470735
v -0.97218585 0.18532453 1.11246311
v -0.9722523 0.15489694 1.11243581
v -0.97210204 0.10861329 1.11244905
v -0.97171521 0.1554064 1.10991394
v -0.97166466 0.10891766 1.10992467
v -0.97160118 0.05454278 1.10997974
v -0.97167301 0.10936863 1.10679221
v -0.9716475 0.05455972 1.10682797
v -0.97163397 -0.00200223 1.10686862
v -0.97178936 0.05470238 1.10166394
v -0.97178614 -0.00204752 1.10169279
v -0.9717822 -0.059036 1.10164761
v -0.97186964 -0.00204341 1.09443604
v -0.9718694 -0.05945625 1.09440255
v -0.97187107 -0.11639127 1.09434342
v -0.97187638 -0.05995227 1.08494699
v -0.97187638 -0.11649337 1.08481538
v -0.97183865 -0.16172355 1.08468282
v -0.97187507 -0.11505938 1.07486653
v -0.97182953 -0.1602315 1.0747677
v -0.97171938 -0.19351747 1.07470023
v -0.97183108 -0.1589283 1.06483995
v -0.97175532 -0.19131536 1.0648055
v -0.97175228 -0.21316459 1.06478512
v -0.97177571 -0.19061736 1.05508065
v -0.97181093 -0.21215084 1.05514442
v -0.97213113 -0.22856591 1.05518829
v -0.97175276 -0.21258275 1.04711711
v -0.97195315 -0.22862055 1.04707121
v -0.9734919 -0.24361465 1.04705703
v -0.9719063 -0.22736378 1.04198527
v -0.9738183 -0.24259555 1.04203105
v -0.9804967 -0.25525686 1.04201638
v -0.97400343 -0.2418296 1.03822982
v -0.98042917 -0.25524213 1.03821456
v -0.99243164 -0.26269322 1.03812527
v -0.98097193 -0.25458565 1.03523767
v -0.99284589 -0.26220455 1.0351001
v -1.00714993 -0.26478278 1.03508114
v -1.00842201 -0.26129826 1.03276157
v -1.02524924 -0.26261064 1.03288865
v -1.0102694 -0.25327214 1.03093671
v -1.02694535 -0.25489395 1.03098082
v -1.04669845 -0.25630682 1.03111994
v -1.04883587 -0.24530535 1.02993345
v -1.07498049 -0.24663537 1.02997839
v -1.05164313 -0.23285055 1.02959632
v -1.07683706 -0.23380586 1.02957356
v -1.11409866 -0.23417636 1.02952992
v -1.07858324 -0.22074566 1.02994811
v -1.1141591 -0.2206306 1.0299865
v -1.16092181 -0.2220782 1.03013575
v -1.11383914 -0.21268178 1.03169786
v -1.1605786 -0.21352738 1.03187155
v -1.21111166 -0.21392735 1.03189349
v -1.16003382 -0.21199773 1.0341798
v -1.21123206 -0.21209815 1.03419292
v -1.26202333 -0.21212168 1.03417766
v -1.21135473 -0.21203883 1.03656947
v -1.26269888 -0.21205988 1.0365771
v -1.30639731 -0.21211904 1.03650891
v -1.26333761 -0.21213567 1.03915762
v -1.30649542 -0.21221368 1.03910565
v -1.33564269 -0.21229301 1.03913807
v -1.30683755 -0.21229821 1.04290354
v -1.33517015 -0.21238501 1.04288458
v -1.35576164 -0.2121782 1.04285287
v -1.33542442 -0.21243052 1.04801392
v -1.35593891 -0.2122408 1.04793858
v -1.37304484 -0.21052576 1.04786491
v -1.35616445 -0.21230819 1.05622983
v -1.37299311 -0.21069027 1.0562427
v -1.38618123 -0.20265145 1.05624318
v -1.37276244 -0.2107533 1.06602692
v -1.38613736 -0.20268443 1.06603932
v -1.39235127 -0.18619436 1.06601417
v -1.3854562 -0.20188367 1.07591128
v -1.391842 -0.18542714 1.07588505
v -1.39368033 -0.16540202 1.075845
v -1.39195656 -0.1853232 1.08554148
v -1.39366865 -0.16524434 1.08557784
v -1.39383864 -0.13998235 1.08561849
v -1.39380443 -0.16573733 1.09476852
v -1.39384555 -0.14006963 1.09487402
v -1.39374768 -0.10509795 1.09500086
v -1.39381504 -0.14027667 1.10173678
v -1.39372003 -0.10480945 1.10176658
v -1.3933897 -0.05315348 1.10154938
v -1.39364481 -0.10484711 1.10644996
v -1.39330875 -0.05218726 1.10609054
v -1.3927586 0.00805775 1.10570895
v -1.39321708 -0.05144443 1.10938823
v -1.39267051 0.00814438 1.10898971
v -1.39223289 0.06740798 1.10864222
v -1.39261364 0.00823153 1.1114701
v -1.39217388 0.06703387 1.11110925
v -1.39201998 0.11708015 1.11098051
v -1.39235711 0.06648962 1.11351501
v -1.39217853 0.11724425 1.11338138
v -1.39236712 0.15110479 1.11343872
v -1.39542365 0.11743495 1.11556077
v -1.39578592 0.1531718 1.11556756
v -1.39583802 0.17663118 1.11553239
v -1.40601158 0.15518033 1.11654889
v -1.40485906 0.18025176 1.1165992
v -1.41779863 0.1576589 1.11659371
v -1.41629135 0.18394061 1.11664855
v -1.42885756 0.1594173 1.11581063
v -1.42717313 0.18670669 1.11596119
v -1.43635237 0.16064667 1.11402046
v -1.43555748 0.18829686 1.11422431
v -1.43500387 0.20882907 1.11446416
v -1.43869268 0.18917369 1.11180138
v -1.43863654 0.21014486 1.11197483
v -1.43892431 0.2281114 1.11213553
v -1.43447411 0.2271832 1.11456191
v -1.43926382 0.21148632 1.10919356
v -1.43929541 0.2290802 1.10923409
v -1.43892574 0.24414515 1.10923099
v -1.43926906 0.22990465 1.10571205
v -1.43856501 0.24470907 1.10574317
v -1.43410444 0.25759565 1.10581278
v -1.43461203 0.25758633 1.10926151
v -1.42242264 0.26346731 1.10591733
v -1.42292511 0.26348251 1.10939729
v -1.40907025 0.26527816 1.1060456
v -1.40944528 0.26517328 1.10952949
v -1.39366114 0.26535412 1.10619151
v -1.40925538 0.26509255 1.10145878
v -1.39514827 0.2651934 1.10144496
v -1.37500011 0.26514956 1.10152804
v -1.39491844 0.26508438 1.09409403
v -1.37485158 0.2650465 1.09418475
v -1.34599816 0.26498454 1.09431612
v -1.3742659 0.26504692 1.08480131
v -1.34575927 0.2649748 1.0848937
v -1.30614841 0.26495575 1.08508324
v -1.34625315 0.26497754 1.0749768
v -1.30631053 0.26495632 1.07507753
v -1.25725734 0.26495772 1.0752052
v -1.30665528 0.2649562 1.06506919
v -1.25747144 0.26495784 1.06514215
v -1.20667088 0.26495772 1.06520414
v -1.25680363 0.26495575 1.0553857
v -1.20620036 0.26495602 1.05547499
v -1.15553784 0.26495641 1.05551111
v -1.20581781 0.2649813 1.04761505
v -1.15553462 0.26498401 1.0476402
v -1.10609829 0.2649866 1.04780173
v -1.15550041 0.2650831 1.04221594
v -1.10684347 0.26508587 1.04231095
v -1.06620442 0.2651143 1.04231417
v -1.1073687 0.26517188 1.03858828
v -1.06652522 0.2651709 1.03869557
v -1.03849136 0.26527369 1.03884458
v -1.06686806 0.26500222 1.03612029
v -1.03983235 0.26514542 1.03624045
v -1.02051734 0.26539403 1.03624045
v -1.0412898 0.26393175 1.03386151
v -1.02194857 0.26414728 1.03392732
v -1.00544774 0.26460266 1.03391599
v -1.02352404 0.25918513 1.03182804
v -1.00722086 0.26008164 1.03199458
v -1.02545583 0.24844095 1.03031516
v -1.00880074 0.2496559 1.03053271
v -1.04381227 0.2484512 1.03021061
v -1.0470407 0.23468512 1.02962803
v -1.04232037 0.25896516 1.03169655
v -1.06811916 0.25914368 1.03154182
v -1.06901037 0.24860157 1.03010654
v -1.06744182 0.26388165 1.03371858
v -1.10787105 0.26409724 1.03357636
v -1.10789406 0.25947076 1.03137898
v -1.10764873 0.26509112 1.03598964
v -1.15540742 0.26513925 1.03592658
v -1.15531671 0.26425346 1.03351724
v -1.15545988 0.26518124 1.03843319
v -1.20531427 0.26516547 1.03849947
v -1.205168 0.26512467 1.03593981
v -1.20553135 0.26507163 1.04220235
v -1.25563371 0.26507884 1.04212713
v -1.25529336 0.26519405 1.03839075
v -1.25611484 0.26498153 1.04747664
v -1.30517756 0.26498147 1.04732835
v -1.30422866 0.26509836 1.04190099
v -1.30631315 0.2649551 1.05524444
v -1.347229 0.26497274 1.05530881
v -1.3462646 0.26500102 1.04737567
v -1.3473171 0.26497468 1.06503915
v -1.37533402 0.26505008 1.06505227
v -1.37516284 0.265037 1.05539441
v -1.37465429 0.26505634 1.07494044
v -1.39431667 0.2651143 1.07493734
v -1.39568996 0.26513579 1.06508433
v -1.39498257 0.26511254 1.08476936
v -1.40914416 0.26502054 1.08476448
v -1.4090873 0.26500269 1.07494735
v -1.40957653 0.26488667 1.09405183
v -1.4224801 0.26328286 1.09402275
v -1.42197692 0.26373258 1.08477652
v -1.42244303 0.26378434 1.10144138
v -1.43378317 0.25799846 1.10139358
v -1.43331193 0.25797283 1.09399747
v -1.43812334 0.24642691 1.09397482
v -1.43794596 0.24736525 1.08472764
v -1.43256092 0.25836312 1.08476483
v -1.43838119 0.24555821 1.10131144
v -1.43922889 0.23120912 1.10124409
v -1.4391241 0.23262393 1.09395825
v -1.43917095 0.21749168 1.09395015
v -1.43923091 0.21774755 1.08459639
v -1.43919849 0.23357109 1.08466696
v -1.43920755 0.21588191 1.10116124
v -1.43904066 0.1942496 1.10107934
v -1.43900406 0.19531272 1.09394395
v -1.43927466 0.2139617 1.10574626
v -1.43912649 0.1930806 1.10594153
v -1.43896901 0.16345194 1.1059283
v -1.43886482 0.16360282 1.10102391
v -1.43909716 0.19081632 1.10915744
v -1.43897581 0.16247583 1.10911095
v -1.43899571 0.11831625 1.10898912
v -1.43895852 0.11882672 1.10590148
v -1.43863952 0.16150286 1.11163854
v -1.43873965 0.11788838 1.11150217
v -1.43886387 0.06474712 1.11155676
v -1.43918609 0.0647355 1.10912036
v -1.43675994 0.11754696 1.1138755
v -1.43679177 0.0648181 1.11390078
v -1.43758535 0.00898052 1.11414516
v -1.43941915 0.00895363 1.11178457
v -1.42976343 0.11736646 1.11578381
v -1.43010556 0.06495931 1.11585247
v -1.43109226 0.00892213 1.11611747
v -1.43339502 -0.04760787 1.11664676
v -1.43855857 -0.04743696 1.1145333
v -1.41870546 0.06520205 1.11674904
v -1.41965377 0.00871662 1.11702048
v -1.42145884 -0.04823742 1.11736822
v -1.42289733 -0.10266187 1.11756289
v -1.43453729 -0.10225689 1.11680471
v -1.4071623 0.00848192 1.11706662
v -1.40889871 -0.0489787 1.11740398
v -1.41049778 -0.10317486 1.11759257
v -1.39795267 -0.04971834 1.11642479
v -1.39954996 -0.10373825 1.11666607
v -1.39363789 -0.05025259 1.11426961
v -1.39438557 -0.10427317 1.11455237
v -1.39319479 -0.05083567 1.11187136
v -1.3935697 -0.10449293 1.11215043
v -1.39362466 -0.14208251 1.1122694
v -1.39356434 -0.10464405 1.10966646
v -1.39360141 -0.14128488 1.10977935
v -1.39333295 -0.16699855 1.10977041
v -1.39372134 -0.14074102 1.10647881
v -1.39362978 -0.16594946 1.1063447
v -1.39216733 -0.1858381 1.10629701
v -1.39376723 -0.1656727 1.1017822
v -1.39254152 -0.18581664 1.10183394
v -1.38649928 -0.20228837 1.10184752
v -1.39264869 -0.18592105 1.09471988
v -1.38680958 -0.20266987 1.09471988
v -1.37323081 -0.21059081 1.09477424
v -1.38586187 -0.20200637 1.08552944
v -1.37245118 -0.2100481 1.08558023
v -1.35573911 -0.21208305 1.08562898
v -1.37221479 -0.2101573 1.07590031
v -1.35547959 -0.21212984 1.07588958
v -1.33535218 -0.21239002 1.07587158
v -1.35593283 -0.21229876 1.06599855
v -1.33575236 -0.21243228 1.0659697
v -1.3085581 -0.21233761 1.06594765
v -1.33585155 -0.21242156 1.05620563
v -1.30807757 -0.21233271 1.05616784
v -1.26618266 -0.2122631 1.05611205
v -1.30723369 -0.21233183 1.04797077
v -1.26558005 -0.21226006 1.04802918
v -1.21157431 -0.2122522 1.0480535
v -1.26430118 -0.21221931 1.04304063
v -1.21155881 -0.21220444 1.04297256
v -1.1582632 -0.21220243 1.04291343
v -1.21143186 -0.21211136 1.03909504
v -1.15899097 -0.21210165 1.03916978
v -1.11262512 -0.21219059 1.03909397
v -1.15954327 -0.21199955 1.0365864
v -1.11297655 -0.21206426 1.03648853
v -1.08162474 -0.21218209 1.03630077
v -1.11338698 -0.21199436 1.03405535
v -1.08105862 -0.21212884 1.03389418
v -1.05860579 -0.21181523 1.03374612
v -1.08005821 -0.21293883 1.03157413
v -1.0573275 -0.21278134 1.03149747
v -1.04093658 -0.21047017 1.03152787
v -1.05486524 -0.22037126 1.02993571
v -1.3928529 0.00827555 1.11387205
v -1.39639687 0.00828463 1.11604416
v -1.39558696 0.06598882 1.1157155
v -1.40623915 0.06554006 1.116755
v -1.40593552 0.11738644 1.11659932
v -1.41829061 0.11734051 1.11662697
v -1.43936348 -0.1020863 1.11471581
v -1.43995678 -0.04729937 1.11216867
v -1.43962991 0.00888453 1.10929036
v -1.43917405 0.06475888 1.10593342
v -1.4388436 0.11976606 1.10091209
v -1.43881678 0.16326464 1.09400379
v -1.4390347 0.19581224 1.08452403
v -1.43925035 0.21812622 1.07475912
v -1.43935227 0.23480841 1.06502115
v -1.43912529 0.23455628 1.07484185
v -1.43831396 0.24875429 1.06510639
v -1.43763089 0.24847193 1.07490658
v -1.43332147 0.25995409 1.06516063
v -1.43245601 0.25923994 1.07495546
v -1.42251491 0.26434856 1.06514954
v -1.42186129 0.26384821 1.07495701
v -1.40984666 0.26511853 1.06511974
v -1.42296791 0.26419991 1.05559063
v -1.40998995 0.26499539 1.05554842
v -1.39494776 0.26509386 1.05548274
v -1.40902471 0.26504591 1.04740059
v -1.3950386 0.26511269 1.04743826
v -1.37421691 0.26506188 1.04740083
v -1.3926723 0.26520559 1.04188811
v -1.37238347 0.26517558 1.04180336
v -1.34509134 0.26511633 1.04181599
v -1.37016952 0.26531282 1.03808724
v -1.3438543 0.26526051 1.03804218
v -1.3034935 0.26521596 1.03826963
v -1.34332788 0.26531237 1.03559422
v -1.30302727 0.26524668 1.0357089
v -1.25509691 0.26520797 1.03588867
v -1.30262363 0.264887 1.03328824
v -1.25499975 0.26475545 1.03346157
v -1.20508396 0.26435589 1.03353238
v -1.25495684 0.26189678 1.03113734
v -1.20501983 0.26008948 1.03131079
v -1.15517807 0.25980028 1.03128862
v -1.20512545 0.24893437 1.02994763
v -1.15505957 0.24861355 1.02991128
v -1.10791313 0.2485497 1.02997136
v -1.15488851 0.23467086 1.02955281
v -1.107854 0.23483951 1.02954006
v -1.07031095 0.23532439 1.02958333
v -1.10771906 0.2207607 1.02977085
v -1.07212483 0.22150869 1.02976155
v -1.05069685 0.22068309 1.02980864
v -1.074566 0.21326486 1.03134369
v -1.05390501 0.21283757 1.0314114
v -1.07659304 0.21228647 1.03371858
v -1.05535411 0.21186348 1.03366816
v -1.03893995 0.20999452 1.03374111
v -1.05641603 0.21195323 1.03614759
v -1.03991723 0.21018768 1.03623175
v -1.05757987 0.21210852 1.03905642
v -1.04052245 0.21048717 1.03914248
v -1.02673697 0.20362547 1.03909504
v -1.04066324 0.2108304 1.04263544
v -1.02597117 0.2044468 1.04260087
v -1.0197817 0.18774922 1.04262781
v -1.02548718 0.2050281 1.04775273
v -1.01980567 0.18811172 1.04779005
v -1.01842951 0.1681912 1.04782271
v -1.01959455 0.18846014 1.05610823
v -1.01840531 0.16833066 1.05611753
v -1.01830387 0.14357253 1.05611944
v -1.01843154 0.16839939 1.06590747
v -1.01830387 0.1437243 1.06589222
v -1.01839089 0.11051861 1.06588792
v -1.01830363 0.14410378 1.075845
v -1.0183916 0.11099014 1.07582545
v -1.0184549 0.06099213 1.07581806
v -1.01839292 0.1106376 1.08574414
v -1.01845407 0.0611523 1.08571565
v -1.01845562 -0.0007883 1.08577454
v -1.01845121 0.0605924 1.09527635
v -1.01845538 -0.00107411 1.09522914
v -1.01845014 -0.06230966 1.09537923
v -1.01847291 -0.00123017 1.10190641
v -1.01846718 -0.06221412 1.10185694
v -1.01837229 -0.11165154 1.10188663
v -1.01851975 -0.06146001 1.10618162
v -1.01842474 -0.11216811 1.10637319
v -1.018332 -0.14528785 1.10631787
v -1.01850402 -0.1121563 1.10960614
v -1.01841366 -0.14581175 1.10962629
v -1.01859784 -0.17049995 1.10957682
v -1.01848125 -0.14629273 1.11211943
v -1.01874434 -0.17109337 1.11217904
v -1.02037239 -0.18965892 1.11217904
v -1.01830697 -0.17240433 1.11451947
v -1.02055251 -0.19036705 1.114519
v -1.02611196 -0.20391425 1.11445605
v -1.01437449 -0.17516638 1.11656463
v -1.01456594 -0.15065337 1.11670756
v -1.00365436 -0.15258351 1.11757981
v -1.00382161 -0.17857871 1.11743164
v -1.01797366 -0.14764536 1.11448609
v -1.01832604 -0.11217291 1.11442303
v -1.01535558 -0.11197282 1.11666238
v -1.01856315 -0.1121314 1.11205971
v -1.01864278 -0.06038738 1.11195826
v -1.01843833 -0.0598804 1.11431467
v -1.01859188 -0.06087375 1.10947144
v -1.01859641 -0.0014119 1.1094222
v -1.01863753 -0.00148657 1.11185967
v -1.01852417 -0.0013247 1.10618066
v -1.01852011 0.05860655 1.10607719
v -1.01859128 0.05778587 1.10928678
v -1.01846933 0.05963967 1.10188663
v -1.01840293 0.10832855 1.10171067
v -1.01845276 0.10898346 1.10615074
v -1.0183916 0.10877982 1.09525954
v -1.01830875 0.14199388 1.0951612
v -1.01832366 0.1412604 1.1017673
v -1.01831674 0.14358972 1.08575987
v -1.01845514 0.16826875 1.08576083
v -1.01839613 0.16728696 1.09513878
v -1.01839959 0.16877219 1.07586658
v -1.01961302 0.18856693 1.07588315
v -1.01967811 0.18821352 1.08576083
v -1.01976716 0.18853443 1.06592154
v -1.02516973 0.20527966 1.06592953
v -1.02476728 0.20534938 1.07588505
v -1.02504265 0.20542009 1.05609309
v -1.040331 0.21090787 1.05607783
v -1.0403043 0.21089209 1.06592953
v -1.04045844 0.21106325 1.04777443
v -1.05815208 0.21230301 1.0478003
v -1.05812239 0.21228808 1.05604863
v -1.05819678 0.21224188 1.04265821
v -1.07959544 0.21237438 1.04264342
v -1.07992315 0.21240353 1.04780519
v -1.07887768 0.2123145 1.03894054
v -1.10810637 0.21225842 1.03885555
v -1.10843968 0.21230566 1.04262638
v -1.07800805 0.21223458 1.0361582
v -1.10793674 0.21219928 1.03625178
v -1.15303659 0.21213455 1.03634524
v -1.15244793 0.21219629 1.03896284
v -1.10771441 0.21220307 1.0338006
v -1.15358996 0.2121167 1.03389418
v -1.20521438 0.21212209 1.03392255
v -1.20513141 0.21213029 1.03634524
v -1.10762667 0.21289083 1.0314095
v -1.15415716 0.21272426 1.03150963
v -1.20533597 0.21285431 1.03155219
v -1.25629901 0.21306546 1.03140199
v -1.25675368 0.21216926 1.03376877
v -1.1546148 0.22057628 1.02980291
v -1.20538818 0.22108553 1.02987611
v -1.25587356 0.22188898 1.02980411
v -1.302024 0.22227585 1.02948522
v -1.30219125 0.21322706 1.03102886
v -1.20526957 0.23507168 1.02957403
v -1.25548601 0.23596602 1.02952837
v -1.30201435 0.23644912 1.0293169
v -1.25517821 0.25005322 1.02988088
v -1.30209636 0.25047856 1.02969312
v -1.30231869 0.26239335 1.03095471
v -1.34170126 0.2621721 1.0308845
v -1.34253954 0.26499247 1.03319108
v -1.36746096 0.26498252 1.03316724
v -1.36877405 0.26536607 1.03554713
v -1.38825488 0.26543405 1.03548336
v -1.39006602 0.26535102 1.03806042
v -1.40605187 0.26526412 1.03814899
v -1.40748941 0.26511314 1.04196429
v -1.42118501 0.26439863 1.04196035
v -1.42223119 0.26443904 1.04738712
v -1.43432462 0.26048135 1.04736828
v -1.43421816 0.26028651 1.05559241
v -1.43858575 0.24850852 1.05551433
v -1.30225133 0.21223262 1.03338825
v -1.33242285 0.21231143 1.0355674
v -1.30235076 0.21220794 1.03578949
v -1.25724613 0.21214136 1.03619086
v -1.30221867 0.21226963 1.03831148
v -1.2576611 0.21219785 1.0387752
v -1.20504307 0.21219188 1.03892862
v -1.25828039 0.21224705 1.04251444
v -1.20495474 0.21224252 1.04271042
v -1.15166294 0.21224576 1.04274749
v -1.20487225 0.21226123 1.04774558
v -1.15083456 0.2122645 1.047526
v -1.10895812 0.21232354 1.04772341
v -1.15082013 0.21226352 1.05600047
v -1.10845875 0.21232216 1.05599951
v -1.07994258 0.21239839 1.05601871
v -1.10814034 0.21232527 1.06589174
v -1.07956397 0.21240267 1.06590604
v -1.05806028 0.21224796 1.0659182
v -1.07866299 0.21241384 1.07589936
v -1.05708408 0.21230204 1.07590031
v -1.0397439 0.21094222 1.07589697
v -1.05672061 0.21231801 1.08575987
v -1.03917205 0.21094279 1.08575761
v -1.02416861 0.20542256 1.08575987
v -1.03959286 0.21110564 1.0951308
v -1.02499997 0.20433268 1.09516072
v -1.01951897 0.18757742 1.09513974
v -1.02639865 0.20286963 1.10205268
v -1.01999151 0.18660186 1.10201823
v -1.01842594 0.16631579 1.10190486
v -1.02040171 0.18636065 1.10623097
v -1.01861393 0.1666079 1.10616469
v -1.01839089 0.1419432 1.10619914
v -1.01877749 0.16807995 1.10957181
v -1.01849162 0.14303357 1.10953986
v -1.01853585 0.10896606 1.10936665
v -1.01853919 0.14428919 1.11203587
v -1.01859784 0.10892909 1.1118493
v -1.01863706 0.05711938 1.11179018
v -1.01834559 0.10887249 1.11422908
v -1.01835644 0.05649045 1.11417484
v -1.01845407 -0.00153986 1.11422908
v -1.01574289 0.05595202 1.11645507
v -1.01593232 -0.00161465 1.11650002
v -1.01588118 -0.05935556 1.11657381
v -1.00506401 -0.00169385 1.11752021
v -1.00485682 -0.05893798 1.11752069
v -1.00433969 -0.1116492 1.11758053
v -0.99259048 -0.05863158 1.11758053
v -0.99214613 -0.11140994 1.11758053
v -0.9917221 -0.15388226 1.11757612
v -0.98116242 -0.1114154 1.11658632
v -0.9808833 -0.15464982 1.11664128
v -0.98134356 -0.18253903 1.11669528
v -0.99235528 -0.18150289 1.11748695
v -0.98228681 -0.2042274 1.11676204
v -0.97423064 -0.18357139 1.11484253
v -0.97421991 -0.20520196 1.1149919
v -0.97478032 -0.22319354 1.11511313
v -0.98314148 -0.22201903 1.11677587
v -0.97165179 -0.20661297 1.11268413
v -0.97187995 -0.22453603 1.11288201
v -0.97397106 -0.24031807 1.11298
v -0.97174125 -0.22602389 1.11004614
v -0.97353434 -0.24117863 1.11010015
v -0.97912722 -0.25473058 1.11011719
v -0.98068851 -0.2531363 1.11301326
v -0.99072086 -0.26198115 1.1100018
v -0.99165999 -0.26157045 1.11298775
v -1.00410962 -0.26497373 1.10990536
v -1.00536799 -0.26465782 1.1128807
v -1.02011549 -0.26537558 1.10980081
v -1.00276124 -0.26464209 1.10627484
v -1.0178821 -0.26526355 1.10633075
v -1.03941237 -0.26528573 1.10640287
v -1.01528751 -0.26509666 1.10141551
v -1.03712415 -0.26514175 1.10130548
v -1.06713986 -0.26509851 1.10132491
v -1.03556549 -0.26506504 1.09412837
v -1.06541931 -0.26500463 1.09422814
v -1.10815978 -0.26497677 1.09428465
v -1.06491327 -0.26500517 1.08477246
v -1.10742461 -0.26495811 1.08492207
v -1.15781581 -0.26495611 1.08499145
v -1.10877692 -0.26495876 1.07495296
v -1.15869009 -0.26495713 1.07506322
v -1.20925974 -0.26495778 1.0751276
v -1.16014456 -0.26495716 1.06499135
v -1.2097541 -0.26495778 1.06500959
v -1.2594738 -0.2649573 1.06509828
v -1.20998632 -0.26495575 1.0551356
v -1.25929069 -0.26495677 1.0552876
v -1.30839216 -0.26495549 1.05541729
v -1.25930225 -0.26499676 1.04746043
v -1.30758309 -0.26500365 1.04762315
v -1.34694826 -0.26504144 1.04767322
v -1.30701327 -0.26513069 1.04220557
v -1.34635019 -0.26517015 1.04209566
v -1.37504291 -0.26525655 1.04203999
v -1.34606277 -0.26523697 1.03840196
v -1.37342381 -0.26530012 1.03841364
v -1.39390087 -0.26546052 1.03833448
v -1.3724153 -0.26497709 1.03568708
v -1.39279913 -0.26513305 1.03548955
v -1.40857243 -0.26485791 1.03537249
v -1.39157927 -0.26205894 1.03300321
v -1.40755665 -0.2612518 1.03288865
v -1.39063954 -0.25340983 1.0310111
v -1.40648531 -0.25196129 1.03090238
v -1.37105047 -0.25545206 1.03121113
v -1.36910629 -0.24431537 1.02997958
v -1.37165284 -0.26298463 1.03320825
v -1.34530377 -0.26360055 1.03337729
v -1.34482419 -0.25759658 1.0312891
v -1.34589469 -0.26510295 1.03581559
v -1.30660867 -0.26515576 1.03588986
v -1.3065139 -0.26395005 1.03348791
v -1.30669522 -0.26523509 1.03840899
v -1.25956893 -0.26520711 1.03845381
v -1.25972163 -0.2651709 1.03590261
v -1.2594217 -0.26510232 1.04211711
v -1.21033573 -0.26509282 1.04202914
v -1.21046102 -0.2652097 1.03832531
v -1.21017944 -0.26498502 1.04720699
v -1.16092956 -0.26498854 1.04719984
v -1.16105473 -0.26509338 1.04196381
v -1.16063976 -0.26495632 1.05508995
v -1.11139261 -0.26495817 1.05507874
v -1.1123923 -0.26499217 1.047302
v -1.11070096 -0.26495981 1.06496202
v -1.06822037 -0.26500678 1.06491911
v -1.06954908 -0.26500314 1.05522501
v -1.06636226 -0.26500639 1.07483875
v -1.03647697 -0.26508486 1.07475638
v -1.0379759 -0.26508241 1.06487965
v -1.03521013 -0.26508599 1.08465147
v -1.01380157 -0.26505857 1.08456313
v -1.01476633 -0.26499503 1.07468032
v -1.01395881 -0.26498776 1.09402036
v -1.00078034 -0.26458397 1.09395754
v -1.0001291 -0.26467865 1.08451521
v -1.00144839 -0.26476278 1.10151207
v -0.98842871 -0.26293286 1.10158693
v -0.98828554 -0.26266911 1.09391689
v -0.98937523 -0.26231515 1.10634779
v -0.97723698 -0.2563377 1.10646665
v -0.97682356 -0.25700849 1.10161781
v -0.97225862 -0.24412043 1.10159969
v -0.97713553 -0.25705647 1.09389793
v -0.97250235 -0.24295865 1.10639262
v -0.97176885 -0.22756966 1.10635018
v -0.97153365 -0.2082847 1.11001074
v -0.97176969 -0.18485017 1.1125077
v -0.97391134 -0.15551646 1.11477816
v -0.98781549 -0.26270854 1.08447313
v -1.00030744 -0.26439455 1.07461369
v -1.01694774 -0.26500758 1.06484472
v -1.03872668 -0.26509171 1.05528521
v -1.07034111 -0.26503479 1.04732525
v -1.11307787 -0.26509401 1.04193079
v -1.16108954 -0.2651956 1.03836929
v -1.21057128 -0.26523113 1.03585112
v -1.25990355 -0.26437407 1.03350973
v -1.30639779 -0.25916364 1.03130316
v -1.34359061 -0.24683086 1.02995717
v -1.36607003 -0.2316057 1.02956163
v -0.97432172 -0.24147501 1.03510308
v -0.97206515 -0.22578035 1.03509175
v -0.97361797 -0.22545662 1.0326637
v -0.97184956 -0.22654728 1.03820753
v -0.97158783 -0.20893409 1.03818535
v -0.9716047 -0.20765711 1.03522622
v -0.97169965 -0.21088223 1.04193031
v -0.97169035 -0.18861967 1.04177045
v -0.97160095 -0.18700234 1.03817021
v -0.97175318 -0.18976138 1.04705798
v -0.9718225 -0.15741521 1.04708623
v -0.9717623 -0.15647271 1.04180312
v -0.97183197 -0.15881657 1.0550363
v -0.97187459 -0.11195706 1.05494678
v -0.97185951 -0.111148 1.0471214
v -0.97187334 -0.11305186 1.06487405
v -0.97187578 -0.05718199 1.06495285
v -0.97187638 -0.05624721 1.05510091
v -0.97187566 -0.05896145 1.07500183
v -0.97187531 -0.00115083 1.07507789
v -0.97187566 -0.00001469 1.06503999
v -0.97187614 -0.00185319 1.08498168
v -0.97187638 0.05585675 1.08499991
v -0.97187566 0.05656039 1.07506561
v -0.97186881 0.05508323 1.0944457
v -0.97186923 0.11155049 1.09445166
v -0.97187674 0.11236526 1.08495974
v -0.97179806 0.11023303 1.10157024
v -0.97176539 0.15723604 1.10152733
v -0.97183644 0.15842267 1.09440159
v -0.97166758 0.15586642 1.10674858
v -0.9715771 0.18902625 1.10674858
v -0.97168421 0.19055369 1.10157227
v -0.9716354 0.18699894 1.10989069
v -0.97156888 0.20991925 1.10989189
v -0.97152322 0.2117358 1.10644996
v -0.97199744 0.22849264 1.10625541
v -0.97181916 0.22947001 1.10170137
v -0.97163915 0.21314126 1.1016829
v -0.97195994 0.23019975 1.09427022
v -0.97170257 0.21402272 1.09426975
v -0.97174328 0.19160021 1.09431409
v -0.9716686 0.21471746 1.08495509
v -0.97173249 0.19359745 1.08494794
v -0.97183942 0.15869596 1.08494794
v -0.97173047 0.19312769 1.07526278
v -0.97184181 0.15917848 1.07518529
v -0.97187638 0.11285354 1.07511043
v -0.97184246 0.15927538 1.06533575
v -0.97187638 0.11348486 1.06519389
v -0.97187566 0.05748421 1.06505513
v -0.97187578 0.11389921 1.05531108
v -0.97187638 0.05750284 1.05528068
v -0.97187614 0.00046872 1.05521333
v -0.97185427 0.05727462 1.04736065
v -0.97185534 0.00068058 1.04734635
v -0.97185885 -0.05571862 1.04722857
v -0.97178721 0.00079181 1.04201448
v -0.9717946 -0.05541088 1.04194009
v -0.97179126 -0.11020544 1.04191041
v -0.97172701 -0.05520457 1.03826856
v -0.97172164 -0.10940467 1.03825926
v -0.97167587 -0.15564338 1.0380783
v -0.97171723 -0.10890632 1.0355966
v -0.97164869 -0.1554079 1.03550648
v -0.97159051 -0.18603013 1.0354017
v -0.97200214 -0.15474978 1.03303873
v -0.97264468 -0.18501882 1.03290152
v -0.97294765 -0.20696719 1.03276157
v -0.97795689 -0.18385575 1.03078222
v -0.97961854 -0.20655743 1.03064465
v -0.98107218 -0.22495631 1.03062844
v -0.98850566 -0.18207044 1.02975714
v -0.97612601 -0.15390683 1.03085422
v -0.97203403 -0.10852596 1.03318786
v -0.97174626 -0.05510911 1.03574621
v -0.97173547 0.00084712 1.03846859
v -0.97178721 0.05711348 1.04216516
v -0.97185576 0.11328875 1.04743826
v -0.97184395 0.15900209 1.0555545
v -0.97174263 0.19218319 1.06544709
v -0.97168517 0.21448458 1.07531738
v -0.97182756 0.23058331 1.08496642
v -0.9738174 0.24475903 1.09428727
v -0.97357374 0.24450871 1.10171067
v -0.98003453 0.25699156 1.10168194
v -0.97434186 0.24368706 1.10618066
v -0.98110878 0.25644767 1.10606563
v -0.99262595 0.26339733 1.10600054
v -1.11021733 0.24388541 1.11747729
v -1.11002731 0.22999119 1.11749184
v -1.15637564 0.22914828 1.11746656
v -1.10967946 0.21813704 1.1163249
v -1.15591895 0.21744677 1.11623323
v -1.20660305 0.2172802 1.11616838
v -1.15545809 0.2125151 1.11404895
v -1.20652794 0.21251994 1.11398732
v -1.20649981 0.21199379 1.11161065
v -1.25813782 0.21198831 1.1114068
v -1.25859701 0.21204963 1.10891819
v -1.30331516 0.21213777 1.1087538
v -1.30317544 0.21223589 1.10554099
v -1.33302283 0.21235944 1.10533177
v -1.33172404 0.21243718 1.1010971
v -1.35325515 0.21247671 1.10096895
v -1.35265028 0.21251604 1.09432339
v -1.37020301 0.21142193 1.0942136
v -1.3700416 0.21125465 1.08476924
v -1.38399088 0.20481574 1.08467996
v -1.38333439 0.20511597 1.0748378
v -1.39019835 0.18981617 1.07479047
v -1.39005112 0.18989776 1.06512749
v -1.39213419 0.17091986 1.0650748
v -1.39229142 0.17081943 1.05543875
v -1.39247894 0.14753434 1.05536651
v -1.39252209 0.14791174 1.04714965
v -1.39246285 0.11619442 1.04699814
v -1.39248597 0.11624658 1.04191362
v -1.39258492 0.06789341 1.04213237
v -1.39247798 0.11650062 1.03823018
v -1.39257717 0.06739711 1.0385828
v -1.39297974 0.00802097 1.03887379
v -1.3925395 0.06698294 1.0359658
v -1.39293777 0.0080735 1.0362792
v -1.39341187 -0.05105275 1.03657627
v -1.39288365 0.00809788 1.0338608
v -1.393368 -0.05044315 1.03413963
v -1.39358913 -0.10349255 1.03411746
v -1.39365851 -0.04986507 1.03176105
v -1.39394927 -0.10313034 1.03176116
v -1.39935088 -0.10257105 1.02991318
v -1.30426335 0.2620756 1.1145482
v -1.25671339 0.26509943 1.11240005
v -1.20686745 0.26528286 1.10990643
v -1.15724992 0.26518574 1.10664904
v -1.10827338 0.26501536 1.10164666
v -1.06675958 0.2649832 1.09460771
v -1.03619813 0.26510646 1.08511257
v -1.01717901 0.26520094 1.07538342
v -1.00166022 0.26512828 1.06563735
v -0.98759096 0.26321911 1.05599188
v -0.97631031 0.25790995 1.04783117
v -0.97229588 0.24387638 1.04276263
v -0.9715746 0.22794827 1.03891933
v -0.97147077 0.20876114 1.03603649
v -0.97199082 0.18462969 1.03356015
v -0.97524517 0.15492236 1.03119003
v -0.98518884 0.11022069 1.0298115
v -0.99751168 0.11043514 1.02957916
v -0.99807465 0.05762882 1.02956759
v -1.00984573 0.11073254 1.02978324
v -1.01043641 0.05807253 1.02982068
v -1.01067006 0.00077862 1.02986633
v -1.01778078 0.05857762 1.03148722
v -1.01780343 0.00072336 1.03154087
v -1.01798796 -0.05688937 1.03152787
v -1.01858925 0.00064917 1.0338937
v -1.01865673 -0.05754651 1.03388392
v -1.01863253 -0.1091273 1.03385067
v -1.01861131 -0.0582159 1.03631293
v -1.01855731 -0.10916965 1.03628015
v -1.01850605 -0.1436441 1.03620958
v -1.01847505 -0.10892947 1.0388422
v -1.01839911 -0.14314071 1.03897655
v -1.01888251 -0.16757565 1.0390824
v -1.01831245 -0.14250853 1.04266095
v -1.01847577 -0.16678163 1.04271543
v -1.02022159 -0.18677555 1.04269027
v -1.0183072 -0.16687269 1.04776799
v -1.0197134 -0.18684688 1.04770195
v -1.02673745 -0.20256274 1.04767978
v -1.01940977 -0.18683067 1.05591344
v -1.02635824 -0.20261848 1.05593609
v -1.04081034 -0.21037071 1.05594277
v -1.02622032 -0.20320218 1.06565117
v -1.04077065 -0.21048584 1.06566476
v -1.05839347 -0.21241158 1.06568682
v -1.04110741 -0.21075438 1.07569146
v -1.05874145 -0.21247312 1.07569503
v -1.08085393 -0.21251654 1.07571983
v -1.05901598 -0.21239446 1.08567524
v -1.08091783 -0.21251975 1.08571231
v -1.11035049 -0.21235834 1.0857613
v -1.08078634 -0.21252276 1.09512507
v -1.11069178 -0.212357 1.09525454
v -1.15597248 -0.21226289 1.09548401
v -1.11046254 -0.21233616 1.10191798
v -1.15640366 -0.2122481 1.10186612
v -1.21029937 -0.21224258 1.10183942
v -1.1569308 -0.2121922 1.10602223
v -1.21018731 -0.21218736 1.10609102
v -1.26329708 -0.2121874 1.10601806
v -1.21006929 -0.21211881 1.10918557
v -1.2625041 -0.21211637 1.10914409
v -1.30672204 -0.2121725 1.10923874
v -1.26190817 -0.21209257 1.11161816
v -1.30680644 -0.21217635 1.1117208
v -1.33618843 -0.21222108 1.11191439
v -1.30690193 -0.21262884 1.11411702
v -1.33772397 -0.21305742 1.11427784
v -1.35909438 -0.21264979 1.11437857
v -1.34028017 -0.21900099 1.11630916
v -1.36223077 -0.21878598 1.11626112
v -1.34270942 -0.23033797 1.11744535
v -1.36579239 -0.22931543 1.11731147
v -1.34456574 -0.24340191 1.11744535
v -1.37001562 -0.24254392 1.11735534
v -1.37196838 -0.25451856 1.1164112
v -1.39137375 -0.25368943 1.11632263
v -1.39279043 -0.26233753 1.11449813
v -1.40940678 -0.26247289 1.11436319
v -1.40805077 -0.25430825 1.11620318
v -1.41047453 -0.26500704 1.1122353
v -1.42435061 -0.26388302 1.11206734
v -1.42413818 -0.26418063 1.1094731
v -1.43577063 -0.25815823 1.10936713
v -1.43605065 -0.25812771 1.11187744
v -1.43991816 -0.24394881 1.1094762
v -1.4401158 -0.24379374 1.11196434
v -1.44069349 -0.22779679 1.10958373
v -1.43956434 -0.24383726 1.1061424
v -1.44045364 -0.22806127 1.10627579
v -1.44055211 -0.21126449 1.10637652
v -1.44043588 -0.22910678 1.10187268
v -1.44048643 -0.21246369 1.10187804
v -1.4404093 -0.1876257 1.10182702
v -1.44045364 -0.21273006 1.09457719
v -1.44037354 -0.187322 1.09467351
v -1.44029915 -0.15344259 1.09484064
v -1.44037985 -0.18790152 1.08515739
v -1.44029462 -0.15390655 1.08523893
v -1.44027698 -0.10460649 1.08538556
v -1.4403001 -0.1545626 1.07527184
v -1.44027721 -0.10479261 1.07534825
v -1.43998909 -0.04876399 1.07520985
v -1.44027721 -0.10478875 1.0653578
v -1.44000506 -0.04849206 1.06518995
v -1.43950641 0.00865319 1.06485164
v -1.44002354 -0.04792758 1.05537724
v -1.43953931 0.00883139 1.05510056
v -1.43912327 0.06584414 1.05485963
v -1.43960261 0.00878962 1.04717588
v -1.43919825 0.06537459 1.04695642
v -1.43899154 0.12097688 1.04690909
v -1.43931984 0.06501192 1.04143953
v -1.43911898 0.11974471 1.0414381
v -1.43914461 0.16361661 1.04148733
v -1.43921017 0.11864807 1.03765177
v -1.43921732 0.16264231 1.03775668
v -1.43933379 0.19174358 1.03791618
v -1.43908405 0.16200514 1.03523409
v -1.43917298 0.19019405 1.03531837
v -1.43932461 0.21166357 1.0353564
v -1.43781209 0.18854914 1.03294968
v -1.43794405 0.21000789 1.0330435
v -1.43824791 0.22861121 1.03308212
v -1.43273949 0.20855866 1.03102076
v -1.43357491 0.22663028 1.03115785
v -1.4225893 0.20630396 1.02958357
v -1.42375242 0.22455242 1.02977263
v -1.43276405 0.1878685 1.03083634
v -1.43784201 0.16108273 1.0328356
v -1.43910539 0.11808067 1.03513383
v -1.43938672 0.06475662 1.03779673
v -1.43969726 0.00867993 1.04170823
v -1.44006705 -0.04756021 1.04741966
v -1.44027805 -0.10420561 1.05547499
v -1.44029784 -0.15416707 1.06532418
v -1.44038593 -0.18875323 1.07520091
v -1.44047737 -0.21328759 1.08510065
v -1.44034504 -0.22999985 1.09452748
v -1.43947386 -0.24433833 1.10187268
v -1.43558526 -0.25803571 1.10610508
v -1.30658733 -0.22906872 1.11749184
v -1.30684733 -0.21767272 1.11626303
v -1.26069355 -0.21646991 1.11624872
v -1.26124548 -0.21241031 1.11402308
v -1.2097696 -0.21229805 1.11403203
v -1.20992648 -0.21208538 1.11163818
v -1.15777969 -0.21205501 1.11165666
v -1.15740621 -0.21211199 1.10918557
v -1.11050748 -0.21218437 1.10932457
v -1.11038911 -0.21227185 1.10628318
v -1.07908415 -0.21243239 1.10629558
v -1.07971274 -0.2125101 1.10182237
v -1.05826532 -0.21248142 1.10183394
v -1.05865812 -0.21248707 1.09502029
v -1.04118192 -0.21108745 1.09495759
v -1.04145181 -0.21063815 1.08565688
v -1.02679193 -0.20413136 1.08565509
v -1.02651119 -0.20371116 1.07569146
v -1.01965594 -0.18780377 1.07570219
v -1.01938986 -0.18738046 1.06565511
v -1.01828122 -0.16738279 1.06568217
v -1.01825356 -0.16702438 1.05589783
v -1.01824486 -0.14250794 1.05590784
v -1.01825881 -0.14237761 1.0478003
v -1.0183798 -0.10875397 1.04770839
v -1.0184077 -0.10914924 1.04260611
v -1.01847827 -0.0599452 1.04251003
v -1.01853632 -0.05895057 1.03890276
v -1.01853919 0.00039833 1.03888285
v -1.01860213 0.00053022 1.03631484
v -1.01860892 0.05963074 1.0362904
v -1.01860857 0.05909034 1.03385067
v -1.01852083 0.11090742 1.03373479
v -1.01737058 0.11100526 1.03139531
v -1.1909343 0.26097509 1.08535945
v -1.19103038 0.26091599 1.0565083
v -1.18527281 0.26091384 1.05691885
v -1.17973721 0.26091313 1.05842983
v -1.17463064 0.26091393 1.0609833
v -1.17015385 0.26091629 1.06448197
v -1.16647672 0.26092004 1.06879103
v -1.16374135 0.26092517 1.07374501
v -1.16205072 0.26093149 1.07915473
v -1.16147303 0.26093867 1.08481144
v -1.16202998 0.2609466 1.09049904
v -1.1637007 0.2609547 1.09599793
v -1.16641783 0.2609629 1.10109818
v -1.17007911 0.26097068 1.10560226
v -1.17454326 0.26097771 1.10933744
v -1.17964029 0.26098367 1.11215984
v -1.18517041 0.2609885 1.11396062
v -1.19092655 0.26099181 1.11467051
v -1.19668448 0.2609936 1.11426174
v -1.20221984 0.26099371 1.11274981
v -1.20732581 0.26099231 1.11019349
v -1.21180176 0.26098939 1.10669028
v -1.21547806 0.2609851 1.1023761
v -1.21821224 0.26097971 1.09741604
v -1.21990203 0.26097336 1.09200191
v -1.22047877 0.26096636 1.0863415
v -1.21992182 0.26095885 1.08065247
v -1.2182511 0.26095128 1.07515394
v -1.21553456 0.26094371 1.07005691
v -1.211874 0.26093661 1.06555712
v -1.20741105 0.26093006 1.06182742
v -1.20231497 0.26092428 1.05901074
v -1.1967858 0.26091957 1.05721485
v -1.19102191 0.23264822 1.0567919
v -1.18526291 0.23264533 1.05720043
v -1.17972517 0.23264268 1.05870938
v -1.1746155 0.23264023 1.0612601
v -1.17013478 0.23263801 1.06475472
v -1.16645324 0.2326361 1.06905984
v -1.16371309 0.23263458 1.07400941
v -1.16201698 0.23263342 1.07941412
v -1.16143417 0.23263275 1.08506631
v -1.16198575 0.23263254 1.09074914
v -1.1636517 0.23263289 1.09624373
v -1.16636443 0.2326339 1.10134005
v -1.17002224 0.23263546 1.10584116
v -1.17448377 0.23263764 1.10957467
v -1.17957961 0.23264046 1.11239624
v -1.18510961 0.23264367 1.11419737
v -1.1908667 0.23264718 1.11490881
v -1.1966269 0.23265083 1.11450243
v -1.20216548 0.2326544 1.11299395
v -1.20727515 0.23265774 1.11044144
v -1.21175468 0.23266065 1.10694444
v -1.21542775 0.23266306 1.10264277
v -1.21815836 0.23266473 1.0976957
v -1.21984839 0.23266568 1.09229075
v -1.22043049 0.23266582 1.08663392
v -1.21988415 0.2326651 1.0809431
v -1.21822655 0.23266387 1.07543921
v -1.21552062 0.23266196 1.07033801
v -1.21186292 0.23265966 1.06584
v -1.20740187 0.23265695 1.06211125
v -1.20230686 0.23265411 1.05929493
v -1.19677805 0.23265114 1.05749905
v -1.19087386 0.20399288 1.05719244
v -1.1851145 0.2039892 1.05760514
v -1.17957997 0.20398148 1.05913972
v -1.17447769 0.20396988 1.06173932
v -1.17000722 0.20395501 1.06530129
v -1.16633772 0.2039383 1.06968355
v -1.16360938 0.20392139 1.07471132
v -1.16192328 0.20390582 1.0801841
v -1.16134703 0.20389334 1.08588624
v -1.16190075 0.20388521 1.0915935
v -1.1635636 0.2038819 1.09708344
v -1.16626811 0.20388382 1.10214638
v -1.16991341 0.2038902 1.10658943
v -1.17435991 0.20390024 1.1102482
v -1.17943966 0.20391251 1.11298799
v -1.18495464 0.20392535 1.11471092
v -1.19070005 0.20393754 1.11535787
v -1.19645297 0.20394778 1.11490798
v -1.20198321 0.20395532 1.1133877
v -1.2070738 0.20396105 1.11085379
v -1.21153032 0.20396705 1.10737967
v -1.21518909 0.20397293 1.10309374
v -1.21791195 0.2039785 1.09815657
v -1.2195996 0.20398366 1.09275662
v -1.22018551 0.20398818 1.08710062
v -1.21964764 0.20399184 1.0814054
v -1.21800434 0.20399464 1.07589161
v -1.21531927 0.20399653 1.07077467
v -1.21168899 0.20399761 1.06625449
v -1.20724844 0.20399776 1.06250989
v -1.20215809 0.20399694 1.05969202
v -1.19662976 0.20399539 1.05789804
v -1.19118738 0.1746788 1.06046879
v -1.18549978 0.17460879 1.06127154
v -1.18003976 0.17453093 1.06321275
v -1.17501163 0.17444838 1.06621837
v -1.17061269 0.17436495 1.07017064
v -1.16700911 0.17428472 1.07491254
v -1.16433894 0.17421235 1.08025479
v -1.16270041 0.17415188 1.08598399
v -1.1621592 0.174107 1.09187269
v -1.16273355 0.17408007 1.09768867
v -1.164402 0.17407248 1.10320472
v -1.16709625 0.17408433 1.10820877
v -1.17071604 0.17411448 1.11251103
v -1.17512226 0.17416089 1.11595082
v -1.18014907 0.1742203 1.11840415
v -1.18559992 0.17428949 1.11978328
v -1.19127202 0.17436467 1.1200447
v -1.19692909 0.17444235 1.11919832
v -1.20235443 0.17451913 1.11727833
v -1.20735132 0.17459203 1.11435329
v -1.21172702 0.1746588 1.11052846
v -1.21531903 0.17471769 1.1059426
v -1.21798944 0.17476752 1.10076129
v -1.21963954 0.17480762 1.09517371
v -1.22020208 0.17483748 1.08938646
v -1.21965515 0.17485685 1.08361649
v -1.21801686 0.1748656 1.07808351
v -1.21535098 0.17486333 1.07300102
v -1.21175456 0.17484992 1.06857121
v -1.20736336 0.17482481 1.0649724
v -1.20234119 0.17478773 1.06235444
v -1.19688069 0.17473891 1.06083142
v -1.19259131 0.14387719 1.06984543
v -1.18698 0.14372661 1.0710417
v -1.18159735 0.14356412 1.07340359
v -1.17664849 0.14339596 1.07683646
v -1.17232799 0.14323006 1.08120667
v -1.16879928 0.14307424 1.08634066
v -1.16619694 0.14293678 1.09203124
v -1.16461646 0.14282475 1.09805142
v -1.16412091 0.14274355 1.10416114
v -1.16472673 0.14269727 1.11011791
v -1.16641092 0.14268718 1.11569082
v -1.16910481 0.14271289 1.12066578
v -1.17270767 0.14277191 1.1248542
v -1.17708146 0.14286088 1.12810087
v -1.18206155 0.14297469 1.13028979
v -1.18745148 0.14310771 1.1313467
v -1.19303512 0.14325444 1.13125228
v -1.19859862 0.14340864 1.13001477
v -1.20393002 0.14356432 1.12768173
v -1.20883369 0.14371646 1.12433922
v -1.21312058 0.1438594 1.12011003
v -1.21663069 0.14398892 1.11514914
v -1.21923005 0.14410084 1.10963654
v -1.2208215 0.1441923 1.10377478
v -1.22134041 0.14426039 1.09778094
v -1.22076678 0.14430357 1.09187901
v -1.21911919 0.14432032 1.08629179
v -1.21646165 0.14431044 1.08123481
v -1.2128911 0.14427392 1.07690656
v -1.20854306 0.14421093 1.07348144
v -1.20358061 0.14412249 1.07110118
v -1.198197 0.14401049 1.06986904
v -1.19495189 0.1114456 1.08449304
v -1.18943095 0.11120616 1.08606445
v -1.18412959 0.11095585 1.08882761
v -1.17925822 0.11070616 1.09266197
v -1.17501282 0.11046917 1.09741115
v -1.17155337 0.11025686 1.10288226
v -1.16901147 0.11008004 1.108855
v -1.16748106 0.1099462 1.11509323
v -1.16702282 0.10986099 1.12134921
v -1.16765272 0.10982699 1.12737882
v -1.16934609 0.10984354 1.13294935
v -1.17203569 0.10990736 1.13785243
v -1.17562043 0.11001377 1.14190471
v -1.17996418 0.11015603 1.14495909
v -1.1849029 0.11032785 1.14690542
v -1.19023633 0.11052107 1.1476854
v -1.19575524 0.11072934 1.14728331
v -1.20124924 0.11094488 1.14571571
v -1.20650708 0.11116126 1.14304029
v -1.21133542 0.11137195 1.13935351
v -1.2155472 0.11157046 1.13478994
v -1.21898484 0.11175095 1.12951433
v -1.2215172 0.11190805 1.12371885
v -1.22305023 0.11203659 1.11761784
v -1.22352123 0.11213167 1.11143648
v -1.2229129 0.11218956 1.1054089
v -1.22124576 0.11220695 1.09976697
v -1.21858525 0.11218212 1.09472942
v -1.21502888 0.11211397 1.09049618
v -1.21071291 0.11200299 1.08724236
v -1.20579934 0.11185132 1.08510255
v -1.20047962 0.1116634 1.08417081
v -1.19783544 0.07749129 1.10024511
v -1.19236469 0.07722054 1.10210073
v -1.18711829 0.07692719 1.10513794
v -1.18230259 0.0766282 1.1092292
v -1.17811191 0.07634259 1.11420202
v -1.17470276 0.07608741 1.11985397
v -1.17220532 0.07587472 1.12595903
v -1.17071139 0.07571353 1.13227307
v -1.17028117 0.07560619 1.13854861
v -1.17092979 0.07555147 1.14454054
v -1.1726346 0.07554362 1.15002262
v -1.17532789 0.07557488 1.15478789
v -1.17891132 0.07563623 1.15866231
v -1.18324792 0.07572041 1.16150331
v -1.18817579 0.07582067 1.16321229
v -1.19350063 0.07593436 1.16372883
v -1.19900953 0.07606055 1.1630541
v -1.20448648 0.07620058 1.1612159
v -1.20971977 0.07635758 1.15828263
v -1.21451568 0.07653383 1.15435838
v -1.21868801 0.076729 1.14958667
v -1.22207939 0.07694207 1.14413905
v -1.22456026 0.07716564 1.1382153
v -1.22603964 0.07738955 1.13203299
v -1.22645771 0.07760202 1.12581992
v -1.22580039 0.07778894 1.11981046
v -1.22409248 0.07793382 1.11423945
v -1.22140228 0.07802446 1.10932135
v -1.2178303 0.0780511 1.10525548
v -1.21351313 0.07800877 1.10220742
v -1.20861375 0.07789719 1.10030829
v -1.20332241 0.07772143 1.09964239
v -1.20182347 0.03435597 1.11035502
v -1.19636571 0.03418229 1.11240506
v -1.19115603 0.03397861 1.11565077
v -1.18638718 0.03377749 1.11994838
v -1.18223834 0.03361049 1.12510442
v -1.17886483 0.03349376 1.13091146
v -1.17639386 0.03343723 1.13713562
v -1.17491698 0.03343967 1.14353025
v -1.1744939 0.03349262 1.14984309
v -1.1751424 0.03357991 1.15582954
v -1.17683982 0.03368397 1.16126012
v -1.17952156 0.0337874 1.16593587
v -1.18308889 0.03387394 1.16968071
v -1.18740749 0.033932 1.17236316
v -1.1923151 0.03395464 1.17388451
v -1.19762229 0.03393982 1.17421436
v -1.20313704 0.03388195 1.17336988
v -1.20865225 0.03376309 1.17145359
v -1.21393895 0.03359266 1.16856026
v -1.21879851 0.03339697 1.16476881
v -1.22303581 0.03320679 1.16017997
v -1.22648417 0.03305424 1.15492153
v -1.22900366 0.03297028 1.14914667
v -1.23049557 0.03297252 1.14303958
v -1.23089671 0.03307118 1.13680982
v -1.23019385 0.03326033 1.13069164
v -1.2284162 0.03351885 1.1249355
v -1.22564244 0.03380918 1.11979174
v -1.22198355 0.03408997 1.11549949
v -1.21758961 0.0343145 1.11227214
v -1.21263265 0.03444603 1.11027562
v -1.20731151 0.03446064 1.1096214
v -1.20526027 -0.01496505 1.11539197
v -1.19970214 -0.01469673 1.1170547
v -1.19441819 -0.0144889 1.12001395
v -1.18959724 -0.01431026 1.12412846
v -1.18541896 -0.01413209 1.129202
v -1.18202841 -0.01391758 1.13499116
v -1.17954683 -0.01364829 1.141227
v -1.17806291 -0.0133354 1.14765191
v -1.17763662 -0.01299947 1.15400576
v -1.17828381 -0.01267033 1.1600393
v -1.17998278 -0.01237958 1.16552209
v -1.18266928 -0.0121572 1.1702584
v -1.18624818 -0.01202821 1.17408216
v -1.19059312 -0.01202525 1.17690551
v -1.19555032 -0.01217127 1.17866957
v -1.2009319 -0.01246515 1.1793456
v -1.20654177 -0.01289873 1.17893326
v -1.21216166 -0.01344958 1.17745745
v -1.21756935 -0.01408522 1.17496252
v -1.22255682 -0.01476455 1.17152118
v -1.22691977 -0.01544379 1.16722559
v -1.23048067 -0.01607454 1.1621958
v -1.23308777 -0.01661178 1.15658259
v -1.23463976 -0.01701745 1.15056014
v -1.23507142 -0.01726009 1.14433229
v -1.23436725 -0.0173247 1.13812804
v -1.2325555 -0.01721534 1.13219881
v -1.22971439 -0.01695322 1.12680172
v -1.22595799 -0.01657972 1.12219047
v -1.22143793 -0.01614675 1.11859369
v -1.21634161 -0.01570577 1.1161884
v -1.21087944 -0.01530266 1.1150999
v -1.20795047 -0.06436401 1.11577916
v -1.20229709 -0.06374061 1.1171
v -1.19692003 -0.063158 1.11973857
v -1.19201052 -0.0626005 1.12356281
v -1.18775105 -0.06205526 1.12838363
v -1.18429267 -0.06150697 1.13397562
v -1.18175816 -0.06095085 1.14007985
v -1.1802361 -0.06039514 1.14642858
v -1.17978441 -0.05986258 1.15275609
v -1.1804198 -0.05938604 1.15881359
v -1.18212246 -0.05900432 1.16437709
v -1.18483042 -0.05875414 1.16926145
v -1.18845105 -0.05866943 1.17331576
v -1.19285452 -0.05877174 1.17642998
v -1.19788217 -0.05907103 1.17852592
v -1.20334363 -0.05956009 1.17956388
v -1.20903921 -0.06022287 1.17952346
v -1.21474719 -0.06102985 1.17841661
v -1.22024333 -0.06194265 1.17627441
v -1.22531664 -0.06291899 1.17315006
v -1.22975993 -0.06390678 1.16912889
v -1.23339521 -0.0648552 1.16431641
v -1.23607218 -0.06571044 1.15885245
v -1.23768198 -0.06642358 1.15290904
v -1.23815274 -0.06694815 1.14668989
v -1.23746502 -0.06725283 1.14042496
v -1.23564565 -0.06732195 1.13436627
v -1.2327733 -0.06715956 1.12877786
v -1.22896623 -0.06679857 1.12391591
v -1.22438371 -0.06628271 1.12001669
v -1.21921145 -0.06566779 1.11727786
v -1.21366286 -0.06501527 1.1158396
v -1.20965874 -0.10974617 1.11138021
v -1.20391202 -0.10892564 1.11236178
v -1.19844687 -0.10814423 1.1146959
v -1.19345927 -0.10740356 1.11826181
v -1.18913388 -0.1066972 1.12288022
v -1.18562293 -0.10601614 1.12832713
v -1.18305134 -0.10535703 1.13434982
v -1.18150723 -0.10472901 1.14068317
v -1.18105053 -0.1041564 1.14706075
v -1.18169784 -0.10366977 1.15323662
v -1.18342793 -0.1033039 1.15898168
v -1.18617904 -0.10309429 1.16410851
v -1.18985652 -0.10306943 1.16845679
v -1.19432711 -0.10324466 1.17190504
v -1.19943058 -0.10362654 1.17436444
v -1.20497286 -0.10420491 1.17577552
v -1.21075069 -0.1049605 1.17610788
v -1.21654117 -0.10586424 1.175354
v -1.22211635 -0.10687821 1.17353272
v -1.22726297 -0.10796048 1.17068469
v -1.23177206 -0.10906311 1.16688442
v -1.23546397 -0.11013512 1.16223073
v -1.23818659 -0.11112143 1.15685904
v -1.23982918 -0.11196782 1.15093541
v -1.24031758 -0.11262052 1.14466083
v -1.2396301 -0.11303756 1.13826489
v -1.23779189 -0.11318811 1.13200807
v -1.23488271 -0.11306946 1.12615811
v -1.23101937 -0.112699 1.12098181
v -1.22636532 -0.11212041 1.11673224
v -1.22110819 -0.11139242 1.11362111
v -1.21546673 -0.11058198 1.11180579
v -1.21050345 -0.14955431 1.10388636
v -1.20468032 -0.14863373 1.10459196
v -1.19914639 -0.14778463 1.10667896
v -1.19409978 -0.14701136 1.11003422
v -1.18972742 -0.14631098 1.11448478
v -1.18618273 -0.14567479 1.11981177
v -1.18359053 -0.14509181 1.1257652
v -1.18204069 -0.14456968 1.13208448
v -1.18159234 -0.14412123 1.13850641
v -1.18226099 -0.14376856 1.1447829
v -1.18402624 -0.14353907 1.15068769
v -1.1868242 -0.14346097 1.15602588
v -1.19055819 -0.14355529 1.16063094
v -1.19509291 -0.1438326 1.16436874
v -1.20026481 -0.1442925 1.16714203
v -1.20587754 -0.14492665 1.16887271
v -1.21172523 -0.14571382 1.16951847
v -1.21758151 -0.14662812 1.16905593
v -1.22321724 -0.14763502 1.16749346
v -1.22841811 -0.14869882 1.16486454
v -1.23297309 -0.14977492 1.16123247
v -1.23670208 -0.15081559 1.15669488
v -1.23945128 -0.1517695 1.15138173
v -1.24110925 -0.15258175 1.14545571
v -1.24160039 -0.15319556 1.13912189
v -1.24090242 -0.15356646 1.13261067
v -1.23903787 -0.15365776 1.12618136
v -1.23608791 -0.1534639 1.12011146
v -1.2321695 -0.15299725 1.11467802
v -1.22744751 -0.15230472 1.11014211
v -1.22211432 -0.15145073 1.10672831
v -1.21639215 -0.15051014 1.10460853
v -1.210693 -0.18398881 1.09531569
v -1.20480966 -0.1830258 1.09580576
v -1.1992228 -0.18217541 1.09768891
v -1.19413185 -0.18144862 1.1008569
v -1.18972575 -0.18084083 1.10514318
v -1.18615806 -0.18033881 1.11033284
v -1.18355536 -0.1799259 1.1161859
v -1.18200612 -0.17959952 1.12244188
v -1.18156933 -0.17936034 1.12884604
v -1.1822611 -0.17922069 1.13515329
v -1.18406081 -0.17920061 1.14113736
v -1.18690049 -0.17931044 1.1466
v -1.19068455 -0.17956721 1.15137231
v -1.19527435 -0.17997238 1.15531361
v -1.20050406 -0.18052317 1.15831279
v -1.20617342 -0.18120485 1.16028296
v -1.21207535 -0.18199907 1.16116726
v -1.21798229 -0.18288417 1.16093385
v -1.22366249 -0.18382874 1.15957927
v -1.22890043 -0.18480281 1.15713143
v -1.23348605 -0.18577134 1.15364837
v -1.23723757 -0.18669007 1.1492238
v -1.24000203 -0.18751248 1.14398527
v -1.24166607 -0.18818613 1.13809847
v -1.24215412 -0.18866193 1.13176107
v -1.24144268 -0.18889004 1.12520778
v -1.239555 -0.18883952 1.1186974
v -1.23656904 -0.18849945 1.11250865
v -1.2326045 -0.18788936 1.10692238
v -1.22782731 -0.18705743 1.10220587
v -1.22243261 -0.18607513 1.09859108
v -1.21664607 -0.18502728 1.09625589
v -1.21075451 -0.21421721 1.08884453
v -1.20484316 -0.21327802 1.08924222
v -1.19922208 -0.21246439 1.09098756
v -1.19408869 -0.21178013 1.09396135
v -1.18963289 -0.21121884 1.09799599
v -1.18602061 -0.21078883 1.10293066
v -1.18338465 -0.21048565 1.10855829
v -1.18181812 -0.21030637 1.1146419
v -1.18138194 -0.21024793 1.12094056
v -1.18208944 -0.21030488 1.12720596
v -1.18391442 -0.21047303 1.13319897
v -1.18678546 -0.21075061 1.13870012
v -1.19059884 -0.21113342 1.14351487
v -1.19521999 -0.21162977 1.14752388
v -1.2004832 -0.21223416 1.15062212
v -1.20618808 -0.21293492 1.15271723
v -1.21212446 -0.21370993 1.1537435
v -1.21805989 -0.21454043 1.15364325
v -1.22376132 -0.21540063 1.15240323
v -1.22901427 -0.21626561 1.15004909
v -1.23360788 -0.21710342 1.14663994
v -1.23736286 -0.21787819 1.14227449
v -1.24012672 -0.21854618 1.13708806
v -1.2417885 -0.2190639 1.13125157
v -1.24227356 -0.21938678 1.12496912
v -1.2415595 -0.21947427 1.11847901
v -1.23966944 -0.21930049 1.11203956
v -1.23668158 -0.21886158 1.10592544
v -1.23271465 -0.21818001 1.1004101
v -1.22793281 -0.21730269 1.09574961
v -1.22252965 -0.2162961 1.09216845
v -1.21672856 -0.21524389 1.08983206
v -1.21026182 -0.24029909 1.08312392
v -1.20440983 -0.23948302 1.08379066
v -1.19882631 -0.23876674 1.08569383
v -1.19371938 -0.23817606 1.08875036
v -1.1892848 -0.23771888 1.09283244
v -1.1856879 -0.23740311 1.09777045
v -1.18306255 -0.2372258 1.10336315
v -1.18150401 -0.23718145 1.10938906
v -1.18107378 -0.23726446 1.11561203
v -1.18178701 -0.23746809 1.12179374
v -1.18361759 -0.2377872 1.12770021
v -1.18649339 -0.23820999 1.13311362
v -1.19030916 -0.23872864 1.13783538
v -1.19492065 -0.23933032 1.14169526
v -1.20015525 -0.23999886 1.14455485
v -1.20581007 -0.24071668 1.14631164
v -1.21168494 -0.24147594 1.14695632
v -1.21755754 -0.24226212 1.14648938
v -1.2231965 -0.24304312 1.14491343
v -1.22838807 -0.24379304 1.14226269
v -1.23292279 -0.24447593 1.13860905
v -1.23662364 -0.24506114 1.13405692
v -1.2393403 -0.24551089 1.12875175
v -1.24096381 -0.24578924 1.12287187
v -1.24142265 -0.24586634 1.11662769
v -1.24069643 -0.24571692 1.11026072
v -1.23881125 -0.24533893 1.10402691
v -1.23584771 -0.24474461 1.0981965
v -1.23192298 -0.2439693 1.09303045
v -1.2272011 -0.24307075 1.08877122
v -1.22187268 -0.24211961 1.08561813
v -1.21615588 -0.24118219 1.08372139
v -1.21159243 -0.24372793 1.11602973
g Group23845
f 1 5 6 7
f 1 8 9 5
f 1 7 10 8
f 2 11 12 13
f 2 14 15 11
f 2 13 16 14
f 3 17 18 19
f 3 20 21 17
f 3 19 22 20
f 4 23 24 25
f 4 25 26 27
f 4 27 28 23
f 28 27 29 30
f 28 30 31 32
f 28 32 33 23
f 33 34 35 36
f 33 36 24 23
f 33 32 37 34
f 37 38 39 34
f 37 32 31 40
f 37 40 41 38
f 41 42 43 38
f 41 40 44 18
f 41 18 17 42
f 44 40 31 45
f 44 45 46 47
f 44 47 19 18
f 47 46 48 49
f 47 49 22 19
f 49 48 50 51
f 49 51 52 22
f 52 51 53 54
f 52 54 55 56
f 52 56 20 22
f 56 55 57 58
f 56 58 21 20
f 58 57 59 60
f 58 60 61 21
f 61 60 11 15
f 61 15 43 42
f 61 42 17 21
f 60 59 12 11
f 59 57 62 63
f 59 63 64 12
f 64 63 65 66
f 64 66 67 68
f 64 68 13 12
f 68 67 69 70
f 68 70 16 13
f 70 69 71 72
f 70 72 73 16
f 73 72 74 75
f 73 75 39 76
f 73 76 14 16
f 76 39 38 43
f 76 43 15 14
f 75 74 77 35
f 75 35 34 39
f 77 74 78 79
f 77 79 80 81
f 77 81 36 35
f 81 80 82 83
f 81 83 24 36
f 83 82 84 85
f 83 85 25 24
f 85 84 86 87
f 85 87 26 25
f 87 86 88 89
f 87 89 90 26
f 90 89 91 92
f 90 92 93 29
f 90 29 27 26
f 93 92 94 95
f 93 95 96 97
f 93 97 30 29
f 97 96 46 45
f 97 45 31 30
f 96 95 98 99
f 96 99 48 46
f 99 98 6 100
f 99 100 50 48
f 100 6 5 101
f 100 101 102 50
f 102 101 103 104
f 102 104 105 53
f 102 53 51 50
f 105 104 106 107
f 105 107 108 109
f 105 109 54 53
f 109 108 110 111
f 109 111 55 54
f 111 110 112 62
f 111 62 57 55
f 112 110 113 114
f 112 114 115 65
f 112 65 63 62
f 115 114 116 117
f 115 117 118 119
f 115 119 66 65
f 119 118 120 121
f 119 121 67 66
f 121 120 122 123
f 121 123 69 67
f 123 122 124 125
f 123 125 71 69
f 125 124 126 127
f 125 127 78 71
f 127 126 128 129
f 127 129 79 78
f 129 128 130 131
f 129 131 80 79
f 131 130 132 133
f 131 133 82 80
f 133 132 134 135
f 133 135 84 82
f 135 134 136 137
f 135 137 86 84
f 137 136 138 139
f 137 139 88 86
f 139 138 140 141
f 139 141 142 88
f 142 141 143 144
f 142 144 145 91
f 142 91 89 88
f 145 144 146 147
f 145 147 148 94
f 145 94 92 91
f 148 147 10 7
f 148 7 6 98
f 148 98 95 94
f 147 146 149 10
f 149 146 150 151
f 149 151 152 153
f 149 153 8 10
f 153 152 154 155
f 153 155 9 8
f 155 154 156 157
f 155 157 103 9
f 157 156 158 106
f 157 106 104 103
f 158 156 159 160
f 158 160 161 162
f 158 162 107 106
f 162 161 163 164
f 162 164 108 107
f 164 163 165 113
f 164 113 110 108
f 165 163 166 167
f 165 167 168 116
f 165 116 114 113
f 168 167 169 170
f 168 170 171 172
f 168 172 117 116
f 172 171 173 174
f 172 174 118 117
f 174 173 175 176
f 174 176 120 118
f 176 175 177 178
f 176 178 122 120
f 178 177 179 180
f 178 180 124 122
f 180 179 181 182
f 180 182 126 124
f 182 181 183 184
f 182 184 128 126
f 184 183 185 186
f 184 186 130 128
f 186 185 187 188
f 186 188 132 130
f 188 187 189 190
f 188 190 134 132
f 190 189 191 192
f 190 192 136 134
f 192 191 193 194
f 192 194 138 136
f 194 193 195 196
f 194 196 140 138
f 196 195 197 198
f 196 198 199 140
f 199 198 200 201
f 199 201 150 143
f 199 143 141 140
f 201 200 202 203
f 201 203 151 150
f 203 202 204 205
f 203 205 152 151
f 205 204 206 207
f 205 207 154 152
f 207 206 208 159
f 207 159 156 154
f 208 206 209 210
f 208 210 211 212
f 208 212 160 159
f 212 211 213 214
f 212 214 161 160
f 214 213 215 166
f 214 166 163 161
f 215 213 216 217
f 215 217 218 169
f 215 169 167 166
f 218 217 219 220
f 218 220 221 222
f 218 222 170 169
f 222 221 223 224
f 222 224 171 170
f 224 223 225 226
f 224 226 173 171
f 226 225 227 228
f 226 228 175 173
f 228 227 229 230
f 228 230 177 175
f 230 229 231 232
f 230 232 179 177
f 232 231 233 234
f 232 234 181 179
f 234 233 235 236
f 234 236 183 181
f 236 235 237 238
f 236 238 185 183
f 238 237 239 240
f 238 240 187 185
f 240 239 241 242
f 240 242 189 187
f 242 241 243 244
f 242 244 191 189
f 244 243 245 246
f 244 246 193 191
f 246 245 247 248
f 246 248 195 193
f 248 247 249 250
f 248 250 197 195
f 250 249 251 252
f 250 252 253 197
f 253 252 254 255
f 253 255 202 200
f 253 200 198 197
f 255 254 256 257
f 255 257 204 202
f 257 256 258 209
f 257 209 206 204
f 258 256 259 260
f 258 260 261 262
f 258 262 210 209
f 262 261 263 264
f 262 264 211 210
f 264 263 265 216
f 264 216 213 211
f 265 263 266 267
f 265 267 268 219
f 265 219 217 216
f 268 267 269 270
f 268 270 271 272
f 268 272 220 219
f 272 271 273 274
f 272 274 221 220
f 274 273 275 276
f 274 276 223 221
f 276 275 277 278
f 276 278 225 223
f 278 277 279 280
f 278 280 227 225
f 280 279 281 282
f 280 282 229 227
f 282 281 283 284
f 282 284 231 229
f 284 283 285 286
f 284 286 233 231
f 286 285 287 288
f 286 288 235 233
f 288 287 289 290
f 288 290 237 235
f 290 289 291 292
f 290 292 239 237
f 292 291 293 294
f 292 294 241 239
f 294 293 295 296
f 294 296 243 241
f 296 295 297 298
f 296 298 245 243
f 298 297 299 300
f 298 300 247 245
f 300 299 301 302
f 300 302 249 247
f 302 301 303 304
f 302 304 251 249
f 304 303 305 306
f 304 306 307 251
f 307 306 308 259
f 307 259 256 254
f 307 254 252 251
f 308 306 305 309
f 308 309 310 311
f 308 311 260 259
f 311 310 312 313
f 311 313 261 260
f 313 312 314 266
f 313 266 263 261
f 314 312 315 316
f 314 316 317 269
f 314 269 267 266
f 317 316 318 319
f 317 319 320 321
f 317 321 270 269
f 321 320 322 323
f 321 323 271 270
f 323 322 324 325
f 323 325 273 271
f 325 324 326 327
f 325 327 275 273
f 327 326 328 329
f 327 329 277 275
f 329 328 330 331
f 329 331 279 277
f 331 330 332 333
f 331 333 281 279
f 333 332 334 335
f 333 335 283 281
f 335 334 336 337
f 335 337 285 283
f 337 336 338 339
f 337 339 287 285
f 339 338 340 341
f 339 341 289 287
f 341 340 342 343
f 341 343 291 289
f 343 342 344 345
f 343 345 293 291
f 345 344 346 347
f 345 347 295 293
f 347 346 348 349
f 347 349 297 295
f 349 348 350 351
f 349 351 299 297
f 351 350 352 353
f 351 353 301 299
f 353 352 354 355
f 353 355 303 301
f 355 354 356 357
f 355 357 305 303
f 357 356 358 359
f 357 359 309 305
f 359 358 360 361
f 359 361 310 309
f 361 360 362 315
f 361 315 312 310
f 362 360 363 364
f 362 364 365 318
f 362 318 316 315
f 365 364 366 367
f 365 367 368 369
f 365 369 319 318
f 369 368 370 371
f 369 371 320 319
f 371 370 372 373
f 371 373 322 320
f 373 372 374 375
f 373 375 324 322
f 375 374 376 377
f 375 377 326 324
f 377 376 378 379
f 377 379 328 326
f 379 378 380 381
f 379 381 330 328
f 381 380 382 383
f 381 383 332 330
f 383 382 384 385
f 383 385 334 332
f 385 384 386 387
f 385 387 336 334
f 387 386 388 389
f 387 389 338 336
f 389 388 390 391
f 389 391 340 338
f 391 390 392 393
f 391 393 342 340
f 393 392 394 395
f 393 395 344 342
f 395 394 396 397
f 395 397 346 344
f 397 396 398 399
f 397 399 348 346
f 399 398 400 401
f 399 401 350 348
f 401 400 402 403
f 401 403 352 350
f 403 402 404 405
f 403 405 354 352
f 405 404 406 407
f 405 407 356 354
f 407 406 408 409
f 407 409 358 356
f 409 408 410 363
f 409 363 360 358
f 410 408 411 412
f 410 412 413 366
f 410 366 364 363
f 413 412 414 415
f 413 415 416 417
f 413 417 367 366
f 417 416 418 419
f 417 419 368 367
f 419 418 420 421
f 419 421 370 368
f 421 420 422 423
f 421 423 372 370
g Group39348
f 423 422 424 425
g Group23845
f 423 425 374 372
g Group39348
f 425 424 426 427
g Group23845
f 425 427 376 374
f 427 426 428 429
f 427 429 378 376
f 429 428 430 431
f 429 431 380 378
f 431 430 432 433
f 431 433 382 380
f 433 432 434 435
f 433 435 384 382
f 435 434 436 437
f 435 437 386 384
f 437 436 438 439
f 437 439 388 386
f 439 438 440 441
f 439 441 390 388
f 441 440 442 443
f 441 443 392 390
f 443 442 444 445
f 443 445 394 392
f 445 444 446 447
f 445 447 396 394
f 447 446 448 449
f 447 449 398 396
f 449 448 450 451
f 449 451 400 398
f 451 450 452 453
f 451 453 402 400
f 453 452 454 455
f 453 455 404 402
f 455 454 456 457
f 455 457 406 404
f 457 456 458 411
f 457 411 408 406
g Group39348
f 458 456 459 460
f 458 460 461 414
g Group23845
f 458 414 412 411
g Group39348
f 461 460 462 463
f 461 463 464 465
f 461 465 415 414
f 465 464 466 467
f 465 467 416 415
f 467 466 468 469
f 467 469 418 416
f 469 468 470 471
f 469 471 420 418
f 471 470 472 473
f 471 473 422 420
f 473 472 474 475
f 473 475 424 422
f 475 474 476 477
f 475 477 426 424
f 477 476 478 479
f 477 479 428 426
f 479 478 480 481
f 479 481 430 428
f 481 480 482 483
f 481 483 432 430
f 483 482 484 485
f 483 485 434 432
f 485 484 486 487
f 485 487 436 434
f 487 486 488 489
f 487 489 438 436
f 489 488 490 491
f 489 491 440 438
f 491 490 492 493
f 491 493 442 440
f 493 492 494 495
f 493 495 444 442
f 495 494 496 497
f 495 497 446 444
f 497 496 498 499
f 497 499 448 446
f 499 498 500 501
f 499 501 450 448
f 501 500 502 503
f 501 503 452 450
f 503 502 504 505
f 503 505 454 452
f 505 504 506 459
f 505 459 456 454
f 506 504 507 508
f 506 508 509 462
f 506 462 460 459
f 509 511 512 513
f 509 513 463 462
f 513 512 514 515
f 513 515 464 463
f 515 514 516 517
f 515 517 466 464
f 517 516 518 519
f 517 519 468 466
f 519 518 520 521
f 519 521 470 468
f 521 520 522 523
f 521 523 472 470
f 523 522 524 525
f 523 525 474 472
f 525 524 526 527
f 525 527 476 474
f 527 526 528 529
f 527 529 478 476
f 529 528 530 531
f 529 531 480 478
f 531 530 532 533
f 531 533 482 480
f 533 532 534 535
f 533 535 484 482
f 535 534 536 537
f 535 537 486 484
f 537 536 538 539
f 537 539 488 486
f 539 538 540 541
f 539 541 490 488
f 541 540 542 543
f 541 543 492 490
f 543 542 544 545
f 543 545 494 492
f 545 544 546 547
f 545 547 496 494
f 547 546 548 549
f 547 549 498 496
f 549 548 550 551
f 549 551 500 498
f 551 550 552 553
f 551 553 502 500
f 553 552 554 507
f 553 507 504 502
f 554 510 508 507
g Group31966
f 557 556 558 559
f 557 559 560 561
f 561 560 562 563
f 563 562 564 565
f 565 564 566 567
f 567 566 568 569
f 569 568 570 571
f 571 570 572 573
f 573 572 574 575
f 575 574 576 577
f 577 576 578 579
f 579 578 580 581
f 581 580 582 583
f 583 582 584 585
f 585 584 586 587
f 587 586 588 589
f 589 588 590 591
f 591 590 592 593
f 593 592 594 595
f 595 594 596 597
f 597 596 598 599
f 599 598 600 601
f 601 600 602 555
f 602 600 603 604
f 602 604 605 558
f 602 558 556 555
f 605 604 606 607
f 605 607 608 609
f 605 609 559 558
f 609 608 610 611
f 609 611 560 559
f 611 610 612 613
f 611 613 562 560
f 613 612 614 615
f 613 615 564 562
f 615 614 616 617
f 615 617 566 564
f 617 616 618 619
f 617 619 568 566
f 619 618 620 621
f 619 621 570 568
f 621 620 622 623
f 621 623 572 570
f 623 622 624 625
f 623 625 574 572
f 625 624 626 627
f 625 627 576 574
f 627 626 628 629
f 627 629 578 576
f 629 628 630 631
f 629 631 580 578
f 631 630 632 633
f 631 633 582 580
f 633 632 634 635
f 633 635 584 582
f 635 634 636 637
f 635 637 586 584
f 637 636 638 639
f 637 639 588 586
f 639 638 640 641
f 639 641 590 588
f 641 640 642 643
f 641 643 592 590
f 643 642 644 645
f 643 645 594 592
f 645 644 646 647
f 645 647 596 594
f 647 646 648 649
f 647 649 598 596
f 649 648 650 603
f 649 603 600 598
f 650 648 651 652
f 650 652 653 606
f 650 606 604 603
f 653 652 654 655
f 653 655 656 657
f 653 657 607 606
f 657 656 658 659
f 657 659 608 607
f 659 658 660 661
f 659 661 610 608
f 661 660 662 663
f 661 663 612 610
f 663 662 664 665
f 663 665 614 612
f 665 664 666 667
f 665 667 616 614
f 667 666 668 669
f 667 669 618 616
f 669 668 670 671
f 669 671 620 618
f 671 670 672 673
f 671 673 622 620
f 673 672 674 675
f 673 675 624 622
f 675 674 676 677
f 675 677 626 624
f 677 676 678 679
f 677 679 628 626
f 679 678 680 681
f 679 681 630 628
f 681 680 682 683
f 681 683 632 630
f 683 682 684 685
f 683 685 634 632
f 685 684 686 687
f 685 687 636 634
f 687 686 688 689
f 687 689 638 636
f 689 688 690 691
f 689 691 640 638
f 691 690 692 693
f 691 693 642 640
f 693 692 694 695
f 693 695 644 642
f 695 694 696 697
f 695 697 646 644
f 697 696 698 651
f 697 651 648 646
f 698 654 652 651
g Group23845
f 150 146 144 143
f 103 101 5 9
f 78 74 72 71
g Group39348
f 509 508 510 511
g Group23845
f 699 705 704 703
f 699 703 707 706
f 699 706 708 705
f 700 711 710 709
f 700 709 713 712
f 700 712 714 711
f 701 717 716 715
f 701 715 719 718
f 701 718 720 717
f 702 723 722 721
f 702 725 724 723
f 702 721 726 725
f 726 728 727 725
f 726 730 729 728
f 726 721 731 730
f 731 734 733 732
f 731 721 722 734
f 731 732 735 730
f 735 732 737 736
f 735 738 729 730
f 735 736 739 738
f 739 736 741 740
f 739 716 742 738
f 739 740 715 716
f 742 743 729 738
f 742 745 744 743
f 742 716 717 745
f 745 747 746 744
f 745 717 720 747
f 747 749 748 746
f 747 720 750 749
f 750 752 751 749
f 750 754 753 752
f 750 720 718 754
f 754 756 755 753
f 754 718 719 756
f 756 758 757 755
f 756 719 759 758
f 759 713 709 758
f 759 740 741 713
f 759 719 715 740
f 758 709 710 757
f 757 761 760 755
f 757 710 762 761
f 762 764 763 761
f 762 766 765 764
f 762 710 711 766
f 766 768 767 765
f 766 711 714 768
f 768 770 769 767
f 768 714 771 770
f 771 773 772 770
f 771 774 737 773
f 771 714 712 774
f 774 741 736 737
f 774 712 713 741
f 773 733 775 772
f 773 737 732 733
f 775 777 776 772
f 775 779 778 777
f 775 733 734 779
f 779 781 780 778
f 779 734 722 781
f 781 783 782 780
f 781 722 723 783
f 783 785 784 782
f 783 723 724 785
f 785 787 786 784
f 785 724 788 787
f 788 790 789 787
f 788 727 791 790
f 788 724 725 727
f 791 793 792 790
f 791 795 794 793
f 791 727 728 795
f 795 743 744 794
f 795 728 729 743
f 794 797 796 793
f 794 744 746 797
f 797 798 704 796
f 797 746 748 798
f 798 799 703 704
f 798 748 800 799
f 800 802 801 799
f 800 751 803 802
f 800 748 749 751
f 803 805 804 802
f 803 807 806 805
f 803 751 752 807
f 807 809 808 806
f 807 752 753 809
f 809 760 810 808
f 809 753 755 760
f 810 812 811 808
f 810 763 813 812
f 810 760 761 763
f 813 815 814 812
f 813 817 816 815
f 813 763 764 817
f 817 819 818 816
f 817 764 765 819
f 819 821 820 818
f 819 765 767 821
f 821 823 822 820
f 821 767 769 823
f 823 825 824 822
f 823 769 776 825
f 825 827 826 824
f 825 776 777 827
f 827 829 828 826
f 827 777 778 829
f 829 831 830 828
f 829 778 780 831
f 831 833 832 830
f 831 780 782 833
f 833 835 834 832
f 833 782 784 835
f 835 837 836 834
f 835 784 786 837
f 837 839 838 836
f 837 786 840 839
f 840 842 841 839
f 840 789 843 842
f 840 786 787 789
f 843 845 844 842
f 843 792 846 845
f 843 789 790 792
f 846 705 708 845
f 846 796 704 705
f 846 792 793 796
f 845 708 847 844
f 847 849 848 844
f 847 851 850 849
f 847 708 706 851
f 851 853 852 850
f 851 706 707 853
f 853 855 854 852
f 853 707 801 855
f 855 804 856 854
f 855 801 802 804
f 856 858 857 854
f 856 860 859 858
f 856 804 805 860
f 860 862 861 859
f 860 805 806 862
f 862 811 863 861
f 862 806 808 811
f 863 865 864 861
f 863 814 866 865
f 863 811 812 814
f 866 868 867 865
f 866 870 869 868
f 866 814 815 870
f 870 872 871 869
f 870 815 816 872
f 872 874 873 871
f 872 816 818 874
f 874 876 875 873
f 874 818 820 876
f 876 878 877 875
f 876 820 822 878
f 878 880 879 877
f 878 822 824 880
f 880 882 881 879
f 880 824 826 882
f 882 884 883 881
f 882 826 828 884
f 884 886 885 883
f 884 828 830 886
f 886 888 887 885
f 886 830 832 888
f 888 890 889 887
f 888 832 834 890
f 890 892 891 889
f 890 834 836 892
f 892 894 893 891
f 892 836 838 894
f 894 896 895 893
f 894 838 897 896
f 897 899 898 896
f 897 841 848 899
f 897 838 839 841
f 899 901 900 898
f 899 848 849 901
f 901 903 902 900
f 901 849 850 903
f 903 905 904 902
f 903 850 852 905
f 905 857 906 904
f 905 852 854 857
f 906 908 907 904
f 906 910 909 908
f 906 857 858 910
f 910 912 911 909
f 910 858 859 912
f 912 864 913 911
f 912 859 861 864
f 913 915 914 911
f 913 867 916 915
f 913 864 865 867
f 916 918 917 915
f 916 920 919 918
f 916 867 868 920
f 920 922 921 919
f 920 868 869 922
f 922 924 923 921
f 922 869 871 924
f 924 926 925 923
f 924 871 873 926
f 926 928 927 925
f 926 873 875 928
f 928 930 929 927
f 928 875 877 930
f 930 932 931 929
f 930 877 879 932
f 932 934 933 931
f 932 879 881 934
f 934 936 935 933
f 934 881 883 936
f 936 938 937 935
f 936 883 885 938
f 938 940 939 937
f 938 885 887 940
f 940 942 941 939
f 940 887 889 942
f 942 944 943 941
f 942 889 891 944
f 944 946 945 943
f 944 891 893 946
f 946 948 947 945
f 946 893 895 948
f 948 950 949 947
f 948 895 951 950
f 951 953 952 950
f 951 898 900 953
f 951 895 896 898
f 953 955 954 952
f 953 900 902 955
f 955 907 956 954
f 955 902 904 907
f 956 958 957 954
f 956 960 959 958
f 956 907 908 960
f 960 962 961 959
f 960 908 909 962
f 962 914 963 961
f 962 909 911 914
f 963 965 964 961
f 963 917 966 965
f 963 914 915 917
f 966 968 967 965
f 966 970 969 968
f 966 917 918 970
f 970 972 971 969
f 970 918 919 972
f 972 974 973 971
f 972 919 921 974
f 974 976 975 973
f 974 921 923 976
f 976 978 977 975
f 976 923 925 978
f 978 980 979 977
f 978 925 927 980
f 980 982 981 979
f 980 927 929 982
f 982 984 983 981
f 982 929 931 984
f 984 986 985 983
f 984 931 933 986
f 986 988 987 985
f 986 933 935 988
f 988 990 989 987
f 988 935 937 990
f 990 992 991 989
f 990 937 939 992
f 992 994 993 991
f 992 939 941 994
f 994 996 995 993
f 994 941 943 996
f 996 998 997 995
f 996 943 945 998
f 998 1000 999 997
f 998 945 947 1000
f 1000 1002 1001 999
f 1000 947 949 1002
f 1002 1004 1003 1001
f 1002 949 1005 1004
f 1005 957 1006 1004
f 1005 952 954 957
f 1005 949 950 952
f 1006 1007 1003 1004
f 1006 1009 1008 1007
f 1006 957 958 1009
f 1009 1011 1010 1008
f 1009 958 959 1011
f 1011 964 1012 1010
f 1011 959 961 964
f 1012 1014 1013 1010
f 1012 967 1015 1014
f 1012 964 965 967
f 1015 1017 1016 1014
f 1015 1019 1018 1017
f 1015 967 968 1019
f 1019 1021 1020 1018
f 1019 968 969 1021
f 1021 1023 1022 1020
f 1021 969 971 1023
f 1023 1025 1024 1022
f 1023 971 973 1025
f 1025 1027 1026 1024
f 1025 973 975 1027
f 1027 1029 1028 1026
f 1027 975 977 1029
f 1029 1031 1030 1028
f 1029 977 979 1031
f 1031 1033 1032 1030
f 1031 979 981 1033
f 1033 1035 1034 1032
f 1033 981 983 1035
f 1035 1037 1036 1034
f 1035 983 985 1037
f 1037 1039 1038 1036
f 1037 985 987 1039
f 1039 1041 1040 1038
f 1039 987 989 1041
f 1041 1043 1042 1040
f 1041 989 991 1043
f 1043 1045 1044 1042
f 1043 991 993 1045
f 1045 1047 1046 1044
f 1045 993 995 1047
f 1047 1049 1048 1046
f 1047 995 997 1049
f 1049 1051 1050 1048
f 1049 997 999 1051
f 1051 1053 1052 1050
f 1051 999 1001 1053
f 1053 1055 1054 1052
f 1053 1001 1003 1055
f 1055 1057 1056 1054
f 1055 1003 1007 1057
f 1057 1059 1058 1056
f 1057 1007 1008 1059
f 1059 1013 1060 1058
f 1059 1008 1010 1013
f 1060 1062 1061 1058
f 1060 1016 1063 1062
f 1060 1013 1014 1016
f 1063 1065 1064 1062
f 1063 1067 1066 1065
f 1063 1016 1017 1067
f 1067 1069 1068 1066
f 1067 1017 1018 1069
f 1069 1071 1070 1068
f 1069 1018 1020 1071
f 1071 1073 1072 1070
f 1071 1020 1022 1073
f 1073 1075 1074 1072
f 1073 1022 1024 1075
f 1075 1077 1076 1074
f 1075 1024 1026 1077
f 1077 1079 1078 1076
f 1077 1026 1028 1079
f 1079 1081 1080 1078
f 1079 1028 1030 1081
f 1081 1083 1082 1080
f 1081 1030 1032 1083
f 1083 1085 1084 1082
f 1083 1032 1034 1085
f 1085 1087 1086 1084
f 1085 1034 1036 1087
f 1087 1089 1088 1086
f 1087 1036 1038 1089
f 1089 1091 1090 1088
f 1089 1038 1040 1091
f 1091 1093 1092 1090
f 1091 1040 1042 1093
f 1093 1095 1094 1092
f 1093 1042 1044 1095
f 1095 1097 1096 1094
f 1095 1044 1046 1097
f 1097 1099 1098 1096
f 1097 1046 1048 1099
f 1099 1101 1100 1098
f 1099 1048 1050 1101
f 1101 1103 1102 1100
f 1101 1050 1052 1103
f 1103 1105 1104 1102
f 1103 1052 1054 1105
f 1105 1107 1106 1104
f 1105 1054 1056 1107
f 1107 1061 1108 1106
f 1107 1056 1058 1061
f 1108 1110 1109 1106
f 1108 1064 1111 1110
f 1108 1061 1062 1064
f 1111 1113 1112 1110
f 1111 1115 1114 1113
f 1111 1064 1065 1115
f 1115 1117 1116 1114
f 1115 1065 1066 1117
f 1117 1119 1118 1116
f 1117 1066 1068 1119
f 1119 1121 1120 1118
f 1119 1068 1070 1121
g Group39348
f 1121 1123 1122 1120
g Group23845
f 1121 1070 1072 1123
g Group39348
f 1123 1125 1124 1122
g Group23845
f 1123 1072 1074 1125
f 1125 1127 1126 1124
f 1125 1074 1076 1127
f 1127 1129 1128 1126
f 1127 1076 1078 1129
f 1129 1131 1130 1128
f 1129 1078 1080 1131
f 1131 1133 1132 1130
f 1131 1080 1082 1133
f 1133 1135 1134 1132
f 1133 1082 1084 1135
f 1135 1137 1136 1134
f 1135 1084 1086 1137
f 1137 1139 1138 1136
f 1137 1086 1088 1139
f 1139 1141 1140 1138
f 1139 1088 1090 1141
f 1141 1143 1142 1140
f 1141 1090 1092 1143
f 1143 1145 1144 1142
f 1143 1092 1094 1145
f 1145 1147 1146 1144
f 1145 1094 1096 1147
f 1147 1149 1148 1146
f 1147 1096 1098 1149
f 1149 1151 1150 1148
f 1149 1098 1100 1151
f 1151 1153 1152 1150
f 1151 1100 1102 1153
f 1153 1155 1154 1152
f 1153 1102 1104 1155
f 1155 1109 1156 1154
f 1155 1104 1106 1109
g Group39348
f 1156 1158 1157 1154
f 1156 1112 1159 1158
g Group23845
f 1156 1109 1110 1112
g Group39348
f 1159 1161 1160 1158
f 1159 1163 1162 1161
f 1159 1112 1113 1163
f 1163 1165 1164 1162
f 1163 1113 1114 1165
f 1165 1167 1166 1164
f 1165 1114 1116 1167
f 1167 1169 1168 1166
f 1167 1116 1118 1169
f 1169 1171 1170 1168
f 1169 1118 1120 1171
f 1171 1173 1172 1170
f 1171 1120 1122 1173
f 1173 1175 1174 1172
f 1173 1122 1124 1175
f 1175 1177 1176 1174
f 1175 1124 1126 1177
f 1177 1179 1178 1176
f 1177 1126 1128 1179
f 1179 1181 1180 1178
f 1179 1128 1130 1181
f 1181 1183 1182 1180
f 1181 1130 1132 1183
f 1183 1185 1184 1182
f 1183 1132 1134 1185
f 1185 1187 1186 1184
f 1185 1134 1136 1187
f 1187 1189 1188 1186
f 1187 1136 1138 1189
f 1189 1191 1190 1188
f 1189 1138 1140 1191
f 1191 1193 1192 1190
f 1191 1140 1142 1193
f 1193 1195 1194 1192
f 1193 1142 1144 1195
f 1195 1197 1196 1194
f 1195 1144 1146 1197
f 1197 1199 1198 1196
f 1197 1146 1148 1199
f 1199 1201 1200 1198
f 1199 1148 1150 1201
f 1201 1203 1202 1200
f 1201 1150 1152 1203
f 1203 1157 1204 1202
f 1203 1152 1154 1157
f 1204 1206 1205 1202
f 1204 1160 1207 1206
f 1204 1157 1158 1160
f 1207 1211 1210 1209
f 1207 1160 1161 1211
f 1211 1213 1212 1210
f 1211 1161 1162 1213
f 1213 1215 1214 1212
f 1213 1162 1164 1215
f 1215 1217 1216 1214
f 1215 1164 1166 1217
f 1217 1219 1218 1216
f 1217 1166 1168 1219
f 1219 1221 1220 1218
f 1219 1168 1170 1221
f 1221 1223 1222 1220
f 1221 1170 1172 1223
f 1223 1225 1224 1222
f 1223 1172 1174 1225
f 1225 1227 1226 1224
f 1225 1174 1176 1227
f 1227 1229 1228 1226
f 1227 1176 1178 1229
f 1229 1231 1230 1228
f 1229 1178 1180 1231
f 1231 1233 1232 1230
f 1231 1180 1182 1233
f 1233 1235 1234 1232
f 1233 1182 1184 1235
f 1235 1237 1236 1234
f 1235 1184 1186 1237
f 1237 1239 1238 1236
f 1237 1186 1188 1239
f 1239 1241 1240 1238
f 1239 1188 1190 1241
f 1241 1243 1242 1240
f 1241 1190 1192 1243
f 1243 1245 1244 1242
f 1243 1192 1194 1245
f 1245 1247 1246 1244
f 1245 1194 1196 1247
f 1247 1249 1248 1246
f 1247 1196 1198 1249
f 1249 1251 1250 1248
f 1249 1198 1200 1251
f 1251 1205 1252 1250
f 1251 1200 1202 1205
f 1252 1205 1206 1208
g Group31966
f 1255 1257 1256 1254
f 1255 1259 1258 1257
f 1259 1261 1260 1258
f 1261 1263 1262 1260
f 1263 1265 1264 1262
f 1265 1267 1266 1264
f 1267 1269 1268 1266
f 1269 1271 1270 1268
f 1271 1273 1272 1270
f 1273 1275 1274 1272
f 1275 1277 1276 1274
f 1277 1279 1278 1276
f 1279 1281 1280 1278
f 1281 1283 1282 1280
f 1283 1285 1284 1282
f 1285 1287 1286 1284
f 1287 1289 1288 1286
f 1289 1291 1290 1288
f 1291 1293 1292 1290
f 1293 1295 1294 1292
f 1295 1297 1296 1294
f 1297 1299 1298 1296
f 1299 1253 1300 1298
f 1300 1302 1301 1298
f 1300 1256 1303 1302
f 1300 1253 1254 1256
f 1303 1305 1304 1302
f 1303 1307 1306 1305
f 1303 1256 1257 1307
f 1307 1309 1308 1306
f 1307 1257 1258 1309
f 1309 1311 1310 1308
f 1309 1258 1260 1311
f 1311 1313 1312 1310
f 1311 1260 1262 1313
f 1313 1315 1314 1312
f 1313 1262 1264 1315
f 1315 1317 1316 1314
f 1315 1264 1266 1317
f 1317 1319 1318 1316
f 1317 1266 1268 1319
f 1319 1321 1320 1318
f 1319 1268 1270 1321
f 1321 1323 1322 1320
f 1321 1270 1272 1323
f 1323 1325 1324 1322
f 1323 1272 1274 1325
f 1325 1327 1326 1324
f 1325 1274 1276 1327
f 1327 1329 1328 1326
f 1327 1276 1278 1329
f 1329 1331 1330 1328
f 1329 1278 1280 1331
f 1331 1333 1332 1330
f 1331 1280 1282 1333
f 1333 1335 1334 1332
f 1333 1282 1284 1335
f 1335 1337 1336 1334
f 1335 1284 1286 1337
f 1337 1339 1338 1336
f 1337 1286 1288 1339
f 1339 1341 1340 1338
f 1339 1288 1290 1341
f 1341 1343 1342 1340
f 1341 1290 1292 1343
f 1343 1345 1344 1342
f 1343 1292 1294 1345
f 1345 1347 1346 1344
f 1345 1294 1296 1347
f 1347 1301 1348 1346
f 1347 1296 1298 1301
f 1348 1350 1349 1346
f 1348 1304 1351 1350
f 1348 1301 1302 1304
f 1351 655 654 1350
f 1351 1352 656 655
f 1351 1304 1305 1352
f 1352 1353 658 656
f 1352 1305 1306 1353
f 1353 1354 660 658
f 1353 1306 1308 1354
f 1354 1355 662 660
f 1354 1308 1310 1355
f 1355 1356 664 662
f 1355 1310 1312 1356
f 1356 1357 666 664
f 1356 1312 1314 1357
f 1357 1358 668 666
f 1357 1314 1316 1358
f 1358 1359 670 668
f 1358 1316 1318 1359
f 1359 1360 672 670
f 1359 1318 1320 1360
f 1360 1361 674 672
f 1360 1320 1322 1361
f 1361 1362 676 674
f 1361 1322 1324 1362
f 1362 1363 678 676
f 1362 1324 1326 1363
f 1363 1364 680 678
f 1363 1326 1328 1364
f 1364 1365 682 680
f 1364 1328 1330 1365
f 1365 1366 684 682
f 1365 1330 1332 1366
f 1366 1367 686 684
f 1366 1332 1334 1367
f 1367 1368 688 686
f 1367 1334 1336 1368
f 1368 1369 690 688
f 1368 1336 1338 1369
f 1369 1370 692 690
f 1369 1338 1340 1370
f 1370 1371 694 692
f 1370 1340 1342 1371
f 1371 1372 696 694
f 1371 1342 1344 1372
f 1372 1349 698 696
f 1372 1344 1346 1349
f 698 1349 1350 654
g Group23845
f 848 841 842 844
f 801 707 703 799
f 776 769 770 772
g Group39348
f 1207 1209 1208 1206
g Group31965
f 1397 1398 555 556
f 1397 556 557 1399
f 561 563 1400 1401
f 563 565 1402 1400
f 565 567 1403 1402
f 567 569 1404 1403
f 569 571 1405 1404
f 571 573 1406 1405
f 573 575 1407 1406
f 575 577 1408 1407
f 577 579 1409 1408
f 579 581 1410 1409
f 581 583 1411 1410
f 583 585 1412 1411
f 585 587 1413 1412
f 587 589 1414 1413
f 589 591 1415 1414
f 591 593 1416 1415
f 593 595 1417 1416
f 595 597 1418 1417
f 597 599 1419 1418
f 599 601 1420 1419
f 601 555 1398 1420
f 557 561 1401 1399
f 1445 1254 1253 1446
f 1445 1447 1255 1254
f 1259 1448 1449 1261
f 1261 1449 1450 1263
f 1263 1450 1451 1265
f 1265 1451 1452 1267
f 1267 1452 1453 1269
f 1269 1453 1454 1271
f 1271 1454 1455 1273
f 1273 1455 1456 1275
f 1275 1456 1457 1277
f 1277 1457 1458 1279
f 1279 1458 1459 1281
f 1281 1459 1460 1283
f 1283 1460 1461 1285
f 1285 1461 1462 1287
f 1287 1462 1463 1289
f 1289 1463 1464 1291
f 1291 1464 1465 1293
f 1293 1465 1466 1295
f 1295 1466 1467 1297
f 1297 1467 1468 1299
f 1299 1468 1446 1253
f 1255 1447 1448 1259
g Group48189
f 1399 1401 1374 1373
f 1401 1400 1375 1374
f 1400 1402 1376 1375
f 1402 1403 1377 1376
f 1403 1404 1378 1377
f 1404 1405 1379 1378
f 1405 1406 1380 1379
f 1406 1407 1381 1380
f 1407 1408 1382 1381
f 1408 1409 1383 1382
f 1409 1410 1384 1383
f 1410 1411 1385 1384
f 1411 1412 1386 1385
f 1412 1413 1387 1386
f 1413 1414 1388 1387
f 1414 1415 1389 1388
f 1415 1416 1390 1389
f 1416 1417 1391 1390
f 1417 1418 1392 1391
f 1418 1419 1393 1392
f 1419 1420 1394 1393
f 1420 1398 1395 1394
f 1398 1397 1396 1395
f 1373 1396 1397 1399
f 1443 1444 1445 1446
f 1447 1445 1444 1422
f 1421 1423 1449 1448
f 1423 1424 1450 1449
f 1424 1425 1451 1450
f 1425 1426 1452 1451
f 1426 1427 1453 1452
f 1427 1428 1454 1453
f 1428 1429 1455 1454
f 1429 1430 1456 1455
f 1430 1431 1457 1456
f 1431 1432 1458 1457
f 1432 1433 1459 1458
f 1433 1434 1460 1459
f 1434 1435 1461 1460
f 1435 1436 1462 1461
f 1436 1437 1463 1462
f 1437 1438 1464 1463
f 1438 1439 1465 1464
f 1439 1440 1466 1465
f 1440 1441 1467 1466
f 1441 1442 1468 1467
f 1442 1443 1446 1468
f 1422 1421 1448 1447
g Group29536
f 554 552 1469 1470
f 554 1470 1471 510
f 1471 1475 511 510
f 1478 1479 514 512
f 1479 1481 516 514
f 1481 1483 518 516
f 1483 1485 520 518
f 1485 1487 522 520
f 1487 1489 524 522
f 1489 1491 526 524
f 1491 1493 528 526
f 1493 1495 530 528
f 1495 1497 532 530
f 1497 1499 534 532
f 1499 1501 536 534
f 1501 1503 538 536
f 1503 1505 540 538
f 1505 1507 542 540
f 1507 1509 544 542
f 1509 1511 546 544
f 1511 1513 548 546
f 1513 1515 550 548
f 1515 1469 552 550
f 1475 1478 512 511
f 1252 1517 1518 1250
f 1252 1208 1519 1517
f 1519 1208 1209 1523
f 1526 1210 1212 1527
f 1527 1212 1214 1529
f 1529 1214 1216 1531
f 1531 1216 1218 1533
f 1533 1218 1220 1535
f 1535 1220 1222 1537
f 1537 1222 1224 1539
f 1539 1224 1226 1541
f 1541 1226 1228 1543
f 1543 1228 1230 1545
f 1545 1230 1232 1547
f 1547 1232 1234 1549
f 1549 1234 1236 1551
f 1551 1236 1238 1553
f 1553 1238 1240 1555
f 1555 1240 1242 1557
f 1557 1242 1244 1559
f 1559 1244 1246 1561
f 1561 1246 1248 1563
f 1563 1248 1250 1518
f 1523 1209 1210 1526
g Group48190
f 1516 1473 1470 1469
f 1473 1472 1471 1470
f 1472 1474 1475 1471
f 1476 1477 1479 1478
f 1477 1480 1481 1479
f 1480 1482 1483 1481
f 1482 1484 1485 1483
f 1484 1486 1487 1485
f 1486 1488 1489 1487
f 1488 1490 1491 1489
f 1490 1492 1493 1491
f 1492 1494 1495 1493
f 1494 1496 1497 1495
f 1496 1498 1499 1497
f 1498 1500 1501 1499
f 1500 1502 1503 1501
f 1502 1504 1505 1503
f 1504 1506 1507 1505
f 1506 1508 1509 1507
f 1508 1510 1511 1509
f 1510 1512 1513 1511
f 1512 1514 1515 1513
f 1469 1515 1514 1516
f 1474 1476 1478 1475
f 1517 1519 1520 1521
f 1519 1523 1522 1520
f 1523 1526 1524 1522
f 1526 1527 1525 1524
f 1527 1529 1528 1525
f 1529 1531 1530 1528
f 1531 1533 1532 1530
f 1533 1535 1534 1532
f 1535 1537 1536 1534
f 1537 1539 1538 1536
f 1539 1541 1540 1538
f 1541 1543 1542 1540
f 1543 1545 1544 1542
f 1545 1547 1546 1544
f 1547 1549 1548 1546
f 1549 1551 1550 1548
f 1551 1553 1552 1550
f 1553 1555 1554 1552
f 1555 1557 1556 1554
f 1557 1559 1558 1556
f 1559 1561 1560 1558
f 1561 1563 1562 1560
f 1564 1562 1563 1518
f 1518 1517 1521 1564
g Group29533
f 1567 1565 1613 1614
g Group29536
f 1373 1374 1615 1616
g Group29533
f 1567 1614 1617 1568
g Group29536
f 1374 1375 1618 1615
g Group29533
f 1568 1617 1619 1569
g Group29536
f 1375 1376 1620 1618
g Group29533
f 1569 1619 1621 1570
g Group29536
f 1376 1377 1622 1620
g Group29533
f 1570 1621 1623 1571
g Group29536
f 1377 1378 1624 1622
g Group29533
f 1571 1623 1625 1572
g Group29536
f 1378 1379 1626 1624
g Group29533
f 1572 1625 1627 1573
g Group29536
f 1379 1380 1628 1626
g Group29533
f 1573 1627 1629 1574
g Group29536
f 1380 1381 1630 1628
g Group29533
f 1574 1629 1631 1575
g Group29536
f 1381 1382 1632 1630
g Group29533
f 1575 1631 1633 1576
g Group29536
f 1382 1383 1634 1632
g Group29533
f 1576 1633 1635 1577
g Group29536
f 1383 1384 1636 1634
g Group29533
f 1577 1635 1637 1578
g Group29536
f 1384 1385 1638 1636
g Group29533
f 1578 1637 1639 1579
g Group29536
f 1385 1386 1640 1638
g Group29533
f 1579 1639 1641 1580
g Group29536
f 1386 1387 1642 1640
g Group29533
f 1580 1641 1643 1581
g Group29536
f 1387 1388 1644 1642
g Group29533
f 1581 1643 1645 1582
g Group29536
f 1388 1389 1646 1644
g Group29533
f 1582 1645 1647 1583
g Group29536
f 1389 1390 1648 1646
g Group29533
f 1583 1647 1649 1584
g Group29536
f 1390 1391 1650 1648
g Group29533
f 1584 1649 1651 1585
g Group29536
f 1391 1392 1652 1650
g Group29533
f 1585 1651 1653 1586
g Group29536
f 1392 1393 1654 1652
g Group29533
f 1586 1653 1655 1587
g Group29536
f 1393 1394 1656 1654
g Group29533
f 1587 1655 1657 1588
g Group29536
f 1394 1395 1658 1656
g Group29533
f 1588 1657 1659 1566
g Group29536
f 1395 1396 1660 1658
g Group29533
f 1659 1613 1565 1566
g Group29536
f 1396 1373 1616 1660
g Group29533
f 1591 1661 1662 1590
g Group29536
f 1421 1422 1663 1664
g Group29533
f 1591 1592 1665 1661
g Group29536
f 1423 1421 1664 1666
g Group29533
f 1592 1593 1667 1665
g Group29536
f 1424 1423 1666 1668
g Group29533
f 1593 1594 1669 1667
g Group29536
f 1425 1424 1668 1670
g Group29533
f 1594 1595 1671 1669
g Group29536
f 1426 1425 1670 1672
g Group29533
f 1595 1596 1673 1671
g Group29536
f 1427 1426 1672 1674
g Group29533
f 1596 1597 1675 1673
g Group29536
f 1428 1427 1674 1676
g Group29533
f 1597 1598 1677 1675
g Group29536
f 1429 1428 1676 1678
g Group29533
f 1598 1599 1679 1677
g Group29536
f 1430 1429 1678 1680
g Group29533
f 1599 1600 1681 1679
g Group29536
f 1431 1430 1680 1682
g Group29533
f 1600 1601 1683 1681
g Group29536
f 1432 1431 1682 1684
g Group29533
f 1601 1602 1685 1683
g Group29536
f 1433 1432 1684 1686
g Group29533
f 1602 1603 1687 1685
g Group29536
f 1434 1433 1686 1688
g Group29533
f 1603 1604 1689 1687
g Group29536
f 1435 1434 1688 1690
g Group29533
f 1604 1605 1691 1689
g Group29536
f 1436 1435 1690 1692
g Group29533
f 1605 1606 1693 1691
g Group29536
f 1437 1436 1692 1694
g Group29533
f 1606 1607 1695 1693
g Group29536
f 1438 1437 1694 1696
g Group29533
f 1607 1608 1697 1695
g Group29536
f 1439 1438 1696 1698
g Group29533
f 1608 1609 1699 1697
g Group29536
f 1440 1439 1698 1700
g Group29533
f 1609 1610 1701 1699
g Group29536
f 1441 1440 1700 1702
g Group29533
f 1610 1611 1703 1701
g Group29536
f 1442 1441 1702 1704
g Group29533
f 1611 1612 1705 1703
g Group29536
f 1443 1442 1704 1706
g Group29533
f 1612 1589 1707 1705
g Group29536
f 1444 1443 1706 1708
g Group29533
f 1707 1589 1590 1662
g Group29536
f 1422 1444 1708 1663
g Group48220
f 1614 1613 1616 1615
f 1615 1618 1617 1614
f 1618 1620 1619 1617
f 1620 1622 1621 1619
f 1622 1624 1623 1621
f 1624 1626 1625 1623
f 1626 1628 1627 1625
f 1628 1630 1629 1627
f 1630 1632 1631 1629
f 1632 1634 1633 1631
f 1634 1636 1635 1633
f 1636 1638 1637 1635
f 1638 1640 1639 1637
f 1640 1642 1641 1639
f 1642 1644 1643 1641
f 1644 1646 1645 1643
f 1646 1648 1647 1645
f 1648 1650 1649 1647
f 1650 1652 1651 1649
f 1652 1654 1653 1651
f 1654 1656 1655 1653
f 1656 1658 1657 1655
f 1658 1660 1659 1657
f 1613 1659 1660 1616
f 1662 1661 1664 1663
f 1661 1665 1666 1664
f 1665 1667 1668 1666
f 1667 1669 1670 1668
f 1669 1671 1672 1670
f 1671 1673 1674 1672
f 1673 1675 1676 1674
f 1675 1677 1678 1676
f 1677 1679 1680 1678
f 1679 1681 1682 1680
f 1681 1683 1684 1682
f 1683 1685 1686 1684
f 1685 1687 1688 1686
f 1687 1689 1690 1688
f 1689 1691 1692 1690
f 1691 1693 1694 1692
f 1693 1695 1696 1694
f 1695 1697 1698 1696
f 1697 1699 1700 1698
f 1699 1701 1702 1700
f 1701 1703 1704 1702
f 1703 1705 1706 1704
f 1705 1707 1708 1706
f 1663 1708 1707 1662
g Group29533
f 1709 1710 1566 1565
f 1709 1565 1567 1711
f 1567 1568 1712 1711
f 1568 1569 1713 1712
f 1569 1570 1714 1713
f 1570 1571 1715 1714
f 1571 1572 1716 1715
f 1572 1573 1717 1716
f 1573 1574 1718 1717
f 1574 1575 1719 1718
f 1575 1576 1720 1719
f 1576 1577 1721 1720
f 1577 1578 1722 1721
f 1578 1579 1723 1722
f 1579 1580 1724 1723
f 1580 1581 1725 1724
f 1581 1582 1726 1725
f 1582 1583 1727 1726
f 1583 1584 1728 1727
f 1584 1585 1729 1728
f 1585 1586 1730 1729
f 1586 1587 1731 1730
f 1587 1588 1732 1731
f 1588 1566 1710 1732
f 1733 1590 1589 1734
f 1733 1735 1591 1590
f 1591 1735 1736 1592
f 1592 1736 1737 1593
f 1593 1737 1738 1594
f 1594 1738 1739 1595
f 1595 1739 1740 1596
f 1596 1740 1741 1597
f 1597 1741 1742 1598
f 1598 1742 1743 1599
f 1599 1743 1744 1600
f 1600 1744 1745 1601
f 1601 1745 1746 1602
f 1602 1746 1747 1603
f 1603 1747 1748 1604
f 1604 1748 1749 1605
f 1605 1749 1750 1606
f 1606 1750 1751 1607
f 1607 1751 1752 1608
f 1608 1752 1753 1609
f 1609 1753 1754 1610
f 1610 1754 1755 1611
f 1611 1755 1756 1612
f 1612 1756 1734 1589
g Group48222
f 1779 1778 1732 1710
f 1803 1804 1733 1734
f 1804 1782 1735 1733
f 1782 1781 1736 1735
f 1781 1783 1737 1736
f 1783 1784 1738 1737
f 1784 1785 1739 1738
f 1785 1786 1740 1739
f 1786 1787 1741 1740
f 1787 1788 1742 1741
f 1788 1789 1743 1742
f 1789 1790 1744 1743
f 1790 1791 1745 1744
f 1791 1792 1746 1745
f 1792 1793 1747 1746
f 1793 1794 1748 1747
f 1794 1795 1749 1748
f 1795 1796 1750 1749
f 1796 1797 1751 1750
f 1797 1798 1752 1751
f 1798 1799 1753 1752
f 1799 1800 1754 1753
f 1800 1801 1755 1754
f 1801 1802 1756 1755
f 1711 1712 1758 1757
f 1712 1713 1759 1758
f 1713 1714 1760 1759
f 1714 1715 1761 1760
f 1715 1716 1762 1761
f 1716 1717 1763 1762
f 1717 1718 1764 1763
f 1718 1719 1765 1764
f 1719 1720 1766 1765
f 1720 1721 1767 1766
f 1721 1722 1768 1767
f 1722 1723 1769 1768
f 1723 1724 1770 1769
f 1724 1725 1771 1770
f 1725 1726 1772 1771
f 1726 1727 1773 1772
f 1727 1728 1774 1773
f 1728 1729 1775 1774
f 1729 1730 1776 1775
f 1730 1731 1777 1776
f 1731 1732 1778 1777
f 1710 1709 1780 1779
f 1709 1711 1757 1780
f 1734 1756 1802 1803
g Group29536
f 1472 1473 1805 1806
f 1474 1472 1806 1807
f 1476 1474 1807 1808
f 1477 1476 1808 1809
f 1480 1477 1809 1810
f 1482 1480 1810 1811
f 1484 1482 1811 1812
f 1486 1484 1812 1813
f 1488 1486 1813 1814
f 1490 1488 1814 1815
f 1492 1490 1815 1816
f 1494 1492 1816 1817
f 1496 1494 1817 1818
f 1498 1496 1818 1819
f 1500 1498 1819 1820
f 1502 1500 1820 1821
f 1504 1502 1821 1822
f 1506 1504 1822 1823
f 1508 1506 1823 1824
f 1510 1508 1824 1825
f 1512 1510 1825 1826
f 1514 1512 1826 1827
f 1516 1514 1827 1828
f 1473 1516 1828 1805
f 1521 1520 1829 1830
f 1520 1522 1831 1829
f 1522 1524 1832 1831
f 1524 1525 1833 1832
f 1525 1528 1834 1833
f 1528 1530 1835 1834
f 1530 1532 1836 1835
f 1532 1534 1837 1836
f 1534 1536 1838 1837
f 1536 1538 1839 1838
f 1538 1540 1840 1839
f 1540 1542 1841 1840
f 1542 1544 1842 1841
f 1544 1546 1843 1842
f 1546 1548 1844 1843
f 1548 1550 1845 1844
f 1550 1552 1846 1845
f 1552 1554 1847 1846
f 1554 1556 1848 1847
f 1556 1558 1849 1848
f 1558 1560 1850 1849
f 1560 1562 1851 1850
f 1562 1564 1852 1851
f 1564 1521 1830 1852
g Group29533
f 1853 1854 1757 1758
f 1853 1758 1759 1855
f 1855 1759 1760 1856
f 1856 1760 1761 1857
f 1857 1761 1762 1858
f 1858 1762 1763 1859
f 1859 1763 1764 1860
f 1860 1764 1765 1861
f 1861 1765 1766 1862
f 1862 1766 1767 1863
f 1863 1767 1768 1864
f 1864 1768 1769 1865
f 1865 1769 1770 1866
f 1866 1770 1771 1867
f 1867 1771 1772 1868
f 1868 1772 1773 1869
f 1869 1773 1774 1870
f 1870 1774 1775 1871
f 1871 1775 1776 1872
f 1872 1776 1777 1873
f 1873 1777 1778 1874
f 1874 1778 1779 1875
f 1875 1779 1780 1876
f 1780 1757 1854 1876
f 1877 1781 1782 1878
f 1877 1879 1783 1781
f 1879 1880 1784 1783
f 1880 1881 1785 1784
f 1881 1882 1786 1785
f 1882 1883 1787 1786
f 1883 1884 1788 1787
f 1884 1885 1789 1788
f 1885 1886 1790 1789
f 1886 1887 1791 1790
f 1887 1888 1792 1791
f 1888 1889 1793 1792
f 1889 1890 1794 1793
f 1890 1891 1795 1794
f 1891 1892 1796 1795
f 1892 1893 1797 1796
f 1893 1894 1798 1797
f 1894 1895 1799 1798
f 1895 1896 1800 1799
f 1896 1897 1801 1800
f 1897 1898 1802 1801
f 1898 1899 1803 1802
f 1899 1900 1804 1803
f 1804 1900 1878 1782
g Group48273
f 1854 1853 1806 1805
f 1853 1855 1807 1806
f 1855 1856 1808 1807
f 1856 1857 1809 1808
f 1857 1858 1810 1809
f 1858 1859 1811 1810
f 1859 1860 1812 1811
f 1860 1861 1813 1812
f 1861 1862 1814 1813
f 1862 1863 1815 1814
f 1863 1864 1816 1815
f 1864 1865 1817 1816
f 1865 1866 1818 1817
f 1866 1867 1819 1818
f 1867 1868 1820 1819
f 1868 1869 1821 1820
f 1869 1870 1822 1821
f 1870 1871 1823 1822
f 1871 1872 1824 1823
f 1872 1873 1825 1824
f 1873 1874 1826 1825
f 1874 1875 1827 1826
f 1875 1876 1828 1827
f 1878 1900 1852 1830
f 1805 1828 1876 1854
f 1830 1829 1877 1878
f 1829 1831 1879 1877
f 1831 1832 1880 1879
f 1832 1833 1881 1880
f 1833 1834 1882 1881
f 1834 1835 1883 1882
f 1835 1836 1884 1883
f 1836 1837 1885 1884
f 1837 1838 1886 1885
f 1838 1839 1887 1886
f 1839 1840 1888 1887
f 1840 1841 1889 1888
f 1841 1842 1890 1889
f 1842 1843 1891 1890
f 1843 1844 1892 1891
f 1844 1845 1893 1892
f 1845 1846 1894 1893
f 1846 1847 1895 1894
f 1847 1848 1896 1895
f 1848 1849 1897 1896
f 1849 1850 1898 1897
f 1850 1851 1899 1898
f 1851 1852 1900 1899
g Group58553
f 1901 1917 1918 1919
f 1901 1920 1921 1922
f 1901 1922 1923 1917
f 1901 1919 1924 1925
f 1901 1925 1926 1920
f 1902 1927 1928 1929
f 1902 1929 1930 1931
f 1902 1931 1932 1927
f 1903 1933 1934 1935
f 1903 1936 1937 1933
f 1903 1935 1938 1936
f 1904 1939 1940 1941
f 1904 1942 1943 1944
f 1904 1944 1945 1939
f 1904 1941 1946 1947
f 1904 1947 1948 1942
f 1905 1949 1950 1951
f 1905 1951 1952 1953
f 1905 1953 1954 1955
f 1905 1956 1957 1949
f 1905 1955 1958 1956
f 1906 1959 1960 1961
f 1906 1961 1962 1963
f 1906 1963 1964 1959
f 1907 1965 1966 1967
f 1907 1968 1969 1970
f 1907 1967 1938 1968
f 1907 1971 1972 1965
f 1907 1970 1973 1971
f 1908 1974 1975 1976
f 1908 1976 1960 1977
f 1908 1978 1979 1980
f 1908 1977 1981 1978
f 1908 1980 1982 1974
f 1909 1983 1984 1985
f 1909 1985 1986 1987
f 1909 1987 1988 1983
f 1910 1989 1990 1991
f 1910 1992 1954 1989
f 1910 1991 1993 1992
f 1911 1994 1995 1996
f 1911 1996 1943 1997
f 1911 1997 1998 1994
f 1912 1999 2000 2001
f 1912 2002 2003 1999
f 1912 2004 2005 2002
f 1912 2006 2007 2004
f 1912 2001 2008 2006
f 1913 2009 1926 2010
f 1913 2010 2011 2012
f 1913 2012 2013 2009
f 1914 2014 2000 2015
f 1914 2015 2016 2017
f 1914 2017 2018 2014
f 1915 2019 2020 2021
f 1915 2022 2023 2019
f 1915 2024 2025 2022
f 1915 2021 2026 2027
f 1915 2027 1986 2024
f 1916 2028 2029 2030
f 1916 2031 2032 2028
f 1916 2030 1928 2033
f 1916 2033 2034 2035
f 1916 2035 2036 2031
f 2036 2037 2038 2039
f 2036 2039 2040 2031
f 2036 2035 2041 2037
f 2041 2042 2043 2037
f 2041 2035 2034 2044
f 2041 2044 2045 2042
f 2045 2046 2047 2042
f 2045 2044 2048 2049
f 2045 2049 2050 2046
f 2050 2051 2052 2046
f 2050 2049 2053 2054
f 2050 2054 2055 2051
f 2055 2056 2057 2051
f 2055 2054 2058 2059
f 2055 2059 2060 2056
f 2060 2061 2062 2056
f 2060 2059 2063 2064
f 2060 2064 2065 2061
f 2065 2066 2067 2061
f 2065 2064 2068 2069
f 2065 2069 2070 2066
f 2070 2071 2072 2066
f 2070 2069 2073 2074
f 2070 2074 2075 2071
f 2075 2076 2077 2071
f 2075 2074 2078 2079
f 2075 2079 2080 2076
f 2080 2081 2082 2076
f 2080 2079 2083 2084
f 2080 2084 2085 2081
f 2085 2086 2087 2081
f 2085 2084 2088 2089
f 2085 2089 2090 2086
f 2090 2091 2092 2086
f 2090 2089 2093 2094
f 2090 2094 2095 2091
f 2095 2096 2097 2091
f 2095 2094 2098 2099
f 2095 2099 2100 2096
f 2100 2101 2102 2096
f 2100 2099 2103 2104
f 2100 2104 2105 2101
f 2105 2106 2107 2101
f 2105 2104 2108 2109
f 2105 2109 2110 2106
f 2110 2111 2112 2106
f 2110 2109 2113 2114
f 2110 2114 2115 2111
f 2115 2116 2117 2111
f 2115 2114 2118 2119
f 2115 2119 2120 2116
f 2120 2121 2122 2116
f 2120 2119 2123 2124
f 2120 2124 2125 2121
f 2125 2126 2127 2121
f 2125 2124 2128 2129
f 2125 2129 2130 2126
f 2130 2131 2132 2126
f 2130 2129 2133 2134
f 2130 2134 2135 2131
f 2135 2136 2137 2131
f 2135 2134 2138 2139
f 2135 2139 2140 2136
f 2140 2141 2142 2136
f 2140 2139 2143 2144
f 2140 2144 2145 2141
f 2145 2146 2147 2141
f 2145 2144 2148 2149
f 2145 2149 2150 2146
f 2150 2151 2152 2146
f 2150 2149 2153 2154
f 2150 2154 2155 2151
f 2155 2156 2157 2151
f 2155 2154 2158 2159
f 2155 2159 2160 2156
f 2160 2161 2162 2156
f 2160 2159 2163 2164
f 2160 2164 2165 2161
f 2165 2166 2167 2161
f 2165 2164 2168 2169
f 2165 2169 2170 2166
f 2170 2171 2172 2166
f 2170 2169 2173 2174
f 2170 2174 2175 2171
f 2175 2176 2177 2171
f 2175 2174 2178 2179
f 2175 2179 2180 2176
f 2180 2181 2182 2176
f 2180 2179 2183 2184
f 2180 2184 2185 2181
f 2185 2186 2187 2181
f 2185 2184 2188 2189
f 2185 2189 2190 2186
f 2190 2191 2192 2186
f 2190 2189 2193 2194
f 2190 2194 2195 2191
f 2195 2196 2197 2191
f 2195 2194 2198 2199
f 2195 2199 2200 2196
f 2200 2201 2202 2196
f 2200 2199 2203 2204
f 2200 2204 2205 2201
f 2205 2206 2207 2201
f 2205 2204 2208 2209
f 2205 2209 2210 2206
f 2210 2211 2212 2206
f 2210 2209 2213 2214
f 2210 2214 2215 2211
f 2215 2216 2217 2211
f 2215 2214 2218 2219
f 2215 2219 2220 2216
f 2220 2221 2222 2216
f 2220 2219 2223 2224
f 2220 2224 2225 2221
f 2225 2226 2227 2221
f 2225 2224 2228 2020
f 2225 2020 2019 2226
f 2228 2224 2223 2229
f 2228 2229 2230 2231
f 2228 2231 2021 2020
f 2231 2230 2232 2233
f 2231 2233 2026 2021
f 2233 2232 2234 2235
f 2233 2235 2236 2026
f 2236 2237 2027 2026
f 2236 2235 2238 2239
f 2236 2239 2240 2237
f 2240 1988 1987 2237
f 2240 2239 2241 2242
f 2240 2242 2243 1988
f 2243 2244 1983 1988
f 2243 2242 2245 2246
f 2243 2246 2247 2244
f 2247 2248 2249 2244
f 2247 2246 2250 2251
f 2247 2251 2252 2248
f 2252 2253 2254 2248
f 2252 2251 2255 2256
f 2252 2256 2257 2253
f 2257 2258 2259 2253
f 2257 2256 2260 2261
f 2257 2261 2262 2258
f 2262 2263 2264 2258
f 2262 2261 2265 2266
f 2262 2266 2267 2263
f 2267 2268 2269 2263
f 2267 2266 2270 2271
f 2267 2271 2272 2268
f 2272 2273 2274 2268
f 2272 2271 2275 2276
f 2272 2276 2277 2273
f 2277 2278 2279 2273
f 2277 2276 2280 2281
f 2277 2281 2282 2278
f 2282 2283 2284 2278
f 2282 2281 2285 2286
f 2282 2286 2287 2283
f 2287 2288 2289 2283
f 2287 2286 2290 2291
f 2287 2291 2292 2288
f 2292 2293 2294 2288
f 2292 2291 2295 2296
f 2292 2296 2297 2293
f 2297 2298 2299 2293
f 2297 2296 2300 2301
f 2297 2301 2302 2298
f 2302 2303 2304 2298
f 2302 2301 2305 2306
f 2302 2306 2307 2303
f 2307 2308 2309 2303
f 2307 2306 2310 2311
f 2307 2311 2312 2308
f 2312 2313 2314 2308
f 2312 2311 2315 1921
f 2312 1921 1920 2313
f 2315 2311 2310 2316
f 2315 2316 2317 2318
f 2315 2318 1922 1921
f 2318 2317 2319 2320
f 2318 2320 1923 1922
f 2320 2319 2321 2322
f 2320 2322 2323 1923
f 2323 2324 1917 1923
f 2323 2322 2325 2326
f 2323 2326 2327 2324
f 2327 2328 2329 2324
f 2327 2326 2330 2331
f 2327 2331 2332 2328
f 2332 2333 2334 2328
f 2332 2331 2335 2336
f 2332 2336 2337 2333
f 2337 2338 2339 2333
f 2337 2336 2340 2341
f 2337 2341 2342 2338
f 2342 2343 2344 2338
f 2342 2341 2345 2346
f 2342 2346 2347 2343
f 2347 2348 2349 2343
f 2347 2346 2350 2351
f 2347 2351 2352 2348
f 2352 2353 2354 2348
f 2352 2351 2355 2356
f 2352 2356 2357 2353
f 2357 2358 2359 2353
f 2357 2356 2360 2361
f 2357 2361 2362 2358
f 2362 2363 2364 2358
f 2362 2361 2365 2366
f 2362 2366 2367 2363
f 2367 2368 2369 2363
f 2367 2366 2370 2371
f 2367 2371 2372 2368
f 2372 2373 2374 2368
f 2372 2371 2375 2376
f 2372 2376 2377 2373
f 2377 2378 2379 2373
f 2377 2376 2380 2381
f 2377 2381 2382 2378
f 2382 2383 2384 2378
f 2382 2381 2385 2386
f 2382 2386 2387 2383
f 2387 2388 2389 2383
f 2387 2386 2390 2391
f 2387 2391 2392 2388
f 2392 2393 2394 2388
f 2392 2391 2395 2396
f 2392 2396 2397 2393
f 2397 2398 2399 2393
f 2397 2396 2400 2401
f 2397 2401 2402 2398
f 2402 2403 2404 2398
f 2402 2401 2405 2406
f 2402 2406 2407 2403
f 2407 2408 2409 2403
f 2407 2406 2410 2411
f 2407 2411 2412 2408
f 2412 2413 2414 2408
f 2412 2411 2415 2416
f 2412 2416 2417 2413
f 2417 2418 2419 2413
f 2417 2416 2420 2421
f 2417 2421 2422 2418
f 2422 2423 2424 2418
f 2422 2421 2425 2426
f 2422 2426 2427 2423
f 2427 2428 2429 2423
f 2427 2426 2430 2431
f 2427 2431 2432 2428
f 2432 2433 2434 2428
f 2432 2431 2435 2436
f 2432 2436 2437 2433
f 2437 2438 2439 2433
f 2437 2436 2440 2441
f 2437 2441 2442 2438
f 2442 2443 2444 2438
f 2442 2441 2445 2446
f 2442 2446 2447 2443
f 2447 2448 2449 2443
f 2447 2446 2450 2451
f 2447 2451 2452 2448
f 2452 2453 2454 2448
f 2452 2451 2455 2456
f 2452 2456 2457 2453
f 2457 2458 2459 2453
f 2457 2456 2460 2461
f 2457 2461 2462 2458
f 2462 2463 2464 2458
f 2462 2461 2465 2466
f 2462 2466 2467 2463
f 2467 2468 2469 2463
f 2467 2466 2470 2471
f 2467 2471 2472 2468
f 2472 2473 2474 2468
f 2472 2471 2475 2476
f 2472 2476 2477 2473
f 2477 2478 2479 2473
f 2477 2476 2480 2481
f 2477 2481 2482 2478
f 2482 2483 2484 2478
f 2482 2481 2485 2486
f 2482 2486 2487 2483
f 2487 2488 2489 2483
f 2487 2486 2490 2491
f 2487 2491 2492 2488
f 2492 2493 2494 2488
f 2492 2491 2495 2496
f 2492 2496 2497 2493
f 2497 2498 2499 2493
f 2497 2496 2500 2501
f 2497 2501 2502 2498
f 2502 2503 2504 2498
f 2502 2501 2505 2506
f 2502 2506 2507 2503
f 2507 2508 2509 2503
f 2507 2506 2510 2511
f 2507 2511 2512 2508
f 2512 2513 2514 2508
f 2512 2511 2515 2516
f 2512 2516 2517 2513
f 2517 2007 2006 2513
f 2517 2516 2518 2519
f 2517 2519 2520 2007
f 2520 2521 2004 2007
f 2520 2519 2522 2523
f 2520 2523 2524 2521
f 2524 2525 2526 2521
f 2524 2523 2527 2528
f 2524 2528 2529 2525
f 2529 2530 2531 2525
f 2529 2528 2532 2533
f 2529 2533 2534 2530
f 2534 2535 2536 2530
f 2534 2533 2537 2538
f 2534 2538 2539 2535
f 2539 2540 2541 2535
f 2539 2538 2542 2543
f 2539 2543 2544 2540
f 2544 2545 2546 2540
f 2544 2543 2547 2548
f 2544 2548 2549 2545
f 2549 2550 2551 2545
f 2549 2548 2552 2553
f 2549 2553 2554 2550
f 2554 2555 2556 2550
f 2554 2553 2557 2558
f 2554 2558 2559 2555
f 2559 2560 2561 2555
f 2559 2558 2562 2563
f 2559 2563 2564 2560
f 2564 2565 2566 2560
f 2564 2563 2567 2568
f 2564 2568 2569 2565
f 2569 2570 2571 2565
f 2569 2568 2572 2573
f 2569 2573 2574 2570
f 2574 2575 2576 2570
f 2574 2573 2577 2578
f 2574 2578 2579 2575
f 2579 2580 2581 2575
f 2579 2578 2582 2583
f 2579 2583 2584 2580
f 2584 2585 2586 2580
f 2584 2583 2587 2040
f 2584 2040 2039 2585
f 2587 2583 2582 2588
f 2587 2588 2589 2032
f 2587 2032 2031 2040
f 2589 2588 2590 2591
f 2589 2591 2592 2593
f 2589 2593 2028 2032
f 2593 2592 2594 2595
f 2593 2595 2029 2028
f 2595 2594 2596 2597
f 2595 2597 2598 2029
f 2598 2599 2030 2029
f 2598 2597 2600 2601
f 2598 2601 2602 2599
f 2602 1930 1929 2599
f 2602 2601 2603 2604
f 2602 2604 2605 1930
f 2605 2606 1931 1930
f 2605 2604 2607 2608
f 2605 2608 2609 2606
f 2609 2610 2611 2606
f 2609 2608 2612 2613
f 2609 2613 2614 2610
f 2614 2615 2616 2610
f 2614 2613 2617 2618
f 2614 2618 2619 2615
f 2619 2620 2621 2615
f 2619 2618 2622 2623
f 2619 2623 2624 2620
f 2624 2625 2626 2620
f 2624 2623 2627 2628
f 2624 2628 2629 2625
f 2629 2630 2631 2625
f 2629 2628 2632 2633
f 2629 2633 2634 2630
f 2634 2635 2636 2630
f 2634 2633 2637 2638
f 2634 2638 2639 2635
f 2639 2640 2641 2635
f 2639 2638 2642 2643
f 2639 2643 2644 2640
f 2644 2645 2646 2640
f 2644 2643 2647 2648
f 2644 2648 2649 2645
f 2649 2650 2651 2645
f 2649 2648 2652 2653
f 2649 2653 2654 2650
f 2654 2655 2656 2650
f 2654 2653 2657 2658
f 2654 2658 2659 2655
f 2659 2660 2661 2655
f 2659 2658 2662 2663
f 2659 2663 2664 2660
f 2664 2665 2666 2660
f 2664 2663 2667 2668
f 2664 2668 2669 2665
f 2669 2670 2671 2665
f 2669 2668 2672 2673
f 2669 2673 2674 2670
f 2674 2675 2676 2670
f 2674 2673 2677 2678
f 2674 2678 2679 2675
f 2679 1996 1995 2675
f 2679 2678 1945 1944
f 2679 1944 1943 1996
f 2678 2677 2680 1945
f 2680 2677 2681 2682
f 2680 2682 2683 2684
f 2680 2684 1939 1945
f 2684 2683 2685 2686
f 2684 2686 1940 1939
f 2686 2685 2687 2688
f 2686 2688 2689 1940
f 2689 2690 1941 1940
f 2689 2688 2691 2692
f 2689 2692 2693 2690
f 2693 2694 2695 2690
f 2693 2692 2696 2697
f 2693 2697 2698 2694
f 2698 2699 2700 2694
f 2698 2697 2701 2702
f 2698 2702 2703 2699
f 2703 2704 2705 2699
f 2703 2702 2706 2707
f 2703 2707 2708 2704
f 2708 2709 2710 2704
f 2708 2707 2711 2712
f 2708 2712 2713 2709
f 2713 2714 2715 2709
f 2713 2712 2716 2717
f 2713 2717 2718 2714
f 2718 2719 2720 2714
f 2718 2717 2721 2722
f 2718 2722 2723 2719
f 2723 2724 2725 2719
f 2723 2722 2726 2727
f 2723 2727 2728 2724
f 2728 2729 2730 2724
f 2728 2727 2731 2732
f 2728 2732 2733 2729
f 2733 2734 2735 2729
f 2733 2732 2736 2737
f 2733 2737 2738 2734
f 2738 2739 2740 2734
f 2738 2737 2741 2742
f 2738 2742 2743 2739
f 2743 2744 2745 2739
f 2743 2742 2746 2747
f 2743 2747 2748 2744
f 2748 2749 2750 2744
f 2748 2747 2751 2752
f 2748 2752 2753 2749
f 2753 2754 2755 2749
f 2753 2752 2756 2757
f 2753 2757 2758 2754
f 2758 2759 2760 2754
f 2758 2757 2761 2762
f 2758 2762 2763 2759
f 2763 2764 2765 2759
f 2763 2762 1979 2766
f 2763 2766 2767 2764
f 2767 2768 2769 2764
f 2767 2766 2770 2771
f 2767 2771 2772 2768
f 2772 2773 2774 2768
f 2772 2771 2775 2776
f 2772 2776 2777 2773
f 2777 2778 2779 2773
f 2777 2776 2780 2781
f 2777 2781 2782 2778
f 2782 2783 2784 2778
f 2782 2781 2785 2786
f 2782 2786 2787 2783
f 2787 2788 2789 2783
f 2787 2786 2790 2791
f 2787 2791 2792 2788
f 2792 2793 2794 2788
f 2792 2791 2795 2796
f 2792 2796 2797 2793
f 2797 2798 2799 2793
f 2797 2796 2800 2801
f 2797 2801 2802 2798
f 2802 2803 2804 2798
f 2802 2801 2805 2806
f 2802 2806 2807 2803
f 2807 2808 2809 2803
f 2807 2806 2810 2811
f 2807 2811 2812 2808
f 2812 2813 2814 2808
f 2812 2811 2815 2816
f 2812 2816 2817 2813
f 2817 2818 2819 2813
f 2817 2816 2820 2821
f 2817 2821 2822 2818
f 2822 2823 2824 2818
f 2822 2821 2825 2826
f 2822 2826 2827 2823
f 2827 2828 2829 2823
f 2827 2826 2830 2831
f 2827 2831 2832 2828
f 2832 2833 2834 2828
f 2832 2831 2835 2836
f 2832 2836 2837 2833
f 2837 2838 2839 2833
f 2837 2836 2840 2841
f 2837 2841 2842 2838
f 2842 2843 2844 2838
f 2842 2841 2845 2846
f 2842 2846 2847 2843
f 2847 2848 2849 2843
f 2847 2846 2850 2851
f 2847 2851 2852 2848
f 2852 2853 2854 2848
f 2852 2851 2855 2856
f 2852 2856 2857 2853
f 2857 2858 2859 2853
f 2857 2856 2860 2861
f 2857 2861 2862 2858
f 2862 2863 2864 2858
f 2862 2861 2865 2866
f 2862 2866 2867 2863
f 2867 2868 2869 2863
f 2867 2866 2870 2871
f 2867 2871 2872 2868
f 2872 2319 2317 2868
f 2872 2871 2873 2874
f 2872 2874 2321 2319
f 2874 2873 2875 2876
f 2874 2876 2877 2321
f 2877 2325 2322 2321
f 2877 2876 2878 2879
f 2877 2879 2880 2325
f 2880 2330 2326 2325
f 2880 2879 2881 2882
f 2880 2882 2883 2330
f 2883 2335 2331 2330
f 2883 2882 2884 2885
f 2883 2885 2886 2335
f 2886 2340 2336 2335
f 2886 2885 2887 2888
f 2886 2888 2889 2340
f 2889 2345 2341 2340
f 2889 2888 2890 2891
f 2889 2891 2892 2345
f 2892 2350 2346 2345
f 2892 2891 2893 2894
f 2892 2894 2895 2350
f 2895 2355 2351 2350
f 2895 2894 2896 2897
f 2895 2897 2898 2355
f 2898 2360 2356 2355
f 2898 2897 2899 2900
f 2898 2900 2901 2360
f 2901 2365 2361 2360
f 2901 2900 2902 2903
f 2901 2903 2904 2365
f 2904 2370 2366 2365
f 2904 2903 2905 2906
f 2904 2906 2907 2370
f 2907 2375 2371 2370
f 2907 2906 2908 2909
f 2907 2909 2910 2375
f 2910 2380 2376 2375
f 2910 2909 2911 2912
f 2910 2912 2913 2380
f 2913 2385 2381 2380
f 2913 2912 2914 2915
f 2913 2915 2916 2385
f 2916 2390 2386 2385
f 2916 2915 2917 2918
f 2916 2918 2919 2390
f 2919 2395 2391 2390
f 2919 2918 2920 2921
f 2919 2921 2922 2395
f 2922 2400 2396 2395
f 2922 2921 1972 1971
f 2922 1971 1973 2400
f 2921 2920 2923 1972
f 2923 2920 2924 2925
f 2923 2925 2926 2927
f 2923 2927 1965 1972
f 2927 2926 2928 2929
f 2927 2929 1966 1965
f 2929 2928 2930 2931
f 2929 2931 2932 1966
f 2932 2933 1967 1966
f 2932 2931 2934 2935
f 2932 2935 2936 2933
f 2936 1937 1936 2933
f 2936 2935 2937 2938
f 2936 2938 2939 1937
f 2939 2940 1933 1937
f 2939 2938 2941 2942
f 2939 2942 2943 2940
f 2943 2944 2945 2940
f 2943 2942 2946 2947
f 2943 2947 2948 2944
f 2948 2949 2950 2944
f 2948 2947 2951 2952
f 2948 2952 2953 2949
f 2953 2954 2955 2949
f 2953 2952 2956 2957
f 2953 2957 2958 2954
f 2958 2959 2960 2954
f 2958 2957 2961 2962
f 2958 2962 2963 2959
f 2963 2964 2965 2959
f 2963 2962 2966 2967
f 2963 2967 2968 2964
f 2968 2969 2970 2964
f 2968 2967 2971 2972
f 2968 2972 2973 2969
f 2973 2974 2975 2969
f 2973 2972 2976 2977
f 2973 2977 2978 2974
f 2978 2979 2980 2974
f 2978 2977 2981 2982
f 2978 2982 2983 2979
f 2983 2984 2985 2979
f 2983 2982 2986 2987
f 2983 2987 2988 2984
f 2988 2989 2990 2984
f 2988 2987 2991 2992
f 2988 2992 2993 2989
f 2993 2994 2995 2989
f 2993 2992 2996 2997
f 2993 2997 2998 2994
f 2998 2999 3000 2994
f 2998 2997 3001 3002
f 2998 3002 3003 2999
f 3003 3004 3005 2999
f 3003 3002 3006 3007
f 3003 3007 3008 3004
f 3008 3009 3010 3004
f 3008 3007 3011 1958
f 3008 1958 1955 3009
f 3011 3007 3006 3012
f 3011 3012 2152 3013
f 3011 3013 1956 1958
f 3013 2152 2151 2157
f 3013 2157 1957 1956
f 3012 3006 3014 2147
f 3012 2147 2146 2152
f 3014 3006 3002 3001
f 3014 3001 3015 2142
f 3014 2142 2141 2147
f 3015 3001 2997 2996
f 3015 2996 3016 2137
f 3015 2137 2136 2142
f 3016 2996 2992 2991
f 3016 2991 3017 2132
f 3016 2132 2131 2137
f 3017 2991 2987 2986
f 3017 2986 3018 2127
f 3017 2127 2126 2132
f 3018 2986 2982 2981
f 3018 2981 3019 2122
f 3018 2122 2121 2127
f 3019 2981 2977 2976
f 3019 2976 3020 2117
f 3019 2117 2116 2122
f 3020 2976 2972 2971
f 3020 2971 3021 2112
f 3020 2112 2111 2117
f 3021 2971 2967 2966
f 3021 2966 3022 2107
f 3021 2107 2106 2112
f 3022 2966 2962 2961
f 3022 2961 3023 2102
f 3022 2102 2101 2107
f 3023 2961 2957 2956
f 3023 2956 3024 2097
f 3023 2097 2096 2102
f 3024 2956 2952 2951
f 3024 2951 3025 2092
f 3024 2092 2091 2097
f 3025 2951 2947 2946
f 3025 2946 3026 2087
f 3025 2087 2086 2092
f 3026 2946 2942 2941
f 3026 2941 3027 2082
f 3026 2082 2081 2087
f 3027 2941 2938 2937
f 3027 2937 3028 2077
f 3027 2077 2076 2082
f 3028 2937 2935 2934
f 3028 2934 3029 2072
f 3028 2072 2071 2077
f 3029 2934 2931 2930
f 3029 2930 3030 2067
f 3029 2067 2066 2072
f 3030 2930 2928 3031
f 3030 3031 3032 2062
f 3030 2062 2061 2067
f 3032 3031 3033 3034
f 3032 3034 3035 2057
f 3032 2057 2056 2062
f 3035 3034 3036 3037
f 3035 3037 3038 2052
f 3035 2052 2051 2057
f 3038 3037 3039 3040
f 3038 3040 3041 2047
f 3038 2047 2046 2052
f 3041 3040 3042 3043
f 3041 3043 3044 2043
f 3041 2043 2042 2047
f 3044 3043 3045 3046
f 3044 3046 3047 2038
f 3044 2038 2037 2043
f 3047 3046 3048 3049
f 3047 3049 2586 2585
f 3047 2585 2039 2038
f 3049 3048 3050 3051
f 3049 3051 3052 2586
f 3052 3051 3053 3054
f 3052 3054 3055 2581
f 3052 2581 2580 2586
f 3055 3054 3056 3057
f 3055 3057 3058 2576
f 3055 2576 2575 2581
f 3058 3057 3059 3060
f 3058 3060 3061 2571
f 3058 2571 2570 2576
f 3061 3060 3062 3063
f 3061 3063 3064 2566
f 3061 2566 2565 2571
f 3064 3063 3065 3066
f 3064 3066 3067 2561
f 3064 2561 2560 2566
f 3067 3066 3068 3069
f 3067 3069 3070 2556
f 3067 2556 2555 2561
f 3070 3069 3071 3072
f 3070 3072 3073 2551
f 3070 2551 2550 2556
f 3073 3072 3074 3075
f 3073 3075 3076 2546
f 3073 2546 2545 2551
f 3076 3075 3077 3078
f 3076 3078 3079 2541
f 3076 2541 2540 2546
f 3079 3078 3080 3081
f 3079 3081 3082 2536
f 3079 2536 2535 2541
f 3082 3081 3083 3084
f 3082 3084 3085 2531
f 3082 2531 2530 2536
f 3085 3084 3086 3087
f 3085 3087 2005 2526
f 3085 2526 2525 2531
f 3087 3086 3088 3089
f 3087 3089 2002 2005
f 3089 3088 3090 3091
f 3089 3091 2003 2002
f 3091 3090 3092 3093
f 3091 3093 3094 2003
f 3094 3093 3095 3096
f 3094 3096 3097 3098
f 3094 3098 1999 2003
f 3098 3097 2016 2015
f 3098 2015 2000 1999
f 3097 3096 3099 3100
f 3097 3100 3101 2016
f 3101 3100 3102 3103
f 3101 3103 3104 3105
f 3101 3105 2017 2016
f 3105 3104 3106 3107
f 3105 3107 2018 2017
f 3107 3106 3108 3109
f 3107 3109 3110 2018
f 3110 3109 3111 3112
f 3110 3112 3113 3114
f 3110 3114 2014 2018
f 3114 3113 2008 2001
f 3114 2001 2000 2014
f 3113 3112 3115 3116
f 3113 3116 2514 2008
f 3116 3115 3117 2509
f 3116 2509 2508 2514
f 3117 3115 3118 3119
f 3117 3119 3120 2504
f 3117 2504 2503 2509
f 3120 3119 3121 3122
f 3120 3122 3123 2499
f 3120 2499 2498 2504
f 3123 3122 3124 3125
f 3123 3125 3126 2494
f 3123 2494 2493 2499
f 3126 3125 3127 3128
f 3126 3128 3129 2489
f 3126 2489 2488 2494
f 3129 3128 3130 3131
f 3129 3131 3132 2484
f 3129 2484 2483 2489
f 3132 3131 3133 3134
f 3132 3134 3135 2479
f 3132 2479 2478 2484
f 3135 3134 3136 3137
f 3135 3137 3138 2474
f 3135 2474 2473 2479
f 3138 3137 3139 3140
f 3138 3140 3141 2469
f 3138 2469 2468 2474
f 3141 3140 3142 3143
f 3141 3143 3144 2464
f 3141 2464 2463 2469
f 3144 3143 3145 3146
f 3144 3146 3147 2459
f 3144 2459 2458 2464
f 3147 3146 3148 3149
f 3147 3149 3150 2454
f 3147 2454 2453 2459
f 3150 3149 3151 3152
f 3150 3152 3153 2449
f 3150 2449 2448 2454
f 3153 3152 3154 3155
f 3153 3155 3156 2444
f 3153 2444 2443 2449
f 3156 3155 1962 3157
f 3156 3157 3158 2439
f 3156 2439 2438 2444
f 3158 3157 3159 3160
f 3158 3160 3161 2434
f 3158 2434 2433 2439
f 3161 3160 1975 3162
f 3161 3162 3163 2429
f 3161 2429 2428 2434
f 3163 3162 3164 3165
f 3163 3165 3166 2424
f 3163 2424 2423 2429
f 3166 3165 3167 3168
f 3166 3168 3169 2419
f 3166 2419 2418 2424
f 3169 3168 3170 3171
f 3169 3171 3172 2414
f 3169 2414 2413 2419
f 3172 3171 3173 3174
f 3172 3174 3175 2409
f 3172 2409 2408 2414
f 3175 3174 3176 3177
f 3175 3177 3178 2404
f 3175 2404 2403 2409
f 3178 3177 3179 3180
f 3178 3180 3181 2399
f 3178 2399 2398 2404
f 3181 3180 3182 3183
f 3181 3183 3184 2394
f 3181 2394 2393 2399
f 3184 3183 3185 3186
f 3184 3186 3187 2389
f 3184 2389 2388 2394
f 3187 3186 3188 3189
f 3187 3189 3190 2384
f 3187 2384 2383 2389
f 3190 3189 3191 3192
f 3190 3192 3193 2379
f 3190 2379 2378 2384
f 3193 3192 3194 3195
f 3193 3195 3196 2374
f 3193 2374 2373 2379
f 3196 3195 3197 3198
f 3196 3198 3199 2369
f 3196 2369 2368 2374
f 3199 3198 3200 3201
f 3199 3201 3202 2364
f 3199 2364 2363 2369
f 3202 3201 3203 3204
f 3202 3204 3205 2359
f 3202 2359 2358 2364
f 3205 3204 3206 3207
f 3205 3207 3208 2354
f 3205 2354 2353 2359
f 3208 3207 3209 3210
f 3208 3210 3211 2349
f 3208 2349 2348 2354
f 3211 3210 3212 3213
f 3211 3213 3214 2344
f 3211 2344 2343 2349
f 3214 3213 3215 3216
f 3214 3216 3217 2339
f 3214 2339 2338 2344
f 3217 3216 3218 3219
f 3217 3219 3220 2334
f 3217 2334 2333 2339
f 3220 3219 3221 3222
f 3220 3222 1918 2329
f 3220 2329 2328 2334
f 3222 3221 3223 3224
f 3222 3224 1919 1918
f 3224 3223 3225 3226
f 3224 3226 1924 1919
f 3226 3225 3227 3228
f 3226 3228 3229 1924
f 3229 3228 3230 3231
f 3229 3231 3232 3233
f 3229 3233 1925 1924
f 3233 3232 2011 2010
f 3233 2010 1926 1925
f 3232 3231 3234 3235
f 3232 3235 3236 2011
f 3236 3235 3237 3238
f 3236 3238 3239 3240
f 3236 3240 2012 2011
f 3240 3239 3241 3242
f 3240 3242 2013 2012
f 3242 3241 3243 3244
f 3242 3244 2314 2013
f 3244 3243 3245 2309
f 3244 2309 2308 2314
f 3245 3243 3246 3247
f 3245 3247 3248 2304
f 3245 2304 2303 2309
f 3248 3247 3249 3250
f 3248 3250 3251 2299
f 3248 2299 2298 2304
f 3251 3250 3252 3253
f 3251 3253 3254 2294
f 3251 2294 2293 2299
f 3254 3253 3255 3256
f 3254 3256 3257 2289
f 3254 2289 2288 2294
f 3257 3256 3258 3259
f 3257 3259 3260 2284
f 3257 2284 2283 2289
f 3260 3259 3261 3262
f 3260 3262 3263 2279
f 3260 2279 2278 2284
f 3263 3262 3264 3265
f 3263 3265 3266 2274
f 3263 2274 2273 2279
f 3266 3265 3267 3268
f 3266 3268 3269 2269
f 3266 2269 2268 2274
f 3269 3268 3270 3271
f 3269 3271 3272 2264
f 3269 2264 2263 2269
f 3272 3271 3273 3274
f 3272 3274 3275 2259
f 3272 2259 2258 2264
f 3275 3274 3276 3277
f 3275 3277 3278 2254
f 3275 2254 2253 2259
f 3278 3277 3279 3280
f 3278 3280 1984 2249
f 3278 2249 2248 2254
f 3280 3279 3281 3282
f 3280 3282 1985 1984
f 3282 3281 2025 2024
f 3282 2024 1986 1985
f 3281 3283 3284 2025
f 3281 3279 3285 3283
f 3285 3286 3287 3283
f 3285 3279 3277 3276
f 3285 3276 3288 3286
f 3288 3289 3290 3286
f 3288 3276 3274 3273
f 3288 3273 3291 3289
f 3291 3292 3293 3289
f 3291 3273 3271 3270
f 3291 3270 3294 3292
f 3294 3295 3296 3292
f 3294 3270 3268 3267
f 3294 3267 3297 3295
f 3297 3298 3299 3295
f 3297 3267 3265 3264
f 3297 3264 3300 3298
f 3300 3301 3302 3298
f 3300 3264 3262 3261
f 3300 3261 3303 3301
f 3303 3304 3305 3301
f 3303 3261 3259 3258
f 3303 3258 3306 3304
f 3306 3307 3308 3304
f 3306 3258 3256 3255
f 3306 3255 3309 3307
f 3309 3310 3311 3307
f 3309 3255 3253 3252
f 3309 3252 3312 3310
f 3312 3313 3314 3310
f 3312 3252 3250 3249
f 3312 3249 3315 3313
f 3315 3316 3317 3313
f 3315 3249 3247 3246
f 3315 3246 3318 3316
f 3318 3319 3320 3316
f 3318 3246 3243 3241
f 3318 3241 3239 3319
f 3320 3321 3322 3323
f 3320 3323 3317 3316
f 3320 3319 3324 3321
f 3324 3325 3326 3321
f 3324 3319 3239 3238
f 3324 3238 3237 3325
f 3326 3327 3328 3329
f 3326 3329 3322 3321
f 3326 3325 3330 3327
f 3330 3331 3332 3327
f 3330 3325 3237 3333
f 3330 3333 3334 3331
f 3334 3335 3336 3331
f 3334 3333 3234 3337
f 3334 3337 3338 3335
f 3338 3339 3340 3335
f 3338 3337 3230 3341
f 3338 3341 3342 3339
f 3342 3343 3344 3339
f 3342 3341 3227 3345
f 3342 3345 3346 3343
f 3346 3347 3348 3343
f 3346 3345 3349 3350
f 3346 3350 3351 3347
f 3351 3352 3353 3347
f 3351 3350 3354 3355
f 3351 3355 3356 3352
f 3356 3357 3358 3352
f 3356 3355 3359 3360
f 3356 3360 3361 3357
f 3361 2683 2682 3357
f 3361 3360 3362 3363
f 3361 3363 2685 2683
f 3363 3362 3364 3365
f 3363 3365 2687 2685
f 3365 3364 3366 3367
f 3365 3367 3368 2687
f 3368 2691 2688 2687
f 3368 3367 3369 3370
f 3368 3370 3371 2691
f 3371 2696 2692 2691
f 3371 3370 3372 3373
f 3371 3373 3374 2696
f 3374 2701 2697 2696
f 3374 3373 3375 3376
f 3374 3376 3377 2701
f 3377 2706 2702 2701
f 3377 3376 3378 3379
f 3377 3379 3380 2706
f 3380 2711 2707 2706
f 3380 3379 3381 3382
f 3380 3382 3383 2711
f 3383 2716 2712 2711
f 3383 3382 3384 3385
f 3383 3385 3386 2716
f 3386 2721 2717 2716
f 3386 3385 3387 3388
f 3386 3388 3389 2721
f 3389 2726 2722 2721
f 3389 3388 3390 3391
f 3389 3391 3392 2726
f 3392 2731 2727 2726
f 3392 3391 3393 3394
f 3392 3394 3395 2731
f 3395 2736 2732 2731
f 3395 3394 3396 3397
f 3395 3397 3398 2736
f 3398 2741 2737 2736
f 3398 3397 3399 3400
f 3398 3400 3401 2741
f 3401 2746 2742 2741
f 3401 3400 3402 3403
f 3401 3403 3404 2746
f 3404 2751 2747 2746
f 3404 3403 3405 3406
f 3404 3406 3407 2751
f 3407 2756 2752 2751
f 3407 3406 3408 3409
f 3407 3409 3410 2756
f 3410 2761 2757 2756
f 3410 3409 3411 1982
f 3410 1982 1980 2761
f 3411 3409 3408 3167
f 3411 3167 3165 3164
f 3411 3164 1974 1982
f 3408 3406 3405 3170
f 3408 3170 3168 3167
f 3405 3403 3402 3173
f 3405 3173 3171 3170
f 3402 3400 3399 3176
f 3402 3176 3174 3173
f 3399 3397 3396 3179
f 3399 3179 3177 3176
f 3396 3394 3393 3182
f 3396 3182 3180 3179
f 3393 3391 3390 3185
f 3393 3185 3183 3182
f 3390 3388 3387 3188
f 3390 3188 3186 3185
f 3387 3385 3384 3191
f 3387 3191 3189 3188
f 3384 3382 3381 3194
f 3384 3194 3192 3191
f 3381 3379 3378 3197
f 3381 3197 3195 3194
f 3378 3376 3375 3200
f 3378 3200 3198 3197
f 3375 3373 3372 3203
f 3375 3203 3201 3200
f 3372 3370 3369 3206
f 3372 3206 3204 3203
f 3369 3367 3366 3209
f 3369 3209 3207 3206
f 3366 3364 3412 3212
f 3366 3212 3210 3209
f 3412 3364 3362 3413
f 3412 3413 3414 3215
f 3412 3215 3213 3212
f 3414 3413 3359 3415
f 3414 3415 3416 3218
f 3414 3218 3216 3215
f 3416 3415 3354 3417
f 3416 3417 3223 3221
f 3416 3221 3219 3218
f 3417 3354 3350 3349
f 3417 3349 3225 3223
f 3415 3359 3355 3354
f 3413 3362 3360 3359
f 3358 2681 2672 3418
f 3358 3418 3353 3352
f 3358 3357 2682 2681
f 3418 2672 2668 2667
f 3418 2667 3419 3353
f 3419 2667 2663 2662
f 3419 2662 3420 3348
f 3419 3348 3347 3353
f 3420 2662 2658 2657
f 3420 2657 3421 3344
f 3420 3344 3343 3348
f 3421 2657 2653 2652
f 3421 2652 3422 3340
f 3421 3340 3339 3344
f 3422 2652 2648 2647
f 3422 2647 3423 3336
f 3422 3336 3335 3340
f 3423 2647 2643 2642
f 3423 2642 3424 3332
f 3423 3332 3331 3336
f 3424 2642 2638 2637
f 3424 2637 3425 3328
f 3424 3328 3327 3332
f 3425 2637 2633 2632
f 3425 2632 3426 3427
f 3425 3427 3329 3328
f 3427 3426 3428 3429
f 3427 3429 3322 3329
f 3429 3428 3430 3431
f 3429 3431 3323 3322
f 3431 3430 3432 3433
f 3431 3433 3317 3323
f 3433 3432 3434 3314
f 3433 3314 3313 3317
f 3434 3432 3435 3436
f 3434 3436 3437 3311
f 3434 3311 3310 3314
f 3437 3436 3438 3439
f 3437 3439 3440 3308
f 3437 3308 3307 3311
f 3440 3439 3441 3442
f 3440 3442 3443 3305
f 3440 3305 3304 3308
f 3443 3442 3444 3445
f 3443 3445 3446 3302
f 3443 3302 3301 3305
f 3446 3445 3447 3448
f 3446 3448 3449 3299
f 3446 3299 3298 3302
f 3449 3448 3450 3451
f 3449 3451 3452 3296
f 3449 3296 3295 3299
f 3452 3451 3453 3454
f 3452 3454 3455 3293
f 3452 3293 3292 3296
f 3455 3454 3456 3457
f 3455 3457 3458 3290
f 3455 3290 3289 3293
f 3458 3457 3459 3460
f 3458 3460 3461 3287
f 3458 3287 3286 3290
f 3461 3460 3462 3463
f 3461 3463 3464 3284
f 3461 3284 3283 3287
f 3464 3463 3465 3466
f 3464 3466 2023 2022
f 3464 2022 2025 3284
f 3466 3465 3467 3468
f 3466 3468 3469 2023
f 3469 3468 3470 3471
f 3469 3471 2227 2226
f 3469 2226 2019 2023
f 3471 3470 3472 3473
f 3471 3473 3474 2227
f 3474 3473 3475 3476
f 3474 3476 3477 2222
f 3474 2222 2221 2227
f 3477 3476 3478 3479
f 3477 3479 3480 2217
f 3477 2217 2216 2222
f 3480 3479 3481 3482
f 3480 3482 3483 2212
f 3480 2212 2211 2217
f 3483 3482 3484 3485
f 3483 3485 3486 2207
f 3483 2207 2206 2212
f 3486 3485 3487 3488
f 3486 3488 3489 2202
f 3486 2202 2201 2207
f 3489 3488 3490 3491
f 3489 3491 3492 2197
f 3489 2197 2196 2202
f 3492 3491 3493 3494
f 3492 3494 3495 2192
f 3492 2192 2191 2197
f 3495 3494 3496 3497
f 3495 3497 3498 2187
f 3495 2187 2186 2192
f 3498 3497 3499 3500
f 3498 3500 3501 2182
f 3498 2182 2181 2187
f 3501 3500 3502 3503
f 3501 3503 3504 2177
f 3501 2177 2176 2182
f 3504 3503 3505 3506
f 3504 3506 3507 2172
f 3504 2172 2171 2177
f 3507 3506 3508 3509
f 3507 3509 3510 2167
f 3507 2167 2166 2172
f 3510 3509 1950 1949
f 3510 1949 1957 2162
f 3510 2162 2161 2167
f 3509 3508 3511 1950
f 3511 3512 3513 3514
f 3511 3514 1951 1950
f 3511 3508 3515 3512
f 3515 3516 3517 3512
f 3515 3508 3506 3505
f 3515 3505 3518 3516
f 3518 3519 3520 3516
f 3518 3505 3503 3502
f 3518 3502 3521 3519
f 3521 3522 3523 3519
f 3521 3502 3500 3499
f 3521 3499 3524 3522
f 3524 3525 3526 3522
f 3524 3499 3497 3496
f 3524 3496 3527 3525
f 3527 3528 3529 3525
f 3527 3496 3494 3493
f 3527 3493 3530 3528
f 3530 3531 3532 3528
f 3530 3493 3491 3490
f 3530 3490 3533 3531
f 3533 3534 3535 3531
f 3533 3490 3488 3487
f 3533 3487 3536 3534
f 3536 3537 3538 3534
f 3536 3487 3485 3484
f 3536 3484 3539 3537
f 3539 3540 3541 3537
f 3539 3484 3482 3481
f 3539 3481 3542 3540
f 3542 3543 3544 3540
f 3542 3481 3479 3478
f 3542 3478 3545 3543
f 3545 3546 3547 3543
f 3545 3478 3476 3475
f 3545 3475 3548 3546
f 3548 3549 3550 3546
f 3548 3475 3473 3472
f 3548 3472 3551 3549
f 3551 3552 3553 3549
f 3551 3472 3470 3554
f 3551 3554 3555 3552
f 3555 3556 3557 3552
f 3555 3554 3467 3558
f 3555 3558 3559 3556
f 3559 3560 3561 3556
f 3559 3558 3562 3563
f 3559 3563 3564 3560
f 3564 3565 3566 3560
f 3564 3563 3567 3568
f 3564 3568 3569 3565
f 3569 3570 3571 3565
f 3569 3568 3572 3573
f 3569 3573 3574 3570
f 3574 2594 2592 3570
f 3574 3573 3575 3576
f 3574 3576 2596 2594
f 3576 3575 3453 3577
f 3576 3577 3578 2596
f 3578 2600 2597 2596
f 3578 3577 3450 3579
f 3578 3579 3580 2600
f 3580 2603 2601 2600
f 3580 3579 3447 3581
f 3580 3581 3582 2603
f 3582 2607 2604 2603
f 3582 3581 3444 3583
f 3582 3583 3584 2607
f 3584 2612 2608 2607
f 3584 3583 3441 3585
f 3584 3585 3586 2612
f 3586 2617 2613 2612
f 3586 3585 3438 3587
f 3586 3587 3588 2617
f 3588 2622 2618 2617
f 3588 3587 3435 3589
f 3588 3589 3590 2622
f 3590 2627 2623 2622
f 3590 3589 3430 3428
f 3590 3428 3426 2627
f 3589 3435 3432 3430
f 3587 3438 3436 3435
f 3585 3441 3439 3438
f 3583 3444 3442 3441
f 3581 3447 3445 3444
f 3579 3450 3448 3447
f 3577 3453 3451 3450
f 3575 3573 3572 3456
f 3575 3456 3454 3453
f 3572 3568 3567 3459
f 3572 3459 3457 3456
f 3571 2591 2590 3591
f 3571 3591 3566 3565
f 3571 3570 2592 2591
f 3591 2590 3592 3593
f 3591 3593 3594 3566
f 3594 3593 3595 3596
f 3594 3596 3597 3561
f 3594 3561 3560 3566
f 3597 3596 3598 3599
f 3597 3599 3600 3557
f 3597 3557 3556 3561
f 3600 3599 3601 3602
f 3600 3602 3603 3553
f 3600 3553 3552 3557
f 3603 3602 3604 3605
f 3603 3605 3606 3550
f 3603 3550 3549 3553
f 3606 3605 3607 3608
f 3606 3608 3609 3547
f 3606 3547 3546 3550
f 3609 3608 3610 3611
f 3609 3611 3612 3544
f 3609 3544 3543 3547
f 3612 3611 3613 3614
f 3612 3614 3615 3541
f 3612 3541 3540 3544
f 3615 3614 3616 3617
f 3615 3617 3618 3538
f 3615 3538 3537 3541
f 3618 3617 3619 3620
f 3618 3620 3621 3535
f 3618 3535 3534 3538
f 3621 3620 3622 3623
f 3621 3623 3624 3532
f 3621 3532 3531 3535
f 3624 3623 3625 3626
f 3624 3626 3627 3529
f 3624 3529 3528 3532
f 3627 3626 3628 3629
f 3627 3629 3630 3526
f 3627 3526 3525 3529
f 3630 3629 3631 3632
f 3630 3632 3633 3523
f 3630 3523 3522 3526
f 3633 3632 3634 3635
f 3633 3635 3636 3520
f 3633 3520 3519 3523
f 3636 3635 3637 3638
f 3636 3638 3639 3517
f 3636 3517 3516 3520
f 3639 3638 3640 3641
f 3639 3641 3642 3513
f 3639 3513 3512 3517
f 3642 3641 3643 3644
f 3642 3644 3645 3646
f 3642 3646 3514 3513
f 3646 3645 3647 1952
f 3646 1952 1951 3514
f 3647 3645 3648 3649
f 3647 3649 3650 3651
f 3647 3651 1953 1952
f 3651 3650 1990 1989
f 3651 1989 1954 1953
f 3650 3649 3652 3653
f 3650 3653 3654 1990
f 3654 3653 3655 3656
f 3654 3656 3657 3658
f 3654 3658 1991 1990
f 3658 3657 3659 3660
f 3658 3660 1993 1991
f 3660 3659 3661 3662
f 3660 3662 3010 1993
f 3662 3661 3663 3005
f 3662 3005 3004 3010
f 3663 3661 3664 3665
f 3663 3665 3666 3000
f 3663 3000 2999 3005
f 3666 3665 3667 3668
f 3666 3668 3669 2995
f 3666 2995 2994 3000
f 3669 3668 3670 3671
f 3669 3671 3672 2990
f 3669 2990 2989 2995
f 3672 3671 3673 3674
f 3672 3674 3675 2985
f 3672 2985 2984 2990
f 3675 3674 3676 3677
f 3675 3677 3678 2980
f 3675 2980 2979 2985
f 3678 3677 3679 3680
f 3678 3680 3681 2975
f 3678 2975 2974 2980
f 3681 3680 3682 3683
f 3681 3683 3684 2970
f 3681 2970 2969 2975
f 3684 3683 3685 3686
f 3684 3686 3687 2965
f 3684 2965 2964 2970
f 3687 3686 3688 3689
f 3687 3689 3690 2960
f 3687 2960 2959 2965
f 3690 3689 3691 3692
f 3690 3692 3693 2955
f 3690 2955 2954 2960
f 3693 3692 3694 3695
f 3693 3695 3696 2950
f 3693 2950 2949 2955
f 3696 3695 3697 3698
f 3696 3698 1934 2945
f 3696 2945 2944 2950
f 3698 3697 3699 3700
f 3698 3700 1935 1934
f 3700 3699 1969 1968
f 3700 1968 1938 1935
f 3699 3701 3702 1969
f 3699 3697 3703 3701
f 3703 3704 3705 3701
f 3703 3697 3695 3694
f 3703 3694 3706 3704
f 3706 3707 3708 3704
f 3706 3694 3692 3691
f 3706 3691 3709 3707
f 3709 3710 3711 3707
f 3709 3691 3689 3688
f 3709 3688 3712 3710
f 3712 3713 3714 3710
f 3712 3688 3686 3685
f 3712 3685 3715 3713
f 3715 3716 3717 3713
f 3715 3685 3683 3682
f 3715 3682 3718 3716
f 3718 3719 3720 3716
f 3718 3682 3680 3679
f 3718 3679 3721 3719
f 3721 3722 3723 3719
f 3721 3679 3677 3676
f 3721 3676 3724 3722
f 3724 3725 3726 3722
f 3724 3676 3674 3673
f 3724 3673 3727 3725
f 3727 3728 3729 3725
f 3727 3673 3671 3670
f 3727 3670 3730 3728
f 3730 3731 3732 3728
f 3730 3670 3668 3667
f 3730 3667 3733 3731
f 3733 3734 3735 3731
f 3733 3667 3665 3664
f 3733 3664 3736 3734
f 3736 3737 3738 3734
f 3736 3664 3661 3659
f 3736 3659 3657 3737
f 3738 3739 2470 3740
f 3738 3740 3735 3734
f 3738 3737 3741 3739
f 3741 3742 2475 3739
f 3741 3737 3657 3656
f 3741 3656 3655 3742
f 3742 2480 2476 2475
f 3742 3655 3743 2480
f 3743 2485 2481 2480
f 3743 3655 3653 3652
f 3743 3652 3744 2485
f 3744 2490 2486 2485
f 3744 3652 3649 3648
f 3744 3648 3745 2490
f 3745 2495 2491 2490
f 3745 3648 3645 3644
f 3745 3644 3643 2495
f 3740 2470 2466 2465
f 3740 2465 3746 3735
f 3746 2465 2461 2460
f 3746 2460 3747 3732
f 3746 3732 3731 3735
f 3747 2460 2456 2455
f 3747 2455 3748 3729
f 3747 3729 3728 3732
f 3748 2455 2451 2450
f 3748 2450 3749 3726
f 3748 3726 3725 3729
f 3749 2450 2446 2445
f 3749 2445 3750 3723
f 3749 3723 3722 3726
f 3750 2445 2441 2440
f 3750 2440 3751 3720
f 3750 3720 3719 3723
f 3751 2440 2436 2435
f 3751 2435 3752 3717
f 3751 3717 3716 3720
f 3752 2435 2431 2430
f 3752 2430 3753 3714
f 3752 3714 3713 3717
f 3753 2430 2426 2425
f 3753 2425 3754 3711
f 3753 3711 3710 3714
f 3754 2425 2421 2420
f 3754 2420 3755 3708
f 3754 3708 3707 3711
f 3755 2420 2416 2415
f 3755 2415 3756 3705
f 3755 3705 3704 3708
f 3756 2415 2411 2410
f 3756 2410 3757 3702
f 3756 3702 3701 3705
f 3757 2410 2406 2405
f 3757 2405 1973 1970
f 3757 1970 1969 3702
f 3739 2475 2471 2470
f 3643 2500 2496 2495
f 3643 3641 3640 2500
f 3640 2505 2501 2500
f 3640 3638 3637 2505
f 3637 2510 2506 2505
f 3637 3635 3634 2510
f 3634 2515 2511 2510
f 3634 3632 3631 2515
f 3631 2518 2516 2515
f 3631 3629 3628 2518
f 3628 2522 2519 2518
f 3628 3626 3625 2522
f 3625 2527 2523 2522
f 3625 3623 3622 2527
f 3622 2532 2528 2527
f 3622 3620 3619 2532
f 3619 2537 2533 2532
f 3619 3617 3616 2537
f 3616 2542 2538 2537
f 3616 3614 3613 2542
f 3613 2547 2543 2542
f 3613 3611 3610 2547
f 3610 2552 2548 2547
f 3610 3608 3607 2552
f 3607 2557 2553 2552
f 3607 3605 3604 2557
f 3604 2562 2558 2557
f 3604 3602 3601 2562
f 3601 2567 2563 2562
f 3601 3599 3598 2567
f 3598 2572 2568 2567
f 3598 3596 3595 2572
f 3595 2577 2573 2572
f 3595 3593 3592 2577
f 3592 2582 2578 2577
f 3592 2590 2588 2582
f 3567 3563 3562 3462
f 3567 3462 3460 3459
f 3562 3558 3467 3465
f 3562 3465 3463 3462
f 3554 3470 3468 3467
f 3426 2632 2628 2627
f 3349 3345 3227 3225
f 3341 3230 3228 3227
f 3337 3234 3231 3230
f 3333 3237 3235 3234
f 3164 3162 1975 1974
f 3160 3159 1976 1975
f 3159 1961 1960 1976
f 3159 3157 1962 1961
f 3155 3154 1963 1962
f 3154 3758 1964 1963
f 3154 3152 3151 3758
f 3758 3759 3760 1964
f 3758 3151 3761 3759
f 3761 3762 3763 3759
f 3761 3151 3149 3148
f 3761 3148 3764 3762
f 3764 3765 3766 3762
f 3764 3148 3146 3145
f 3764 3145 3767 3765
f 3767 3768 3769 3765
f 3767 3145 3143 3142
f 3767 3142 3770 3768
f 3770 3771 3772 3768
f 3770 3142 3140 3139
f 3770 3139 3773 3771
f 3773 3774 3775 3771
f 3773 3139 3137 3136
f 3773 3136 3776 3774
f 3776 3777 3778 3774
f 3776 3136 3134 3133
f 3776 3133 3779 3777
f 3779 3780 3781 3777
f 3779 3133 3131 3130
f 3779 3130 3782 3780
f 3782 3783 3784 3780
f 3782 3130 3128 3127
f 3782 3127 3785 3783
f 3785 3786 3787 3783
f 3785 3127 3125 3124
f 3785 3124 3788 3786
f 3788 3789 3790 3786
f 3788 3124 3122 3121
f 3788 3121 3791 3789
f 3791 3792 3793 3789
f 3791 3121 3119 3118
f 3791 3118 3111 3792
f 3793 3794 3795 3796
f 3793 3796 3790 3789
f 3793 3792 3108 3794
f 3796 3795 3797 3798
f 3796 3798 3799 3790
f 3799 3798 3800 3801
f 3799 3801 3802 3787
f 3799 3787 3786 3790
f 3802 3801 3803 3804
f 3802 3804 3805 3784
f 3802 3784 3783 3787
f 3805 3804 3806 3807
f 3805 3807 3808 3781
f 3805 3781 3780 3784
f 3808 3807 3809 3810
f 3808 3810 3811 3778
f 3808 3778 3777 3781
f 3811 3810 3812 3813
f 3811 3813 3814 3775
f 3811 3775 3774 3778
f 3814 3813 3815 3816
f 3814 3816 3817 3772
f 3814 3772 3771 3775
f 3817 3816 3818 3819
f 3817 3819 3820 3769
f 3817 3769 3768 3772
f 3820 3819 3821 3822
f 3820 3822 3823 3766
f 3820 3766 3765 3769
f 3823 3822 3824 3825
f 3823 3825 3826 3763
f 3823 3763 3762 3766
f 3826 3825 3827 3828
f 3826 3828 3829 3760
f 3826 3760 3759 3763
f 3829 3828 1981 1977
f 3829 1977 1960 1959
f 3829 1959 1964 3760
f 3828 3827 3830 1981
f 3830 2775 2771 2770
f 3830 2770 1978 1981
f 3830 3827 3831 2775
f 3831 2780 2776 2775
f 3831 3827 3825 3824
f 3831 3824 3832 2780
f 3832 2785 2781 2780
f 3832 3824 3822 3821
f 3832 3821 3833 2785
f 3833 2790 2786 2785
f 3833 3821 3819 3818
f 3833 3818 3834 2790
f 3834 2795 2791 2790
f 3834 3818 3816 3815
f 3834 3815 3835 2795
f 3835 2800 2796 2795
f 3835 3815 3813 3812
f 3835 3812 3836 2800
f 3836 2805 2801 2800
f 3836 3812 3810 3809
f 3836 3809 3837 2805
f 3837 2810 2806 2805
f 3837 3809 3807 3806
f 3837 3806 3838 2810
f 3838 2815 2811 2810
f 3838 3806 3804 3803
f 3838 3803 3839 2815
f 3839 2820 2816 2815
f 3839 3803 3801 3800
f 3839 3800 3840 2820
f 3840 2825 2821 2820
f 3840 3800 3798 3797
f 3840 3797 3841 2825
f 3841 2830 2826 2825
f 3841 3797 3795 3842
f 3841 3842 3843 2830
f 3843 2835 2831 2830
f 3843 3842 3844 3845
f 3843 3845 3846 2835
f 3846 2840 2836 2835
f 3846 3845 3104 3103
f 3846 3103 3102 2840
f 3845 3844 3106 3104
f 3844 3842 3795 3794
f 3844 3794 3108 3106
f 3792 3111 3109 3108
f 3118 3115 3112 3111
f 3102 2845 2841 2840
f 3102 3100 3099 2845
f 3099 2850 2846 2845
f 3099 3096 3095 2850
f 3095 2855 2851 2850
f 3095 3093 3092 2855
f 3092 2860 2856 2855
f 3092 3090 3847 2860
f 3847 2865 2861 2860
f 3847 3090 3088 3848
f 3847 3848 3849 2865
f 3849 2870 2866 2865
f 3849 3848 3850 3851
f 3849 3851 3852 2870
f 3852 2873 2871 2870
f 3852 3851 3853 3854
f 3852 3854 2875 2873
f 3854 3853 3080 3855
f 3854 3855 3856 2875
f 3856 2878 2876 2875
f 3856 3855 3077 3857
f 3856 3857 3858 2878
f 3858 2881 2879 2878
f 3858 3857 3074 3859
f 3858 3859 3860 2881
f 3860 2884 2882 2881
f 3860 3859 3071 3861
f 3860 3861 3862 2884
f 3862 2887 2885 2884
f 3862 3861 3068 3863
f 3862 3863 3864 2887
f 3864 2890 2888 2887
f 3864 3863 3065 3865
f 3864 3865 3866 2890
f 3866 2893 2891 2890
f 3866 3865 3062 3867
f 3866 3867 3868 2893
f 3868 2896 2894 2893
f 3868 3867 3059 3869
f 3868 3869 3870 2896
f 3870 2899 2897 2896
f 3870 3869 3056 3871
f 3870 3871 3872 2899
f 3872 2902 2900 2899
f 3872 3871 3053 3873
f 3872 3873 3874 2902
f 3874 2905 2903 2902
f 3874 3873 3050 3875
f 3874 3875 3876 2905
f 3876 2908 2906 2905
f 3876 3875 3877 3878
f 3876 3878 3879 2908
f 3879 2911 2909 2908
f 3879 3878 3880 3881
f 3879 3881 3882 2911
f 3882 2914 2912 2911
f 3882 3881 3883 3884
f 3882 3884 3885 2914
f 3885 2917 2915 2914
f 3885 3884 3886 3887
f 3885 3887 2924 2917
f 3887 3886 3036 3888
f 3887 3888 2925 2924
f 3888 3036 3034 3033
f 3888 3033 2926 2925
f 3886 3884 3883 3039
f 3886 3039 3037 3036
f 3883 3881 3880 3042
f 3883 3042 3040 3039
f 3880 3878 3877 3045
f 3880 3045 3043 3042
f 3877 3875 3050 3048
f 3877 3048 3046 3045
f 3873 3053 3051 3050
f 3871 3056 3054 3053
f 3869 3059 3057 3056
f 3867 3062 3060 3059
f 3865 3065 3063 3062
f 3863 3068 3066 3065
f 3861 3071 3069 3068
f 3859 3074 3072 3071
f 3857 3077 3075 3074
f 3855 3080 3078 3077
f 3853 3851 3850 3083
f 3853 3083 3081 3080
f 3850 3848 3088 3086
f 3850 3086 3084 3083
f 3033 3031 2928 2926
f 3010 3009 1992 1993
f 3009 1955 1954 1992
f 2945 1934 1933 2940
f 2933 1936 1938 1967
f 2924 2920 2918 2917
f 2869 2316 2310 3889
f 2869 3889 2864 2863
f 2869 2868 2317 2316
f 3889 2310 2306 2305
f 3889 2305 3890 2864
f 3890 2305 2301 2300
f 3890 2300 3891 2859
f 3890 2859 2858 2864
f 3891 2300 2296 2295
f 3891 2295 3892 2854
f 3891 2854 2853 2859
f 3892 2295 2291 2290
f 3892 2290 3893 2849
f 3892 2849 2848 2854
f 3893 2290 2286 2285
f 3893 2285 3894 2844
f 3893 2844 2843 2849
f 3894 2285 2281 2280
f 3894 2280 3895 2839
f 3894 2839 2838 2844
f 3895 2280 2276 2275
f 3895 2275 3896 2834
f 3895 2834 2833 2839
f 3896 2275 2271 2270
f 3896 2270 3897 2829
f 3896 2829 2828 2834
f 3897 2270 2266 2265
f 3897 2265 3898 2824
f 3897 2824 2823 2829
f 3898 2265 2261 2260
f 3898 2260 3899 2819
f 3898 2819 2818 2824
f 3899 2260 2256 2255
f 3899 2255 3900 2814
f 3899 2814 2813 2819
f 3900 2255 2251 2250
f 3900 2250 3901 2809
f 3900 2809 2808 2814
f 3901 2250 2246 2245
f 3901 2245 3902 2804
f 3901 2804 2803 2809
f 3902 2245 2242 2241
f 3902 2241 3903 2799
f 3902 2799 2798 2804
f 3903 2241 2239 2238
f 3903 2238 3904 2794
f 3903 2794 2793 2799
f 3904 2238 2235 2234
f 3904 2234 3905 2789
f 3904 2789 2788 2794
f 3905 2234 2232 3906
f 3905 3906 3907 2784
f 3905 2784 2783 2789
f 3907 3906 3908 3909
f 3907 3909 3910 2779
f 3907 2779 2778 2784
f 3910 3909 3911 3912
f 3910 3912 3913 2774
f 3910 2774 2773 2779
f 3913 3912 3914 3915
f 3913 3915 3916 2769
f 3913 2769 2768 2774
f 3916 3915 3917 3918
f 3916 3918 3919 2765
f 3916 2765 2764 2769
f 3919 3918 3920 3921
f 3919 3921 3922 2760
f 3919 2760 2759 2765
f 3922 3921 3923 3924
f 3922 3924 3925 2755
f 3922 2755 2754 2760
f 3925 3924 3926 3927
f 3925 3927 3928 2750
f 3925 2750 2749 2755
f 3928 3927 3929 3930
f 3928 3930 3931 2745
f 3928 2745 2744 2750
f 3931 3930 3932 3933
f 3931 3933 3934 2740
f 3931 2740 2739 2745
f 3934 3933 3935 3936
f 3934 3936 3937 2735
f 3934 2735 2734 2740
f 3937 3936 3938 3939
f 3937 3939 3940 2730
f 3937 2730 2729 2735
f 3940 3939 3941 3942
f 3940 3942 3943 2725
f 3940 2725 2724 2730
f 3943 3942 3944 3945
f 3943 3945 3946 2720
f 3943 2720 2719 2725
f 3946 3945 3947 3948
f 3946 3948 3949 2715
f 3946 2715 2714 2720
f 3949 3948 3950 3951
f 3949 3951 3952 2710
f 3949 2710 2709 2715
f 3952 3951 3953 3954
f 3952 3954 3955 2705
f 3952 2705 2704 2710
f 3955 3954 3956 3957
f 3955 3957 3958 2700
f 3955 2700 2699 2705
f 3958 3957 3959 3960
f 3958 3960 1946 2695
f 3958 2695 2694 2700
f 3960 3959 3961 3962
f 3960 3962 1947 1946
f 3962 3961 3963 3964
f 3962 3964 1948 1947
f 3964 3963 2133 3965
f 3964 3965 3966 1948
f 3966 3965 2128 3967
f 3966 3967 3968 3969
f 3966 3969 1942 1948
f 3969 3968 1998 1997
f 3969 1997 1943 1942
f 3968 3967 2123 3970
f 3968 3970 3971 1998
f 3971 3970 2118 3972
f 3971 3972 3973 3974
f 3971 3974 1994 1998
f 3974 3973 3975 3976
f 3974 3976 1995 1994
f 3976 3975 3977 2676
f 3976 2676 2675 1995
f 3977 3975 3978 3979
f 3977 3979 3980 2671
f 3977 2671 2670 2676
f 3980 3979 3981 3982
f 3980 3982 3983 2666
f 3980 2666 2665 2671
f 3983 3982 3984 3985
f 3983 3985 3986 2661
f 3983 2661 2660 2666
f 3986 3985 3987 3988
f 3986 3988 3989 2656
f 3986 2656 2655 2661
f 3989 3988 3990 3991
f 3989 3991 3992 2651
f 3989 2651 2650 2656
f 3992 3991 3993 3994
f 3992 3994 3995 2646
f 3992 2646 2645 2651
f 3995 3994 3996 3997
f 3995 3997 3998 2641
f 3995 2641 2640 2646
f 3998 3997 3999 4000
f 3998 4000 4001 2636
f 3998 2636 2635 2641
f 4001 4000 4002 4003
f 4001 4003 4004 2631
f 4001 2631 2630 2636
f 4004 4003 4005 4006
f 4004 4006 4007 2626
f 4004 2626 2625 2631
f 4007 4006 4008 4009
f 4007 4009 4010 2621
f 4007 2621 2620 2626
f 4010 4009 4011 4012
f 4010 4012 4013 2616
f 4010 2616 2615 2621
f 4013 4012 4014 4015
f 4013 4015 1932 2611
f 4013 2611 2610 2616
f 4015 4014 4016 4017
f 4015 4017 1927 1932
f 4017 4016 2034 2033
f 4017 2033 1928 1927
f 4016 2048 2044 2034
f 4016 4014 4018 2048
f 4018 2053 2049 2048
f 4018 4014 4012 4011
f 4018 4011 4019 2053
f 4019 2058 2054 2053
f 4019 4011 4009 4008
f 4019 4008 4020 2058
f 4020 2063 2059 2058
f 4020 4008 4006 4005
f 4020 4005 4021 2063
f 4021 2068 2064 2063
f 4021 4005 4003 4002
f 4021 4002 4022 2068
f 4022 2073 2069 2068
f 4022 4002 4000 3999
f 4022 3999 4023 2073
f 4023 2078 2074 2073
f 4023 3999 3997 3996
f 4023 3996 4024 2078
f 4024 2083 2079 2078
f 4024 3996 3994 3993
f 4024 3993 4025 2083
f 4025 2088 2084 2083
f 4025 3993 3991 3990
f 4025 3990 4026 2088
f 4026 2093 2089 2088
f 4026 3990 3988 3987
f 4026 3987 4027 2093
f 4027 2098 2094 2093
f 4027 3987 3985 3984
f 4027 3984 4028 2098
f 4028 2103 2099 2098
f 4028 3984 3982 3981
f 4028 3981 4029 2103
f 4029 2108 2104 2103
f 4029 3981 3979 3978
f 4029 3978 4030 2108
f 4030 2113 2109 2108
f 4030 3978 3975 3973
f 4030 3973 3972 2113
f 3972 2118 2114 2113
f 3970 2123 2119 2118
f 3967 2128 2124 2123
f 3965 2133 2129 2128
f 3963 2138 2134 2133
f 3963 3961 4031 2138
f 4031 2143 2139 2138
f 4031 3961 3959 4032
f 4031 4032 4033 2143
f 4033 2148 2144 2143
f 4033 4032 3956 4034
f 4033 4034 4035 2148
f 4035 2153 2149 2148
f 4035 4034 3953 4036
f 4035 4036 4037 2153
f 4037 2158 2154 2153
f 4037 4036 3950 4038
f 4037 4038 4039 2158
f 4039 2163 2159 2158
f 4039 4038 3947 4040
f 4039 4040 4041 2163
f 4041 2168 2164 2163
f 4041 4040 3944 4042
f 4041 4042 4043 2168
f 4043 2173 2169 2168
f 4043 4042 3941 4044
f 4043 4044 4045 2173
f 4045 2178 2174 2173
f 4045 4044 3938 4046
f 4045 4046 4047 2178
f 4047 2183 2179 2178
f 4047 4046 3935 4048
f 4047 4048 4049 2183
f 4049 2188 2184 2183
f 4049 4048 3932 4050
f 4049 4050 4051 2188
f 4051 2193 2189 2188
f 4051 4050 3929 4052
f 4051 4052 4053 2193
f 4053 2198 2194 2193
f 4053 4052 3926 4054
f 4053 4054 4055 2198
f 4055 2203 2199 2198
f 4055 4054 3923 4056
f 4055 4056 4057 2203
f 4057 2208 2204 2203
f 4057 4056 3920 4058
f 4057 4058 4059 2208
f 4059 2213 2209 2208
f 4059 4058 3917 4060
f 4059 4060 4061 2213
f 4061 2218 2214 2213
f 4061 4060 3914 4062
f 4061 4062 4063 2218
f 4063 2223 2219 2218
f 4063 4062 3911 4064
f 4063 4064 2229 2223
f 4064 3911 3909 3908
f 4064 3908 2230 2229
f 4062 3914 3912 3911
f 4060 3917 3915 3914
f 4058 3920 3918 3917
f 4056 3923 3921 3920
f 4054 3926 3924 3923
f 4052 3929 3927 3926
f 4050 3932 3930 3929
f 4048 3935 3933 3932
f 4046 3938 3936 3935
f 4044 3941 3939 3938
f 4042 3944 3942 3941
f 4040 3947 3945 3944
f 4038 3950 3948 3947
f 4036 3953 3951 3950
f 4034 3956 3954 3953
f 4032 3959 3957 3956
f 3908 3906 2232 2230
f 2770 2766 1979 1978
f 2762 2761 1980 1979
f 2695 1946 1941 2690
f 2681 2677 2673 2672
f 2611 1932 1931 2606
f 2599 1929 1928 2030
f 2526 2005 2004 2521
f 2514 2513 2006 2008
f 2405 2401 2400 1973
f 2329 1918 1917 2324
f 2314 2313 2009 2013
f 2313 1920 1926 2009
f 2249 1984 1983 2244
f 2237 1987 1986 2027
f 2162 1957 2157 2156
g Group50855
f 4065 4066 4067
f 4065 4067 4068
f 4065 4068 4069
f 4065 4069 4070
f 4065 4070 4071
f 4065 4071 4072
f 4065 4072 4073
f 4065 4073 4074
f 4065 4074 4075
f 4065 4075 4076
f 4065 4076 4077
f 4065 4077 4078
f 4065 4078 4079
f 4065 4079 4080
f 4065 4080 4081
f 4065 4081 4082
f 4065 4082 4083
f 4065 4083 4084
f 4065 4084 4085
f 4065 4085 4086
f 4065 4086 4087
f 4065 4087 4088
f 4065 4088 4089
f 4065 4089 4090
f 4065 4090 4091
f 4065 4091 4092
f 4065 4092 4093
f 4065 4093 4094
f 4065 4094 4095
f 4065 4095 4096
f 4065 4096 4097
f 4065 4097 4066
f 4066 4098 4099 4067
f 4067 4099 4100 4068
f 4068 4100 4101 4069
f 4069 4101 4102 4070
f 4070 4102 4103 4071
f 4071 4103 4104 4072
f 4072 4104 4105 4073
f 4073 4105 4106 4074
f 4074 4106 4107 4075
f 4075 4107 4108 4076
f 4076 4108 4109 4077
f 4077 4109 4110 4078
f 4078 4110 4111 4079
f 4079 4111 4112 4080
f 4080 4112 4113 4081
f 4081 4113 4114 4082
f 4082 4114 4115 4083
f 4083 4115 4116 4084
f 4084 4116 4117 4085
f 4085 4117 4118 4086
f 4086 4118 4119 4087
f 4087 4119 4120 4088
f 4088 4120 4121 4089
f 4089 4121 4122 4090
f 4090 4122 4123 4091
f 4091 4123 4124 4092
f 4092 4124 4125 4093
f 4093 4125 4126 4094
f 4094 4126 4127 4095
f 4095 4127 4128 4096
f 4096 4128 4129 4097
f 4097 4129 4098 4066
f 4098 4130 4131 4099
f 4099 4131 4132 4100
f 4100 4132 4133 4101
f 4101 4133 4134 4102
f 4102 4134 4135 4103
f 4103 4135 4136 4104
f 4104 4136 4137 4105
f 4105 4137 4138 4106
f 4106 4138 4139 4107
f 4107 4139 4140 4108
f 4108 4140 4141 4109
f 4109 4141 4142 4110
f 4110 4142 4143 4111
f 4111 4143 4144 4112
f 4112 4144 4145 4113
f 4113 4145 4146 4114
f 4114 4146 4147 4115
f 4115 4147 4148 4116
f 4116 4148 4149 4117
f 4117 4149 4150 4118
f 4118 4150 4151 4119
f 4119 4151 4152 4120
f 4120 4152 4153 4121
f 4121 4153 4154 4122
f 4122 4154 4155 4123
f 4123 4155 4156 4124
f 4124 4156 4157 4125
f 4125 4157 4158 4126
f 4126 4158 4159 4127
f 4127 4159 4160 4128
f 4128 4160 4161 4129
f 4129 4161 4130 4098
f 4130 4162 4163 4131
f 4131 4163 4164 4132
f 4132 4164 4165 4133
f 4133 4165 4166 4134
f 4134 4166 4167 4135
f 4135 4167 4168 4136
f 4136 4168 4169 4137
f 4137 4169 4170 4138
f 4138 4170 4171 4139
f 4139 4171 4172 4140
f 4140 4172 4173 4141
f 4141 4173 4174 4142
f 4142 4174 4175 4143
f 4143 4175 4176 4144
f 4144 4176 4177 4145
f 4145 4177 4178 4146
f 4146 4178 4179 4147
f 4147 4179 4180 4148
f 4148 4180 4181 4149
f 4149 4181 4182 4150
f 4150 4182 4183 4151
f 4151 4183 4184 4152
f 4152 4184 4185 4153
f 4153 4185 4186 4154
f 4154 4186 4187 4155
f 4155 4187 4188 4156
f 4156 4188 4189 4157
f 4157 4189 4190 4158
f 4158 4190 4191 4159
f 4159 4191 4192 4160
f 4160 4192 4193 4161
f 4161 4193 4162 4130
f 4162 4194 4195 4163
f 4163 4195 4196 4164
f 4164 4196 4197 4165
f 4165 4197 4198 4166
f 4166 4198 4199 4167
f 4167 4199 4200 4168
f 4168 4200 4201 4169
f 4169 4201 4202 4170
f 4170 4202 4203 4171
f 4171 4203 4204 4172
f 4172 4204 4205 4173
f 4173 4205 4206 4174
f 4174 4206 4207 4175
f 4175 4207 4208 4176
f 4176 4208 4209 4177
f 4177 4209 4210 4178
f 4178 4210 4211 4179
f 4179 4211 4212 4180
f 4180 4212 4213 4181
f 4181 4213 4214 4182
f 4182 4214 4215 4183
f 4183 4215 4216 4184
f 4184 4216 4217 4185
f 4185 4217 4218 4186
f 4186 4218 4219 4187
f 4187 4219 4220 4188
f 4188 4220 4221 4189
f 4189 4221 4222 4190
f 4190 4222 4223 4191
f 4191 4223 4224 4192
f 4192 4224 4225 4193
f 4193 4225 4194 4162
f 4194 4226 4227 4195
f 4195 4227 4228 4196
f 4196 4228 4229 4197
f 4197 4229 4230 4198
f 4198 4230 4231 4199
f 4199 4231 4232 4200
f 4200 4232 4233 4201
f 4201 4233 4234 4202
f 4202 4234 4235 4203
f 4203 4235 4236 4204
f 4204 4236 4237 4205
f 4205 4237 4238 4206
f 4206 4238 4239 4207
f 4207 4239 4240 4208
f 4208 4240 4241 4209
f 4209 4241 4242 4210
f 4210 4242 4243 4211
f 4211 4243 4244 4212
f 4212 4244 4245 4213
f 4213 4245 4246 4214
f 4214 4246 4247 4215
f 4215 4247 4248 4216
f 4216 4248 4249 4217
f 4217 4249 4250 4218
f 4218 4250 4251 4219
f 4219 4251 4252 4220
f 4220 4252 4253 4221
f 4221 4253 4254 4222
f 4222 4254 4255 4223
f 4223 4255 4256 4224
f 4224 4256 4257 4225
f 4225 4257 4226 4194
f 4226 4258 4259 4227
f 4227 4259 4260 4228
f 4228 4260 4261 4229
f 4229 4261 4262 4230
f 4230 4262 4263 4231
f 4231 4263 4264 4232
f 4232 4264 4265 4233
f 4233 4265 4266 4234
f 4234 4266 4267 4235
f 4235 4267 4268 4236
f 4236 4268 4269 4237
f 4237 4269 4270 4238
f 4238 4270 4271 4239
f 4239 4271 4272 4240
f 4240 4272 4273 4241
f 4241 4273 4274 4242
f 4242 4274 4275 4243
f 4243 4275 4276 4244
f 4244 4276 4277 4245
f 4245 4277 4278 4246
f 4246 4278 4279 4247
f 4247 4279 4280 4248
f 4248 4280 4281 4249
f 4249 4281 4282 4250
f 4250 4282 4283 4251
f 4251 4283 4284 4252
f 4252 4284 4285 4253
f 4253 4285 4286 4254
f 4254 4286 4287 4255
f 4255 4287 4288 4256
f 4256 4288 4289 4257
f 4257 4289 4258 4226
f 4258 4290 4291 4259
f 4259 4291 4292 4260
f 4260 4292 4293 4261
f 4261 4293 4294 4262
f 4262 4294 4295 4263
f 4263 4295 4296 4264
f 4264 4296 4297 4265
f 4265 4297 4298 4266
f 4266 4298 4299 4267
f 4267 4299 4300 4268
f 4268 4300 4301 4269
f 4269 4301 4302 4270
f 4270 4302 4303 4271
f 4271 4303 4304 4272
f 4272 4304 4305 4273
f 4273 4305 4306 4274
f 4274 4306 4307 4275
f 4275 4307 4308 4276
f 4276 4308 4309 4277
f 4277 4309 4310 4278
f 4278 4310 4311 4279
f 4279 4311 4312 4280
f 4280 4312 4313 4281
f 4281 4313 4314 4282
f 4282 4314 4315 4283
f 4283 4315 4316 4284
f 4284 4316 4317 4285
f 4285 4317 4318 4286
f 4286 4318 4319 4287
f 4287 4319 4320 4288
f 4288 4320 4321 4289
f 4289 4321 4290 4258
f 4290 4322 4323 4291
f 4291 4323 4324 4292
f 4292 4324 4325 4293
f 4293 4325 4326 4294
f 4294 4326 4327 4295
f 4295 4327 4328 4296
f 4296 4328 4329 4297
f 4297 4329 4330 4298
f 4298 4330 4331 4299
f 4299 4331 4332 4300
f 4300 4332 4333 4301
f 4301 4333 4334 4302
f 4302 4334 4335 4303
f 4303 4335 4336 4304
f 4304 4336 4337 4305
f 4305 4337 4338 4306
f 4306 4338 4339 4307
f 4307 4339 4340 4308
f 4308 4340 4341 4309
f 4309 4341 4342 4310
f 4310 4342 4343 4311
f 4311 4343 4344 4312
f 4312 4344 4345 4313
f 4313 4345 4346 4314
f 4314 4346 4347 4315
f 4315 4347 4348 4316
f 4316 4348 4349 4317
f 4317 4349 4350 4318
f 4318 4350 4351 4319
f 4319 4351 4352 4320
f 4320 4352 4353 4321
f 4321 4353 4322 4290
f 4322 4354 4355 4323
f 4323 4355 4356 4324
f 4324 4356 4357 4325
f 4325 4357 4358 4326
f 4326 4358 4359 4327
f 4327 4359 4360 4328
f 4328 4360 4361 4329
f 4329 4361 4362 4330
f 4330 4362 4363 4331
f 4331 4363 4364 4332
f 4332 4364 4365 4333
f 4333 4365 4366 4334
f 4334 4366 4367 4335
f 4335 4367 4368 4336
f 4336 4368 4369 4337
f 4337 4369 4370 4338
f 4338 4370 4371 4339
f 4339 4371 4372 4340
f 4340 4372 4373 4341
f 4341 4373 4374 4342
f 4342 4374 4375 4343
f 4343 4375 4376 4344
f 4344 4376 4377 4345
f 4345 4377 4378 4346
f 4346 4378 4379 4347
f 4347 4379 4380 4348
f 4348 4380 4381 4349
f 4349 4381 4382 4350
f 4350 4382 4383 4351
f 4351 4383 4384 4352
f 4352 4384 4385 4353
f 4353 4385 4354 4322
f 4354 4386 4387 4355
f 4355 4387 4388 4356
f 4356 4388 4389 4357
f 4357 4389 4390 4358
f 4358 4390 4391 4359
f 4359 4391 4392 4360
f 4360 4392 4393 4361
f 4361 4393 4394 4362
f 4362 4394 4395 4363
f 4363 4395 4396 4364
f 4364 4396 4397 4365
f 4365 4397 4398 4366
f 4366 4398 4399 4367
f 4367 4399 4400 4368
f 4368 4400 4401 4369
f 4369 4401 4402 4370
f 4370 4402 4403 4371
f 4371 4403 4404 4372
f 4372 4404 4405 4373
f 4373 4405 4406 4374
f 4374 4406 4407 4375
f 4375 4407 4408 4376
f 4376 4408 4409 4377
f 4377 4409 4410 4378
f 4378 4410 4411 4379
f 4379 4411 4412 4380
f 4380 4412 4413 4381
f 4381 4413 4414 4382
f 4382 4414 4415 4383
f 4383 4415 4416 4384
f 4384 4416 4417 4385
f 4385 4417 4386 4354
f 4386 4418 4419 4387
f 4387 4419 4420 4388
f 4388 4420 4421 4389
f 4389 4421 4422 4390
f 4390 4422 4423 4391
f 4391 4423 4424 4392
f 4392 4424 4425 4393
f 4393 4425 4426 4394
f 4394 4426 4427 4395
f 4395 4427 4428 4396
f 4396 4428 4429 4397
f 4397 4429 4430 4398
f 4398 4430 4431 4399
f 4399 4431 4432 4400
f 4400 4432 4433 4401
f 4401 4433 4434 4402
f 4402 4434 4435 4403
f 4403 4435 4436 4404
f 4404 4436 4437 4405
f 4405 4437 4438 4406
f 4406 4438 4439 4407
f 4407 4439 4440 4408
f 4408 4440 4441 4409
f 4409 4441 4442 4410
f 4410 4442 4443 4411
f 4411 4443 4444 4412
f 4412 4444 4445 4413
f 4413 4445 4446 4414
f 4414 4446 4447 4415
f 4415 4447 4448 4416
f 4416 4448 4449 4417
f 4417 4449 4418 4386
f 4418 4450 4451 4419
f 4419 4451 4452 4420
f 4420 4452 4453 4421
f 4421 4453 4454 4422
f 4422 4454 4455 4423
f 4423 4455 4456 4424
f 4424 4456 4457 4425
f 4425 4457 4458 4426
f 4426 4458 4459 4427
f 4427 4459 4460 4428
f 4428 4460 4461 4429
f 4429 4461 4462 4430
f 4430 4462 4463 4431
f 4431 4463 4464 4432
f 4432 4464 4465 4433
f 4433 4465 4466 4434
f 4434 4466 4467 4435
f 4435 4467 4468 4436
f 4436 4468 4469 4437
f 4437 4469 4470 4438
f 4438 4470 4471 4439
f 4439 4471 4472 4440
f 4440 4472 4473 4441
f 4441 4473 4474 4442
f 4442 4474 4475 4443
f 4443 4475 4476 4444
f 4444 4476 4477 4445
f 4445 4477 4478 4446
f 4446 4478 4479 4447
f 4447 4479 4480 4448
f 4448 4480 4481 4449
f 4449 4481 4450 4418
f 4450 4482 4483 4451
f 4451 4483 4484 4452
f 4452 4484 4485 4453
f 4453 4485 4486 4454
f 4454 4486 4487 4455
f 4455 4487 4488 4456
f 4456 4488 4489 4457
f 4457 4489 4490 4458
f 4458 4490 4491 4459
f 4459 4491 4492 4460
f 4460 4492 4493 4461
f 4461 4493 4494 4462
f 4462 4494 4495 4463
f 4463 4495 4496 4464
f 4464 4496 4497 4465
f 4465 4497 4498 4466
f 4466 4498 4499 4467
f 4467 4499 4500 4468
f 4468 4500 4501 4469
f 4469 4501 4502 4470
f 4470 4502 4503 4471
f 4471 4503 4504 4472
f 4472 4504 4505 4473
f 4473 4505 4506 4474
f 4474 4506 4507 4475
f 4475 4507 4508 4476
f 4476 4508 4509 4477
f 4477 4509 4510 4478
f 4478 4510 4511 4479
f 4479 4511 4512 4480
f 4480 4512 4513 4481
f 4481 4513 4482 4450
f 4482 4514 4515 4483
f 4483 4515 4516 4484
f 4484 4516 4517 4485
f 4485 4517 4518 4486
f 4486 4518 4519 4487
f 4487 4519 4520 4488
f 4488 4520 4521 4489
f 4489 4521 4522 4490
f 4490 4522 4523 4491
f 4491 4523 4524 4492
f 4492 4524 4525 4493
f 4493 4525 4526 4494
f 4494 4526 4527 4495
f 4495 4527 4528 4496
f 4496 4528 4529 4497
f 4497 4529 4530 4498
f 4498 4530 4531 4499
f 4499 4531 4532 4500
f 4500 4532 4533 4501
f 4501 4533 4534 4502
f 4502 4534 4535 4503
f 4503 4535 4536 4504
f 4504 4536 4537 4505
f 4505 4537 4538 4506
f 4506 4538 4539 4507
f 4507 4539 4540 4508
f 4508 4540 4541 4509
f 4509 4541 4542 4510
f 4510 4542 4543 4511
f 4511 4543 4544 4512
f 4512 4544 4545 4513
f 4513 4545 4514 4482
f 4514 4546 4515
f 4515 4546 4516
f 4516 4546 4517
f 4517 4546 4518
f 4518 4546 4519
f 4519 4546 4520
f 4520 4546 4521
f 4521 4546 4522
f 4522 4546 4523
f 4523 4546 4524
f 4524 4546 4525
f 4525 4546 4526
f 4526 4546 4527
f 4527 4546 4528
f 4528 4546 4529
f 4529 4546 4530
f 4530 4546 4531
f 4531 4546 4532
f 4532 4546 4533
f 4533 4546 4534
f 4534 4546 4535
f 4535 4546 4536
f 4536 4546 4537
f 4537 4546 4538
f 4538 4546 4539
f 4539 4546 4540
f 4540 4546 4541
f 4541 4546 4542
f 4542 4546 4543
f 4543 4546 4544
f 4544 4546 4545
f 4545 4546 4514
g Group42571
f 4547 4565 4564 4563
f 4547 4568 4567 4566
f 4547 4563 4569 4568
f 4547 4571 4570 4565
f 4547 4566 4572 4571
f 4548 4575 4574 4573
f 4548 4577 4576 4575
f 4548 4573 4578 4577
f 4549 4581 4580 4579
f 4549 4579 4583 4582
f 4549 4582 4584 4581
f 4550 4587 4586 4585
f 4550 4590 4589 4588
f 4550 4585 4591 4590
f 4550 4593 4592 4587
f 4550 4588 4594 4593
f 4551 4597 4596 4595
f 4551 4599 4598 4597
f 4551 4601 4600 4599
f 4551 4595 4603 4602
f 4551 4602 4604 4601
f 4552 4607 4606 4605
f 4552 4609 4608 4607
f 4552 4605 4610 4609
f 4553 4613 4612 4611
f 4553 4616 4615 4614
f 4553 4614 4584 4613
f 4553 4611 4618 4617
f 4553 4617 4619 4616
f 4554 4622 4621 4620
f 4554 4623 4606 4622
f 4554 4626 4625 4624
f 4554 4624 4627 4623
f 4554 4620 4628 4626
f 4555 4631 4630 4629
f 4555 4633 4632 4631
f 4555 4629 4634 4633
f 4556 4637 4636 4635
f 4556 4635 4600 4638
f 4556 4638 4639 4637
f 4557 4642 4641 4640
f 4557 4643 4589 4642
f 4557 4640 4644 4643
f 4558 4647 4646 4645
f 4558 4645 4649 4648
f 4558 4648 4651 4650
f 4558 4650 4653 4652
f 4558 4652 4654 4647
f 4559 4656 4572 4655
f 4559 4658 4657 4656
f 4559 4655 4659 4658
f 4560 4661 4646 4660
f 4560 4663 4662 4661
f 4560 4660 4664 4663
f 4561 4667 4666 4665
f 4561 4665 4669 4668
f 4561 4668 4671 4670
f 4561 4673 4672 4667
f 4561 4670 4632 4673
f 4562 4676 4675 4674
f 4562 4674 4678 4677
f 4562 4679 4574 4676
f 4562 4681 4680 4679
f 4562 4677 4682 4681
f 4682 4685 4684 4683
f 4682 4677 4686 4685
f 4682 4683 4687 4681
f 4687 4683 4689 4688
f 4687 4690 4680 4681
f 4687 4688 4691 4690
f 4691 4688 4693 4692
f 4691 4695 4694 4690
f 4691 4692 4696 4695
f 4696 4692 4698 4697
f 4696 4700 4699 4695
f 4696 4697 4701 4700
f 4701 4697 4703 4702
f 4701 4705 4704 4700
f 4701 4702 4706 4705
f 4706 4702 4708 4707
f 4706 4710 4709 4705
f 4706 4707 4711 4710
f 4711 4707 4713 4712
f 4711 4715 4714 4710
f 4711 4712 4716 4715
f 4716 4712 4718 4717
f 4716 4720 4719 4715
f 4716 4717 4721 4720
f 4721 4717 4723 4722
f 4721 4725 4724 4720
f 4721 4722 4726 4725
f 4726 4722 4728 4727
f 4726 4730 4729 4725
f 4726 4727 4731 4730
f 4731 4727 4733 4732
f 4731 4735 4734 4730
f 4731 4732 4736 4735
f 4736 4732 4738 4737
f 4736 4740 4739 4735
f 4736 4737 4741 4740
f 4741 4737 4743 4742
f 4741 4745 4744 4740
f 4741 4742 4746 4745
f 4746 4742 4748 4747
f 4746 4750 4749 4745
f 4746 4747 4751 4750
f 4751 4747 4753 4752
f 4751 4755 4754 4750
f 4751 4752 4756 4755
f 4756 4752 4758 4757
f 4756 4760 4759 4755
f 4756 4757 4761 4760
f 4761 4757 4763 4762
f 4761 4765 4764 4760
f 4761 4762 4766 4765
f 4766 4762 4768 4767
f 4766 4770 4769 4765
f 4766 4767 4771 4770
f 4771 4767 4773 4772
f 4771 4775 4774 4770
f 4771 4772 4776 4775
f 4776 4772 4778 4777
f 4776 4780 4779 4775
f 4776 4777 4781 4780
f 4781 4777 4783 4782
f 4781 4785 4784 4780
f 4781 4782 4786 4785
f 4786 4782 4788 4787
f 4786 4790 4789 4785
f 4786 4787 4791 4790
f 4791 4787 4793 4792
f 4791 4795 4794 4790
f 4791 4792 4796 4795
f 4796 4792 4798 4797
f 4796 4800 4799 4795
f 4796 4797 4801 4800
f 4801 4797 4803 4802
f 4801 4805 4804 4800
f 4801 4802 4806 4805
f 4806 4802 4808 4807
f 4806 4810 4809 4805
f 4806 4807 4811 4810
f 4811 4807 4813 4812
f 4811 4815 4814 4810
f 4811 4812 4816 4815
f 4816 4812 4818 4817
f 4816 4820 4819 4815
f 4816 4817 4821 4820
f 4821 4817 4823 4822
f 4821 4825 4824 4820
f 4821 4822 4826 4825
f 4826 4822 4828 4827
f 4826 4830 4829 4825
f 4826 4827 4831 4830
f 4831 4827 4833 4832
f 4831 4835 4834 4830
f 4831 4832 4836 4835
f 4836 4832 4838 4837
f 4836 4840 4839 4835
f 4836 4837 4841 4840
f 4841 4837 4843 4842
f 4841 4845 4844 4840
f 4841 4842 4846 4845
f 4846 4842 4848 4847
f 4846 4850 4849 4845
f 4846 4847 4851 4850
f 4851 4847 4853 4852
f 4851 4855 4854 4850
f 4851 4852 4856 4855
f 4856 4852 4858 4857
f 4856 4860 4859 4855
f 4856 4857 4861 4860
f 4861 4857 4863 4862
f 4861 4865 4864 4860
f 4861 4862 4866 4865
f 4866 4862 4868 4867
f 4866 4870 4869 4865
f 4866 4867 4871 4870
f 4871 4867 4873 4872
f 4871 4666 4874 4870
f 4871 4872 4665 4666
f 4874 4875 4869 4870
f 4874 4877 4876 4875
f 4874 4666 4667 4877
f 4877 4879 4878 4876
f 4877 4667 4672 4879
f 4879 4881 4880 4878
f 4879 4672 4882 4881
f 4882 4672 4673 4883
f 4882 4885 4884 4881
f 4882 4883 4886 4885
f 4886 4883 4633 4634
f 4886 4888 4887 4885
f 4886 4634 4889 4888
f 4889 4634 4629 4890
f 4889 4892 4891 4888
f 4889 4890 4893 4892
f 4893 4890 4895 4894
f 4893 4897 4896 4892
f 4893 4894 4898 4897
f 4898 4894 4900 4899
f 4898 4902 4901 4897
f 4898 4899 4903 4902
f 4903 4899 4905 4904
f 4903 4907 4906 4902
f 4903 4904 4908 4907
f 4908 4904 4910 4909
f 4908 4912 4911 4907
f 4908 4909 4913 4912
f 4913 4909 4915 4914
f 4913 4917 4916 4912
f 4913 4914 4918 4917
f 4918 4914 4920 4919
f 4918 4922 4921 4917
f 4918 4919 4923 4922
f 4923 4919 4925 4924
f 4923 4927 4926 4922
f 4923 4924 4928 4927
f 4928 4924 4930 4929
f 4928 4932 4931 4927
f 4928 4929 4933 4932
f 4933 4929 4935 4934
f 4933 4937 4936 4932
f 4933 4934 4938 4937
f 4938 4934 4940 4939
f 4938 4942 4941 4937
f 4938 4939 4943 4942
f 4943 4939 4945 4944
f 4943 4947 4946 4942
f 4943 4944 4948 4947
f 4948 4944 4950 4949
f 4948 4952 4951 4947
f 4948 4949 4953 4952
f 4953 4949 4955 4954
f 4953 4957 4956 4952
f 4953 4954 4958 4957
f 4958 4954 4960 4959
f 4958 4567 4961 4957
f 4958 4959 4566 4567
f 4961 4962 4956 4957
f 4961 4964 4963 4962
f 4961 4567 4568 4964
f 4964 4966 4965 4963
f 4964 4568 4569 4966
f 4966 4968 4967 4965
f 4966 4569 4969 4968
f 4969 4569 4563 4970
f 4969 4972 4971 4968
f 4969 4970 4973 4972
f 4973 4970 4975 4974
f 4973 4977 4976 4972
f 4973 4974 4978 4977
f 4978 4974 4980 4979
f 4978 4982 4981 4977
f 4978 4979 4983 4982
f 4983 4979 4985 4984
f 4983 4987 4986 4982
f 4983 4984 4988 4987
f 4988 4984 4990 4989
f 4988 4992 4991 4987
f 4988 4989 4993 4992
f 4993 4989 4995 4994
f 4993 4997 4996 4992
f 4993 4994 4998 4997
f 4998 4994 5000 4999
f 4998 5002 5001 4997
f 4998 4999 5003 5002
f 5003 4999 5005 5004
f 5003 5007 5006 5002
f 5003 5004 5008 5007
f 5008 5004 5010 5009
f 5008 5012 5011 5007
f 5008 5009 5013 5012
f 5013 5009 5015 5014
f 5013 5017 5016 5012
f 5013 5014 5018 5017
f 5018 5014 5020 5019
f 5018 5022 5021 5017
f 5018 5019 5023 5022
f 5023 5019 5025 5024
f 5023 5027 5026 5022
f 5023 5024 5028 5027
f 5028 5024 5030 5029
f 5028 5032 5031 5027
f 5028 5029 5033 5032
f 5033 5029 5035 5034
f 5033 5037 5036 5032
f 5033 5034 5038 5037
f 5038 5034 5040 5039
f 5038 5042 5041 5037
f 5038 5039 5043 5042
f 5043 5039 5045 5044
f 5043 5047 5046 5042
f 5043 5044 5048 5047
f 5048 5044 5050 5049
f 5048 5052 5051 5047
f 5048 5049 5053 5052
f 5053 5049 5055 5054
f 5053 5057 5056 5052
f 5053 5054 5058 5057
f 5058 5054 5060 5059
f 5058 5062 5061 5057
f 5058 5059 5063 5062
f 5063 5059 5065 5064
f 5063 5067 5066 5062
f 5063 5064 5068 5067
f 5068 5064 5070 5069
f 5068 5072 5071 5067
f 5068 5069 5073 5072
f 5073 5069 5075 5074
f 5073 5077 5076 5072
f 5073 5074 5078 5077
f 5078 5074 5080 5079
f 5078 5082 5081 5077
f 5078 5079 5083 5082
f 5083 5079 5085 5084
f 5083 5087 5086 5082
f 5083 5084 5088 5087
f 5088 5084 5090 5089
f 5088 5092 5091 5087
f 5088 5089 5093 5092
f 5093 5089 5095 5094
f 5093 5097 5096 5092
f 5093 5094 5098 5097
f 5098 5094 5100 5099
f 5098 5102 5101 5097
f 5098 5099 5103 5102
f 5103 5099 5105 5104
f 5103 5107 5106 5102
f 5103 5104 5108 5107
f 5108 5104 5110 5109
f 5108 5112 5111 5107
f 5108 5109 5113 5112
f 5113 5109 5115 5114
f 5113 5117 5116 5112
f 5113 5114 5118 5117
f 5118 5114 5120 5119
f 5118 5122 5121 5117
f 5118 5119 5123 5122
f 5123 5119 5125 5124
f 5123 5127 5126 5122
f 5123 5124 5128 5127
f 5128 5124 5130 5129
f 5128 5132 5131 5127
f 5128 5129 5133 5132
f 5133 5129 5135 5134
f 5133 5137 5136 5132
f 5133 5134 5138 5137
f 5138 5134 5140 5139
f 5138 5142 5141 5137
f 5138 5139 5143 5142
f 5143 5139 5145 5144
f 5143 5147 5146 5142
f 5143 5144 5148 5147
f 5148 5144 5150 5149
f 5148 5152 5151 5147
f 5148 5149 5153 5152
f 5153 5149 5155 5154
f 5153 5157 5156 5152
f 5153 5154 5158 5157
f 5158 5154 5160 5159
f 5158 5162 5161 5157
f 5158 5159 5163 5162
f 5163 5159 4652 4653
f 5163 5165 5164 5162
f 5163 4653 5166 5165
f 5166 4653 4650 5167
f 5166 5169 5168 5165
f 5166 5167 5170 5169
f 5170 5167 5172 5171
f 5170 5174 5173 5169
f 5170 5171 5175 5174
f 5175 5171 5177 5176
f 5175 5179 5178 5174
f 5175 5176 5180 5179
f 5180 5176 5182 5181
f 5180 5184 5183 5179
f 5180 5181 5185 5184
f 5185 5181 5187 5186
f 5185 5189 5188 5184
f 5185 5186 5190 5189
f 5190 5186 5192 5191
f 5190 5194 5193 5189
f 5190 5191 5195 5194
f 5195 5191 5197 5196
f 5195 5199 5198 5194
f 5195 5196 5200 5199
f 5200 5196 5202 5201
f 5200 5204 5203 5199
f 5200 5201 5205 5204
f 5205 5201 5207 5206
f 5205 5209 5208 5204
f 5205 5206 5210 5209
f 5210 5206 5212 5211
f 5210 5214 5213 5209
f 5210 5211 5215 5214
f 5215 5211 5217 5216
f 5215 5219 5218 5214
f 5215 5216 5220 5219
f 5220 5216 5222 5221
f 5220 5224 5223 5219
f 5220 5221 5225 5224
f 5225 5221 5227 5226
f 5225 5229 5228 5224
f 5225 5226 5230 5229
f 5230 5226 5232 5231
f 5230 4686 5233 5229
f 5230 5231 4685 4686
f 5233 5234 5228 5229
f 5233 4678 5235 5234
f 5233 4686 4677 4678
f 5235 5237 5236 5234
f 5235 5239 5238 5237
f 5235 4678 4674 5239
f 5239 5241 5240 5238
f 5239 4674 4675 5241
f 5241 5243 5242 5240
f 5241 4675 5244 5243
f 5244 4675 4676 5245
f 5244 5247 5246 5243
f 5244 5245 5248 5247
f 5248 5245 4575 4576
f 5248 5250 5249 5247
f 5248 4576 5251 5250
f 5251 4576 4577 5252
f 5251 5254 5253 5250
f 5251 5252 5255 5254
f 5255 5252 5257 5256
f 5255 5259 5258 5254
f 5255 5256 5260 5259
f 5260 5256 5262 5261
f 5260 5264 5263 5259
f 5260 5261 5265 5264
f 5265 5261 5267 5266
f 5265 5269 5268 5264
f 5265 5266 5270 5269
f 5270 5266 5272 5271
f 5270 5274 5273 5269
f 5270 5271 5275 5274
f 5275 5271 5277 5276
f 5275 5279 5278 5274
f 5275 5276 5280 5279
f 5280 5276 5282 5281
f 5280 5284 5283 5279
f 5280 5281 5285 5284
f 5285 5281 5287 5286
f 5285 5289 5288 5284
f 5285 5286 5290 5289
f 5290 5286 5292 5291
f 5290 5294 5293 5289
f 5290 5291 5295 5294
f 5295 5291 5297 5296
f 5295 5299 5298 5294
f 5295 5296 5300 5299
f 5300 5296 5302 5301
f 5300 5304 5303 5299
f 5300 5301 5305 5304
f 5305 5301 5307 5306
f 5305 5309 5308 5304
f 5305 5306 5310 5309
f 5310 5306 5312 5311
f 5310 5314 5313 5309
f 5310 5311 5315 5314
f 5315 5311 5317 5316
f 5315 5319 5318 5314
f 5315 5316 5320 5319
f 5320 5316 5322 5321
f 5320 5324 5323 5319
f 5320 5321 5325 5324
f 5325 5321 4641 4642
f 5325 4590 4591 5324
f 5325 4642 4589 4590
f 5324 4591 5326 5323
f 5326 5328 5327 5323
f 5326 5330 5329 5328
f 5326 4591 4585 5330
f 5330 5332 5331 5329
f 5330 4585 4586 5332
f 5332 5334 5333 5331
f 5332 4586 5335 5334
f 5335 4586 4587 5336
f 5335 5338 5337 5334
f 5335 5336 5339 5338
f 5339 5336 5341 5340
f 5339 5343 5342 5338
f 5339 5340 5344 5343
f 5344 5340 5346 5345
f 5344 5348 5347 5343
f 5344 5345 5349 5348
f 5349 5345 5351 5350
f 5349 5353 5352 5348
f 5349 5350 5354 5353
f 5354 5350 5356 5355
f 5354 5358 5357 5353
f 5354 5355 5359 5358
f 5359 5355 5361 5360
f 5359 5363 5362 5358
f 5359 5360 5364 5363
f 5364 5360 5366 5365
f 5364 5368 5367 5363
f 5364 5365 5369 5368
f 5369 5365 5371 5370
f 5369 5373 5372 5368
f 5369 5370 5374 5373
f 5374 5370 5376 5375
f 5374 5378 5377 5373
f 5374 5375 5379 5378
f 5379 5375 5381 5380
f 5379 5383 5382 5378
f 5379 5380 5384 5383
f 5384 5380 5386 5385
f 5384 5388 5387 5383
f 5384 5385 5389 5388
f 5389 5385 5391 5390
f 5389 5393 5392 5388
f 5389 5390 5394 5393
f 5394 5390 5396 5395
f 5394 5398 5397 5393
f 5394 5395 5399 5398
f 5399 5395 5401 5400
f 5399 5403 5402 5398
f 5399 5400 5404 5403
f 5404 5400 5406 5405
f 5404 5408 5407 5403
f 5404 5405 5409 5408
f 5409 5405 5411 5410
f 5409 5412 4625 5408
f 5409 5410 5413 5412
f 5413 5410 5415 5414
f 5413 5417 5416 5412
f 5413 5414 5418 5417
f 5418 5414 5420 5419
f 5418 5422 5421 5417
f 5418 5419 5423 5422
f 5423 5419 5425 5424
f 5423 5427 5426 5422
f 5423 5424 5428 5427
f 5428 5424 5430 5429
f 5428 5432 5431 5427
f 5428 5429 5433 5432
f 5433 5429 5435 5434
f 5433 5437 5436 5432
f 5433 5434 5438 5437
f 5438 5434 5440 5439
f 5438 5442 5441 5437
f 5438 5439 5443 5442
f 5443 5439 5445 5444
f 5443 5447 5446 5442
f 5443 5444 5448 5447
f 5448 5444 5450 5449
f 5448 5452 5451 5447
f 5448 5449 5453 5452
f 5453 5449 5455 5454
f 5453 5457 5456 5452
f 5453 5454 5458 5457
f 5458 5454 5460 5459
f 5458 5462 5461 5457
f 5458 5459 5463 5462
f 5463 5459 5465 5464
f 5463 5467 5466 5462
f 5463 5464 5468 5467
f 5468 5464 5470 5469
f 5468 5472 5471 5467
f 5468 5469 5473 5472
f 5473 5469 5475 5474
f 5473 5477 5476 5472
f 5473 5474 5478 5477
f 5478 5474 5480 5479
f 5478 5482 5481 5477
f 5478 5479 5483 5482
f 5483 5479 5485 5484
f 5483 5487 5486 5482
f 5483 5484 5488 5487
f 5488 5484 5490 5489
f 5488 5492 5491 5487
f 5488 5489 5493 5492
f 5493 5489 5495 5494
f 5493 5497 5496 5492
f 5493 5494 5498 5497
f 5498 5494 5500 5499
f 5498 5502 5501 5497
f 5498 5499 5503 5502
f 5503 5499 5505 5504
f 5503 5507 5506 5502
f 5503 5504 5508 5507
f 5508 5504 5510 5509
f 5508 5512 5511 5507
f 5508 5509 5513 5512
f 5513 5509 5515 5514
f 5513 5517 5516 5512
f 5513 5514 5518 5517
f 5518 5514 4963 4965
f 5518 5520 5519 5517
f 5518 4965 4967 5520
f 5520 5522 5521 5519
f 5520 4967 5523 5522
f 5523 4967 4968 4971
f 5523 5525 5524 5522
f 5523 4971 5526 5525
f 5526 4971 4972 4976
f 5526 5528 5527 5525
f 5526 4976 5529 5528
f 5529 4976 4977 4981
f 5529 5531 5530 5528
f 5529 4981 5532 5531
f 5532 4981 4982 4986
f 5532 5534 5533 5531
f 5532 4986 5535 5534
f 5535 4986 4987 4991
f 5535 5537 5536 5534
f 5535 4991 5538 5537
f 5538 4991 4992 4996
f 5538 5540 5539 5537
f 5538 4996 5541 5540
f 5541 4996 4997 5001
f 5541 5543 5542 5540
f 5541 5001 5544 5543
f 5544 5001 5002 5006
f 5544 5546 5545 5543
f 5544 5006 5547 5546
f 5547 5006 5007 5011
f 5547 5549 5548 5546
f 5547 5011 5550 5549
f 5550 5011 5012 5016
f 5550 5552 5551 5549
f 5550 5016 5553 5552
f 5553 5016 5017 5021
f 5553 5555 5554 5552
f 5553 5021 5556 5555
f 5556 5021 5022 5026
f 5556 5558 5557 5555
f 5556 5026 5559 5558
f 5559 5026 5027 5031
f 5559 5561 5560 5558
f 5559 5031 5562 5561
f 5562 5031 5032 5036
f 5562 5564 5563 5561
f 5562 5036 5565 5564
f 5565 5036 5037 5041
f 5565 5567 5566 5564
f 5565 5041 5568 5567
f 5568 5041 5042 5046
f 5568 4617 4618 5567
f 5568 5046 4619 4617
f 5567 4618 5569 5566
f 5569 5571 5570 5566
f 5569 5573 5572 5571
f 5569 4618 4611 5573
f 5573 5575 5574 5572
f 5573 4611 4612 5575
f 5575 5577 5576 5574
f 5575 4612 5578 5577
f 5578 4612 4613 5579
f 5578 5581 5580 5577
f 5578 5579 5582 5581
f 5582 5579 4582 4583
f 5582 5584 5583 5581
f 5582 4583 5585 5584
f 5585 4583 4579 5586
f 5585 5588 5587 5584
f 5585 5586 5589 5588
f 5589 5586 5591 5590
f 5589 5593 5592 5588
f 5589 5590 5594 5593
f 5594 5590 5596 5595
f 5594 5598 5597 5593
f 5594 5595 5599 5598
f 5599 5595 5601 5600
f 5599 5603 5602 5598
f 5599 5600 5604 5603
f 5604 5600 5606 5605
f 5604 5608 5607 5603
f 5604 5605 5609 5608
f 5609 5605 5611 5610
f 5609 5613 5612 5608
f 5609 5610 5614 5613
f 5614 5610 5616 5615
f 5614 5618 5617 5613
f 5614 5615 5619 5618
f 5619 5615 5621 5620
f 5619 5623 5622 5618
f 5619 5620 5624 5623
f 5624 5620 5626 5625
f 5624 5628 5627 5623
f 5624 5625 5629 5628
f 5629 5625 5631 5630
f 5629 5633 5632 5628
f 5629 5630 5634 5633
f 5634 5630 5636 5635
f 5634 5638 5637 5633
f 5634 5635 5639 5638
f 5639 5635 5641 5640
f 5639 5643 5642 5638
f 5639 5640 5644 5643
f 5644 5640 5646 5645
f 5644 5648 5647 5643
f 5644 5645 5649 5648
f 5649 5645 5651 5650
f 5649 5653 5652 5648
f 5649 5650 5654 5653
f 5654 5650 5656 5655
f 5654 4604 5657 5653
f 5654 5655 4601 4604
f 5657 5658 5652 5653
f 5657 5659 4798 5658
f 5657 4604 4602 5659
f 5659 4803 4797 4798
f 5659 4602 4603 4803
f 5658 4793 5660 5652
f 5658 4798 4792 4793
f 5660 5647 5648 5652
f 5660 4788 5661 5647
f 5660 4793 4787 4788
f 5661 5642 5643 5647
f 5661 4783 5662 5642
f 5661 4788 4782 4783
f 5662 5637 5638 5642
f 5662 4778 5663 5637
f 5662 4783 4777 4778
f 5663 5632 5633 5637
f 5663 4773 5664 5632
f 5663 4778 4772 4773
f 5664 5627 5628 5632
f 5664 4768 5665 5627
f 5664 4773 4767 4768
f 5665 5622 5623 5627
f 5665 4763 5666 5622
f 5665 4768 4762 4763
f 5666 5617 5618 5622
f 5666 4758 5667 5617
f 5666 4763 4757 4758
f 5667 5612 5613 5617
f 5667 4753 5668 5612
f 5667 4758 4752 4753
f 5668 5607 5608 5612
f 5668 4748 5669 5607
f 5668 4753 4747 4748
f 5669 5602 5603 5607
f 5669 4743 5670 5602
f 5669 4748 4742 4743
f 5670 5597 5598 5602
f 5670 4738 5671 5597
f 5670 4743 4737 4738
f 5671 5592 5593 5597
f 5671 4733 5672 5592
f 5671 4738 4732 4733
f 5672 5587 5588 5592
f 5672 4728 5673 5587
f 5672 4733 4727 4728
f 5673 5583 5584 5587
f 5673 4723 5674 5583
f 5673 4728 4722 4723
f 5674 5580 5581 5583
f 5674 4718 5675 5580
f 5674 4723 4717 4718
f 5675 5576 5577 5580
f 5675 4713 5676 5576
f 5675 4718 4712 4713
f 5676 5677 5574 5576
f 5676 4708 5678 5677
f 5676 4713 4707 4708
f 5678 5680 5679 5677
f 5678 4703 5681 5680
f 5678 4708 4702 4703
f 5681 5683 5682 5680
f 5681 4698 5684 5683
f 5681 4703 4697 4698
f 5684 5686 5685 5683
f 5684 4693 5687 5686
f 5684 4698 4692 4693
f 5687 5689 5688 5686
f 5687 4689 5690 5689
f 5687 4693 4688 4689
f 5690 5692 5691 5689
f 5690 4684 5693 5692
f 5690 4689 4683 4684
f 5693 5695 5694 5692
f 5693 5231 5232 5695
f 5693 4684 4685 5231
f 5695 5697 5696 5694
f 5695 5232 5698 5697
f 5698 5700 5699 5697
f 5698 5227 5701 5700
f 5698 5232 5226 5227
f 5701 5703 5702 5700
f 5701 5222 5704 5703
f 5701 5227 5221 5222
f 5704 5706 5705 5703
f 5704 5217 5707 5706
f 5704 5222 5216 5217
f 5707 5709 5708 5706
f 5707 5212 5710 5709
f 5707 5217 5211 5212
f 5710 5712 5711 5709
f 5710 5207 5713 5712
f 5710 5212 5206 5207
f 5713 5715 5714 5712
f 5713 5202 5716 5715
f 5713 5207 5201 5202
f 5716 5718 5717 5715
f 5716 5197 5719 5718
f 5716 5202 5196 5197
f 5719 5721 5720 5718
f 5719 5192 5722 5721
f 5719 5197 5191 5192
f 5722 5724 5723 5721
f 5722 5187 5725 5724
f 5722 5192 5186 5187
f 5725 5727 5726 5724
f 5725 5182 5728 5727
f 5725 5187 5181 5182
f 5728 5730 5729 5727
f 5728 5177 5731 5730
f 5728 5182 5176 5177
f 5731 5733 5732 5730
f 5731 5172 4651 5733
f 5731 5177 5171 5172
f 5733 5735 5734 5732
f 5733 4651 4648 5735
f 5735 5737 5736 5734
f 5735 4648 4649 5737
f 5737 5739 5738 5736
f 5737 4649 5740 5739
f 5740 5742 5741 5739
f 5740 5744 5743 5742
f 5740 4649 4645 5744
f 5744 4661 4662 5743
f 5744 4645 4646 4661
f 5743 5746 5745 5742
f 5743 4662 5747 5746
f 5747 5749 5748 5746
f 5747 5751 5750 5749
f 5747 4662 4663 5751
f 5751 5753 5752 5750
f 5751 4663 4664 5753
f 5753 5755 5754 5752
f 5753 4664 5756 5755
f 5756 5758 5757 5755
f 5756 5760 5759 5758
f 5756 4664 4660 5760
f 5760 4647 4654 5759
f 5760 4660 4646 4647
f 5759 5762 5761 5758
f 5759 4654 5160 5762
f 5762 5155 5763 5761
f 5762 5160 5154 5155
f 5763 5765 5764 5761
f 5763 5150 5766 5765
f 5763 5155 5149 5150
f 5766 5768 5767 5765
f 5766 5145 5769 5768
f 5766 5150 5144 5145
f 5769 5771 5770 5768
f 5769 5140 5772 5771
f 5769 5145 5139 5140
f 5772 5774 5773 5771
f 5772 5135 5775 5774
f 5772 5140 5134 5135
f 5775 5777 5776 5774
f 5775 5130 5778 5777
f 5775 5135 5129 5130
f 5778 5780 5779 5777
f 5778 5125 5781 5780
f 5778 5130 5124 5125
f 5781 5783 5782 5780
f 5781 5120 5784 5783
f 5781 5125 5119 5120
f 5784 5786 5785 5783
f 5784 5115 5787 5786
f 5784 5120 5114 5115
f 5787 5789 5788 5786
f 5787 5110 5790 5789
f 5787 5115 5109 5110
f 5790 5792 5791 5789
f 5790 5105 5793 5792
f 5790 5110 5104 5105
f 5793 5795 5794 5792
f 5793 5100 5796 5795
f 5793 5105 5099 5100
f 5796 5798 5797 5795
f 5796 5095 5799 5798
f 5796 5100 5094 5095
f 5799 5801 5800 5798
f 5799 5090 5802 5801
f 5799 5095 5089 5090
f 5802 5803 4608 5801
f 5802 5085 5804 5803
f 5802 5090 5084 5085
f 5804 5806 5805 5803
f 5804 5080 5807 5806
f 5804 5085 5079 5080
f 5807 5808 4621 5806
f 5807 5075 5809 5808
f 5807 5080 5074 5075
f 5809 5811 5810 5808
f 5809 5070 5812 5811
f 5809 5075 5069 5070
f 5812 5814 5813 5811
f 5812 5065 5815 5814
f 5812 5070 5064 5065
f 5815 5817 5816 5814
f 5815 5060 5818 5817
f 5815 5065 5059 5060
f 5818 5820 5819 5817
f 5818 5055 5821 5820
f 5818 5060 5054 5055
f 5821 5823 5822 5820
f 5821 5050 5824 5823
f 5821 5055 5049 5050
f 5824 5826 5825 5823
f 5824 5045 5827 5826
f 5824 5050 5044 5045
f 5827 5829 5828 5826
f 5827 5040 5830 5829
f 5827 5045 5039 5040
f 5830 5832 5831 5829
f 5830 5035 5833 5832
f 5830 5040 5034 5035
f 5833 5835 5834 5832
f 5833 5030 5836 5835
f 5833 5035 5029 5030
f 5836 5838 5837 5835
f 5836 5025 5839 5838
f 5836 5030 5024 5025
f 5839 5841 5840 5838
f 5839 5020 5842 5841
f 5839 5025 5019 5020
f 5842 5844 5843 5841
f 5842 5015 5845 5844
f 5842 5020 5014 5015
f 5845 5847 5846 5844
f 5845 5010 5848 5847
f 5845 5015 5009 5010
f 5848 5850 5849 5847
f 5848 5005 5851 5850
f 5848 5010 5004 5005
f 5851 5853 5852 5850
f 5851 5000 5854 5853
f 5851 5005 4999 5000
f 5854 5856 5855 5853
f 5854 4995 5857 5856
f 5854 5000 4994 4995
f 5857 5859 5858 5856
f 5857 4990 5860 5859
f 5857 4995 4989 4990
f 5860 5862 5861 5859
f 5860 4985 5863 5862
f 5860 4990 4984 4985
f 5863 5865 5864 5862
f 5863 4980 5866 5865
f 5863 4985 4979 4980
f 5866 5868 5867 5865
f 5866 4975 4564 5868
f 5866 4980 4974 4975
f 5868 5870 5869 5867
f 5868 4564 4565 5870
f 5870 5872 5871 5869
f 5870 4565 4570 5872
f 5872 5874 5873 5871
f 5872 4570 5875 5874
f 5875 5877 5876 5874
f 5875 5879 5878 5877
f 5875 4570 4571 5879
f 5879 4656 4657 5878
f 5879 4571 4572 4656
f 5878 5881 5880 5877
f 5878 4657 5882 5881
f 5882 5884 5883 5881
f 5882 5886 5885 5884
f 5882 4657 4658 5886
f 5886 5888 5887 5885
f 5886 4658 4659 5888
f 5888 5890 5889 5887
f 5888 4659 4960 5890
f 5890 4955 5891 5889
f 5890 4960 4954 4955
f 5891 5893 5892 5889
f 5891 4950 5894 5893
f 5891 4955 4949 4950
f 5894 5896 5895 5893
f 5894 4945 5897 5896
f 5894 4950 4944 4945
f 5897 5899 5898 5896
f 5897 4940 5900 5899
f 5897 4945 4939 4940
f 5900 5902 5901 5899
f 5900 4935 5903 5902
f 5900 4940 4934 4935
f 5903 5905 5904 5902
f 5903 4930 5906 5905
f 5903 4935 4929 4930
f 5906 5908 5907 5905
f 5906 4925 5909 5908
f 5906 4930 4924 4925
f 5909 5911 5910 5908
f 5909 4920 5912 5911
f 5909 4925 4919 4920
f 5912 5914 5913 5911
f 5912 4915 5915 5914
f 5912 4920 4914 4915
f 5915 5917 5916 5914
f 5915 4910 5918 5917
f 5915 4915 4909 4910
f 5918 5920 5919 5917
f 5918 4905 5921 5920
f 5918 4910 4904 4905
f 5921 5923 5922 5920
f 5921 4900 5924 5923
f 5921 4905 4899 4900
f 5924 5926 5925 5923
f 5924 4895 4630 5926
f 5924 4900 4894 4895
f 5926 5928 5927 5925
f 5926 4630 4631 5928
f 5928 4670 4671 5927
f 5928 4631 4632 4670
f 5927 4671 5930 5929
f 5927 5929 5931 5925
f 5931 5929 5933 5932
f 5931 5922 5923 5925
f 5931 5932 5934 5922
f 5934 5932 5936 5935
f 5934 5919 5920 5922
f 5934 5935 5937 5919
f 5937 5935 5939 5938
f 5937 5916 5917 5919
f 5937 5938 5940 5916
f 5940 5938 5942 5941
f 5940 5913 5914 5916
f 5940 5941 5943 5913
f 5943 5941 5945 5944
f 5943 5910 5911 5913
f 5943 5944 5946 5910
f 5946 5944 5948 5947
f 5946 5907 5908 5910
f 5946 5947 5949 5907
f 5949 5947 5951 5950
f 5949 5904 5905 5907
f 5949 5950 5952 5904
f 5952 5950 5954 5953
f 5952 5901 5902 5904
f 5952 5953 5955 5901
f 5955 5953 5957 5956
f 5955 5898 5899 5901
f 5955 5956 5958 5898
f 5958 5956 5960 5959
f 5958 5895 5896 5898
f 5958 5959 5961 5895
f 5961 5959 5963 5962
f 5961 5892 5893 5895
f 5961 5962 5964 5892
f 5964 5962 5966 5965
f 5964 5887 5889 5892
f 5964 5965 5885 5887
f 5966 5969 5968 5967
f 5966 5962 5963 5969
f 5966 5967 5970 5965
f 5970 5967 5972 5971
f 5970 5884 5885 5965
f 5970 5971 5883 5884
f 5972 5975 5974 5973
f 5972 5967 5968 5975
f 5972 5973 5976 5971
f 5976 5973 5978 5977
f 5976 5979 5883 5971
f 5976 5977 5980 5979
f 5980 5977 5982 5981
f 5980 5983 5880 5979
f 5980 5981 5984 5983
f 5984 5981 5986 5985
f 5984 5987 5876 5983
f 5984 5985 5988 5987
f 5988 5985 5990 5989
f 5988 5991 5873 5987
f 5988 5989 5992 5991
f 5992 5989 5994 5993
f 5992 5996 5995 5991
f 5992 5993 5997 5996
f 5997 5993 5999 5998
f 5997 6001 6000 5996
f 5997 5998 6002 6001
f 6002 5998 6004 6003
f 6002 6006 6005 6001
f 6002 6003 6007 6006
f 6007 6003 5328 5329
f 6007 6009 6008 6006
f 6007 5329 5331 6009
f 6009 6011 6010 6008
f 6009 5331 5333 6011
f 6011 6013 6012 6010
f 6011 5333 6014 6013
f 6014 5333 5334 5337
f 6014 6016 6015 6013
f 6014 5337 6017 6016
f 6017 5337 5338 5342
f 6017 6019 6018 6016
f 6017 5342 6020 6019
f 6020 5342 5343 5347
f 6020 6022 6021 6019
f 6020 5347 6023 6022
f 6023 5347 5348 5352
f 6023 6025 6024 6022
f 6023 5352 6026 6025
f 6026 5352 5353 5357
f 6026 6028 6027 6025
f 6026 5357 6029 6028
f 6029 5357 5358 5362
f 6029 6031 6030 6028
f 6029 5362 6032 6031
f 6032 5362 5363 5367
f 6032 6034 6033 6031
f 6032 5367 6035 6034
f 6035 5367 5368 5372
f 6035 6037 6036 6034
f 6035 5372 6038 6037
f 6038 5372 5373 5377
f 6038 6040 6039 6037
f 6038 5377 6041 6040
f 6041 5377 5378 5382
f 6041 6043 6042 6040
f 6041 5382 6044 6043
f 6044 5382 5383 5387
f 6044 6046 6045 6043
f 6044 5387 6047 6046
f 6047 5387 5388 5392
f 6047 6049 6048 6046
f 6047 5392 6050 6049
f 6050 5392 5393 5397
f 6050 6052 6051 6049
f 6050 5397 6053 6052
f 6053 5397 5398 5402
f 6053 6055 6054 6052
f 6053 5402 6056 6055
f 6056 5402 5403 5407
f 6056 4628 6057 6055
f 6056 5407 4626 4628
f 6057 5813 6054 6055
f 6057 5810 5811 5813
f 6057 4628 4620 5810
f 6054 5816 6051 6052
f 6054 5813 5814 5816
f 6051 5819 6048 6049
f 6051 5816 5817 5819
f 6048 5822 6045 6046
f 6048 5819 5820 5822
f 6045 5825 6042 6043
f 6045 5822 5823 5825
f 6042 5828 6039 6040
f 6042 5825 5826 5828
f 6039 5831 6036 6037
f 6039 5828 5829 5831
f 6036 5834 6033 6034
f 6036 5831 5832 5834
f 6033 5837 6030 6031
f 6033 5834 5835 5837
f 6030 5840 6027 6028
f 6030 5837 5838 5840
f 6027 5843 6024 6025
f 6027 5840 5841 5843
f 6024 5846 6021 6022
f 6024 5843 5844 5846
f 6021 5849 6018 6019
f 6021 5846 5847 5849
f 6018 5852 6015 6016
f 6018 5849 5850 5852
f 6015 5855 6012 6013
f 6015 5852 5853 5855
f 6012 5858 6058 6010
f 6012 5855 5856 5858
f 6058 6059 6008 6010
f 6058 5861 6060 6059
f 6058 5858 5859 5861
f 6060 6061 6005 6059
f 6060 5864 6062 6061
f 6060 5861 5862 5864
f 6062 6063 6000 6061
f 6062 5867 5869 6063
f 6062 5864 5865 5867
f 6063 5995 5996 6000
f 6063 5869 5871 5995
f 6061 6000 6001 6005
f 6059 6005 6006 6008
f 6004 6064 5318 5327
f 6004 5998 5999 6064
f 6004 5327 5328 6003
f 6064 5313 5314 5318
f 6064 5999 6065 5313
f 6065 5308 5309 5313
f 6065 5994 6066 5308
f 6065 5999 5993 5994
f 6066 5303 5304 5308
f 6066 5990 6067 5303
f 6066 5994 5989 5990
f 6067 5298 5299 5303
f 6067 5986 6068 5298
f 6067 5990 5985 5986
f 6068 5293 5294 5298
f 6068 5982 6069 5293
f 6068 5986 5981 5982
f 6069 5288 5289 5293
f 6069 5978 6070 5288
f 6069 5982 5977 5978
f 6070 5283 5284 5288
f 6070 5974 6071 5283
f 6070 5978 5973 5974
f 6071 5278 5279 5283
f 6071 6073 6072 5278
f 6071 5974 5975 6073
f 6073 6075 6074 6072
f 6073 5975 5968 6075
f 6075 6077 6076 6074
f 6075 5968 5969 6077
f 6077 6079 6078 6076
f 6077 5969 5963 6079
f 6079 5960 6080 6078
f 6079 5963 5959 5960
f 6080 6082 6081 6078
f 6080 5957 6083 6082
f 6080 5960 5956 5957
f 6083 6085 6084 6082
f 6083 5954 6086 6085
f 6083 5957 5953 5954
f 6086 6088 6087 6085
f 6086 5951 6089 6088
f 6086 5954 5950 5951
f 6089 6091 6090 6088
f 6089 5948 6092 6091
f 6089 5951 5947 5948
f 6092 6094 6093 6091
f 6092 5945 6095 6094
f 6092 5948 5944 5945
f 6095 6097 6096 6094
f 6095 5942 6098 6097
f 6095 5945 5941 5942
f 6098 6100 6099 6097
f 6098 5939 6101 6100
f 6098 5942 5938 5939
f 6101 6103 6102 6100
f 6101 5936 6104 6103
f 6101 5939 5935 5936
f 6104 6106 6105 6103
f 6104 5933 6107 6106
f 6104 5936 5932 5933
f 6107 6109 6108 6106
f 6107 5930 6110 6109
f 6107 5933 5929 5930
f 6110 6112 6111 6109
f 6110 4668 4669 6112
f 6110 5930 4671 4668
f 6112 6114 6113 6111
f 6112 4669 6115 6114
f 6115 6117 6116 6114
f 6115 4872 4873 6117
f 6115 4669 4665 4872
f 6117 6119 6118 6116
f 6117 4873 6120 6119
f 6120 6122 6121 6119
f 6120 4868 6123 6122
f 6120 4873 4867 4868
f 6123 6125 6124 6122
f 6123 4863 6126 6125
f 6123 4868 4862 4863
f 6126 6128 6127 6125
f 6126 4858 6129 6128
f 6126 4863 4857 4858
f 6129 6131 6130 6128
f 6129 4853 6132 6131
f 6129 4858 4852 4853
f 6132 6134 6133 6131
f 6132 4848 6135 6134
f 6132 4853 4847 4848
f 6135 6137 6136 6134
f 6135 4843 6138 6137
f 6135 4848 4842 4843
f 6138 6140 6139 6137
f 6138 4838 6141 6140
f 6138 4843 4837 4838
f 6141 6143 6142 6140
f 6141 4833 6144 6143
f 6141 4838 4832 4833
f 6144 6146 6145 6143
f 6144 4828 6147 6146
f 6144 4833 4827 4828
f 6147 6149 6148 6146
f 6147 4823 6150 6149
f 6147 4828 4822 4823
f 6150 6152 6151 6149
f 6150 4818 6153 6152
f 6150 4823 4817 4818
f 6153 6155 6154 6152
f 6153 4813 6156 6155
f 6153 4818 4812 4813
f 6156 4595 4596 6155
f 6156 4808 4603 4595
f 6156 4813 4807 4808
f 6155 4596 6157 6154
f 6157 6160 6159 6158
f 6157 4596 4597 6160
f 6157 6158 6161 6154
f 6161 6158 6163 6162
f 6161 6151 6152 6154
f 6161 6162 6164 6151
f 6164 6162 6166 6165
f 6164 6148 6149 6151
f 6164 6165 6167 6148
f 6167 6165 6169 6168
f 6167 6145 6146 6148
f 6167 6168 6170 6145
f 6170 6168 6172 6171
f 6170 6142 6143 6145
f 6170 6171 6173 6142
f 6173 6171 6175 6174
f 6173 6139 6140 6142
f 6173 6174 6176 6139
f 6176 6174 6178 6177
f 6176 6136 6137 6139
f 6176 6177 6179 6136
f 6179 6177 6181 6180
f 6179 6133 6134 6136
f 6179 6180 6182 6133
f 6182 6180 6184 6183
f 6182 6130 6131 6133
f 6182 6183 6185 6130
f 6185 6183 6187 6186
f 6185 6127 6128 6130
f 6185 6186 6188 6127
f 6188 6186 6190 6189
f 6188 6124 6125 6127
f 6188 6189 6191 6124
f 6191 6189 6193 6192
f 6191 6121 6122 6124
f 6191 6192 6194 6121
f 6194 6192 6196 6195
f 6194 6118 6119 6121
f 6194 6195 6197 6118
f 6197 6195 6199 6198
f 6197 6200 6116 6118
f 6197 6198 6201 6200
f 6201 6198 6203 6202
f 6201 6204 6113 6200
f 6201 6202 6205 6204
f 6205 6202 6207 6206
f 6205 6209 6208 6204
f 6205 6206 6210 6209
f 6210 6206 6212 6211
f 6210 6214 6213 6209
f 6210 6211 6215 6214
f 6215 6211 6217 6216
f 6215 6219 6218 6214
f 6215 6216 6220 6219
f 6220 6216 5238 5240
f 6220 6222 6221 6219
f 6220 5240 5242 6222
f 6222 6223 6099 6221
f 6222 5242 6224 6223
f 6224 5242 5243 5246
f 6224 6225 6096 6223
f 6224 5246 6226 6225
f 6226 5246 5247 5249
f 6226 6227 6093 6225
f 6226 5249 6228 6227
f 6228 5249 5250 5253
f 6228 6229 6090 6227
f 6228 5253 6230 6229
f 6230 5253 5254 5258
f 6230 6231 6087 6229
f 6230 5258 6232 6231
f 6232 5258 5259 5263
f 6232 6233 6084 6231
f 6232 5263 6234 6233
f 6234 5263 5264 5268
f 6234 6235 6081 6233
f 6234 5268 6236 6235
f 6236 5268 5269 5273
f 6236 6074 6076 6235
f 6236 5273 6072 6074
f 6235 6076 6078 6081
f 6233 6081 6082 6084
f 6231 6084 6085 6087
f 6229 6087 6088 6090
f 6227 6090 6091 6093
f 6225 6093 6094 6096
f 6223 6096 6097 6099
f 6221 6102 6218 6219
f 6221 6099 6100 6102
f 6218 6105 6213 6214
f 6218 6102 6103 6105
f 6217 6237 5236 5237
f 6217 6211 6212 6237
f 6217 5237 5238 6216
f 6237 6239 6238 5236
f 6237 6212 6240 6239
f 6240 6242 6241 6239
f 6240 6207 6243 6242
f 6240 6212 6206 6207
f 6243 6245 6244 6242
f 6243 6203 6246 6245
f 6243 6207 6202 6203
f 6246 6248 6247 6245
f 6246 6199 6249 6248
f 6246 6203 6198 6199
f 6249 6251 6250 6248
f 6249 6196 6252 6251
f 6249 6199 6195 6196
f 6252 6254 6253 6251
f 6252 6193 6255 6254
f 6252 6196 6192 6193
f 6255 6257 6256 6254
f 6255 6190 6258 6257
f 6255 6193 6189 6190
f 6258 6260 6259 6257
f 6258 6187 6261 6260
f 6258 6190 6186 6187
f 6261 6263 6262 6260
f 6261 6184 6264 6263
f 6261 6187 6183 6184
f 6264 6266 6265 6263
f 6264 6181 6267 6266
f 6264 6184 6180 6181
f 6267 6269 6268 6266
f 6267 6178 6270 6269
f 6267 6181 6177 6178
f 6270 6272 6271 6269
f 6270 6175 6273 6272
f 6270 6178 6174 6175
f 6273 6275 6274 6272
f 6273 6172 6276 6275
f 6273 6175 6171 6172
f 6276 6278 6277 6275
f 6276 6169 6279 6278
f 6276 6172 6168 6169
f 6279 6281 6280 6278
f 6279 6166 6282 6281
f 6279 6169 6165 6166
f 6282 6284 6283 6281
f 6282 6163 6285 6284
f 6282 6166 6162 6163
f 6285 6287 6286 6284
f 6285 6159 6288 6287
f 6285 6163 6158 6159
f 6288 6290 6289 6287
f 6288 6292 6291 6290
f 6288 6159 6160 6292
f 6292 4598 6293 6291
f 6292 6160 4597 4598
f 6293 6295 6294 6291
f 6293 6297 6296 6295
f 6293 4598 4599 6297
f 6297 4635 4636 6296
f 6297 4599 4600 4635
f 6296 6299 6298 6295
f 6296 4636 6300 6299
f 6300 6302 6301 6299
f 6300 6304 6303 6302
f 6300 4636 4637 6304
f 6304 6306 6305 6303
f 6304 4637 4639 6306
f 6306 6308 6307 6305
f 6306 4639 5656 6308
f 6308 5651 6309 6307
f 6308 5656 5650 5651
f 6309 6311 6310 6307
f 6309 5646 6312 6311
f 6309 5651 5645 5646
f 6312 6314 6313 6311
f 6312 5641 6315 6314
f 6312 5646 5640 5641
f 6315 6317 6316 6314
f 6315 5636 6318 6317
f 6315 5641 5635 5636
f 6318 6320 6319 6317
f 6318 5631 6321 6320
f 6318 5636 5630 5631
f 6321 6323 6322 6320
f 6321 5626 6324 6323
f 6321 5631 5625 5626
f 6324 6326 6325 6323
f 6324 5621 6327 6326
f 6324 5626 5620 5621
f 6327 6329 6328 6326
f 6327 5616 6330 6329
f 6327 5621 5615 5616
f 6330 6332 6331 6329
f 6330 5611 6333 6332
f 6330 5616 5610 5611
f 6333 6335 6334 6332
f 6333 5606 6336 6335
f 6333 5611 5605 5606
f 6336 6338 6337 6335
f 6336 5601 6339 6338
f 6336 5606 5600 5601
f 6339 6341 6340 6338
f 6339 5596 6342 6341
f 6339 5601 5595 5596
f 6342 6344 6343 6341
f 6342 5591 4580 6344
f 6342 5596 5590 5591
f 6344 6346 6345 6343
f 6344 4580 4581 6346
f 6346 4614 4615 6345
f 6346 4581 4584 4614
f 6345 4615 6348 6347
f 6345 6347 6349 6343
f 6349 6347 6351 6350
f 6349 6340 6341 6343
f 6349 6350 6352 6340
f 6352 6350 6354 6353
f 6352 6337 6338 6340
f 6352 6353 6355 6337
f 6355 6353 6357 6356
f 6355 6334 6335 6337
f 6355 6356 6358 6334
f 6358 6356 6360 6359
f 6358 6331 6332 6334
f 6358 6359 6361 6331
f 6361 6359 6363 6362
f 6361 6328 6329 6331
f 6361 6362 6364 6328
f 6364 6362 6366 6365
f 6364 6325 6326 6328
f 6364 6365 6367 6325
f 6367 6365 6369 6368
f 6367 6322 6323 6325
f 6367 6368 6370 6322
f 6370 6368 6372 6371
f 6370 6319 6320 6322
f 6370 6371 6373 6319
f 6373 6371 6375 6374
f 6373 6316 6317 6319
f 6373 6374 6376 6316
f 6376 6374 6378 6377
f 6376 6313 6314 6316
f 6376 6377 6379 6313
f 6379 6377 6381 6380
f 6379 6310 6311 6313
f 6379 6380 6382 6310
f 6382 6380 6384 6383
f 6382 6305 6307 6310
f 6382 6383 6303 6305
f 6384 6386 5116 6385
f 6384 6380 6381 6386
f 6384 6385 6387 6383
f 6387 6385 5121 6388
f 6387 6302 6303 6383
f 6387 6388 6301 6302
f 6388 5121 5122 5126
f 6388 5126 6389 6301
f 6389 5126 5127 5131
f 6389 6298 6299 6301
f 6389 5131 6390 6298
f 6390 5131 5132 5136
f 6390 6294 6295 6298
f 6390 5136 6391 6294
f 6391 5136 5137 5141
f 6391 6290 6291 6294
f 6391 5141 6289 6290
f 6386 5111 5112 5116
f 6386 6381 6392 5111
f 6392 5106 5107 5111
f 6392 6378 6393 5106
f 6392 6381 6377 6378
f 6393 5101 5102 5106
f 6393 6375 6394 5101
f 6393 6378 6374 6375
f 6394 5096 5097 5101
f 6394 6372 6395 5096
f 6394 6375 6371 6372
f 6395 5091 5092 5096
f 6395 6369 6396 5091
f 6395 6372 6368 6369
f 6396 5086 5087 5091
f 6396 6366 6397 5086
f 6396 6369 6365 6366
f 6397 5081 5082 5086
f 6397 6363 6398 5081
f 6397 6366 6362 6363
f 6398 5076 5077 5081
f 6398 6360 6399 5076
f 6398 6363 6359 6360
f 6399 5071 5072 5076
f 6399 6357 6400 5071
f 6399 6360 6356 6357
f 6400 5066 5067 5071
f 6400 6354 6401 5066
f 6400 6357 6353 6354
f 6401 5061 5062 5066
f 6401 6351 6402 5061
f 6401 6354 6350 6351
f 6402 5056 5057 5061
f 6402 6348 6403 5056
f 6402 6351 6347 6348
f 6403 5051 5052 5056
f 6403 4616 4619 5051
f 6403 6348 4615 4616
f 6385 5116 5117 5121
f 6289 5141 5142 5146
f 6289 5146 6286 6287
f 6286 5146 5147 5151
f 6286 5151 6283 6284
f 6283 5151 5152 5156
f 6283 5156 6280 6281
f 6280 5156 5157 5161
f 6280 5161 6277 6278
f 6277 5161 5162 5164
f 6277 5164 6274 6275
f 6274 5164 5165 5168
f 6274 5168 6271 6272
f 6271 5168 5169 5173
f 6271 5173 6268 6269
f 6268 5173 5174 5178
f 6268 5178 6265 6266
f 6265 5178 5179 5183
f 6265 5183 6262 6263
f 6262 5183 5184 5188
f 6262 5188 6259 6260
f 6259 5188 5189 5193
f 6259 5193 6256 6257
f 6256 5193 5194 5198
f 6256 5198 6253 6254
f 6253 5198 5199 5203
f 6253 5203 6250 6251
f 6250 5203 5204 5208
f 6250 5208 6247 6248
f 6247 5208 5209 5213
f 6247 5213 6244 6245
f 6244 5213 5214 5218
f 6244 5218 6241 6242
f 6241 5218 5219 5223
f 6241 5223 6238 6239
f 6238 5223 5224 5228
f 6238 5228 5234 5236
f 6213 6108 6208 6209
f 6213 6105 6106 6108
f 6208 6111 6113 6204
f 6208 6108 6109 6111
f 6200 6113 6114 6116
f 6072 5273 5274 5278
f 5995 5871 5873 5991
f 5987 5873 5874 5876
f 5983 5876 5877 5880
f 5979 5880 5881 5883
f 5810 4620 4621 5808
f 5806 4621 4622 5805
f 5805 4622 4606 4607
f 5805 4607 4608 5803
f 5801 4608 4609 5800
f 5800 4609 4610 6404
f 5800 6404 5797 5798
f 6404 4610 6406 6405
f 6404 6405 6407 5797
f 6407 6405 6409 6408
f 6407 5794 5795 5797
f 6407 6408 6410 5794
f 6410 6408 6412 6411
f 6410 5791 5792 5794
f 6410 6411 6413 5791
f 6413 6411 6415 6414
f 6413 5788 5789 5791
f 6413 6414 6416 5788
f 6416 6414 6418 6417
f 6416 5785 5786 5788
f 6416 6417 6419 5785
f 6419 6417 6421 6420
f 6419 5782 5783 5785
f 6419 6420 6422 5782
f 6422 6420 6424 6423
f 6422 5779 5780 5782
f 6422 6423 6425 5779
f 6425 6423 6427 6426
f 6425 5776 5777 5779
f 6425 6426 6428 5776
f 6428 6426 6430 6429
f 6428 5773 5774 5776
f 6428 6429 6431 5773
f 6431 6429 6433 6432
f 6431 5770 5771 5773
f 6431 6432 6434 5770
f 6434 6432 6436 6435
f 6434 5767 5768 5770
f 6434 6435 6437 5767
f 6437 6435 6439 6438
f 6437 5764 5765 5767
f 6437 6438 5757 5764
f 6439 6442 6441 6440
f 6439 6435 6436 6442
f 6439 6440 5754 6438
f 6442 6444 6443 6441
f 6442 6436 6445 6444
f 6445 6447 6446 6444
f 6445 6433 6448 6447
f 6445 6436 6432 6433
f 6448 6450 6449 6447
f 6448 6430 6451 6450
f 6448 6433 6429 6430
f 6451 6453 6452 6450
f 6451 6427 6454 6453
f 6451 6430 6426 6427
f 6454 6456 6455 6453
f 6454 6424 6457 6456
f 6454 6427 6423 6424
f 6457 6459 6458 6456
f 6457 6421 6460 6459
f 6457 6424 6420 6421
f 6460 6462 6461 6459
f 6460 6418 6463 6462
f 6460 6421 6417 6418
f 6463 6465 6464 6462
f 6463 6415 6466 6465
f 6463 6418 6414 6415
f 6466 6468 6467 6465
f 6466 6412 6469 6468
f 6466 6415 6411 6412
f 6469 6471 6470 6468
f 6469 6409 6472 6471
f 6469 6412 6408 6409
f 6472 6474 6473 6471
f 6472 6406 6475 6474
f 6472 6409 6405 6406
f 6475 4623 4627 6474
f 6475 4605 4606 4623
f 6475 6406 4610 4605
f 6474 4627 6476 6473
f 6476 5416 5417 5421
f 6476 4627 4624 5416
f 6476 5421 6477 6473
f 6477 5421 5422 5426
f 6477 6470 6471 6473
f 6477 5426 6478 6470
f 6478 5426 5427 5431
f 6478 6467 6468 6470
f 6478 5431 6479 6467
f 6479 5431 5432 5436
f 6479 6464 6465 6467
f 6479 5436 6480 6464
f 6480 5436 5437 5441
f 6480 6461 6462 6464
f 6480 5441 6481 6461
f 6481 5441 5442 5446
f 6481 6458 6459 6461
f 6481 5446 6482 6458
f 6482 5446 5447 5451
f 6482 6455 6456 6458
f 6482 5451 6483 6455
f 6483 5451 5452 5456
f 6483 6452 6453 6455
f 6483 5456 6484 6452
f 6484 5456 5457 5461
f 6484 6449 6450 6452
f 6484 5461 6485 6449
f 6485 5461 5462 5466
f 6485 6446 6447 6449
f 6485 5466 6486 6446
f 6486 5466 5467 5471
f 6486 6443 6444 6446
f 6486 5471 6487 6443
f 6487 5471 5472 5476
f 6487 6488 6441 6443
f 6487 5476 6489 6488
f 6489 5476 5477 5481
f 6489 6491 6490 6488
f 6489 5481 6492 6491
f 6492 5481 5482 5486
f 6492 5749 5750 6491
f 6492 5486 5748 5749
f 6491 5750 5752 6490
f 6490 6440 6441 6488
f 6490 5752 5754 6440
f 6438 5754 5755 5757
f 5764 5757 5758 5761
f 5748 5486 5487 5491
f 5748 5491 5745 5746
f 5745 5491 5492 5496
f 5745 5496 5741 5742
f 5741 5496 5497 5501
f 5741 5501 5738 5739
f 5738 5501 5502 5506
f 5738 5506 6493 5736
f 6493 5506 5507 5511
f 6493 6494 5734 5736
f 6493 5511 6495 6494
f 6495 5511 5512 5516
f 6495 6497 6496 6494
f 6495 5516 6498 6497
f 6498 5516 5517 5519
f 6498 6500 6499 6497
f 6498 5519 5521 6500
f 6500 6501 5726 6499
f 6500 5521 6502 6501
f 6502 5521 5522 5524
f 6502 6503 5723 6501
f 6502 5524 6504 6503
f 6504 5524 5525 5527
f 6504 6505 5720 6503
f 6504 5527 6506 6505
f 6506 5527 5528 5530
f 6506 6507 5717 6505
f 6506 5530 6508 6507
f 6508 5530 5531 5533
f 6508 6509 5714 6507
f 6508 5533 6510 6509
f 6510 5533 5534 5536
f 6510 6511 5711 6509
f 6510 5536 6512 6511
f 6512 5536 5537 5539
f 6512 6513 5708 6511
f 6512 5539 6514 6513
f 6514 5539 5540 5542
f 6514 6515 5705 6513
f 6514 5542 6516 6515
f 6516 5542 5543 5545
f 6516 6517 5702 6515
f 6516 5545 6518 6517
f 6518 5545 5546 5548
f 6518 6519 5699 6517
f 6518 5548 6520 6519
f 6520 5548 5549 5551
f 6520 6521 5696 6519
f 6520 5551 6522 6521
f 6522 5551 5552 5554
f 6522 6524 6523 6521
f 6522 5554 6525 6524
f 6525 5554 5555 5557
f 6525 6527 6526 6524
f 6525 5557 6528 6527
f 6528 5557 5558 5560
f 6528 6530 6529 6527
f 6528 5560 6531 6530
f 6531 5560 5561 5563
f 6531 6533 6532 6530
f 6531 5563 5570 6533
f 6533 6534 5682 6532
f 6533 5570 5571 6534
f 6534 5679 5680 5682
f 6534 5571 5572 5679
f 6532 5685 6529 6530
f 6532 5682 5683 5685
f 6529 5688 6526 6527
f 6529 5685 5686 5688
f 6526 5691 6523 6524
f 6526 5688 5689 5691
f 6523 5694 5696 6521
f 6523 5691 5692 5694
f 6519 5696 5697 5699
f 6517 5699 5700 5702
f 6515 5702 5703 5705
f 6513 5705 5706 5708
f 6511 5708 5709 5711
f 6509 5711 5712 5714
f 6507 5714 5715 5717
f 6505 5717 5718 5720
f 6503 5720 5721 5723
f 6501 5723 5724 5726
f 6499 5729 6496 6497
f 6499 5726 5727 5729
f 6496 5732 5734 6494
f 6496 5729 5730 5732
f 5679 5572 5574 5677
f 5656 4639 4638 5655
f 5655 4638 4600 4601
f 5591 5586 4579 4580
f 5579 4613 4584 4582
f 5570 5563 5564 5566
f 5515 6535 4956 4962
f 5515 5509 5510 6535
f 5515 4962 4963 5514
f 6535 4951 4952 4956
f 6535 5510 6536 4951
f 6536 4946 4947 4951
f 6536 5505 6537 4946
f 6536 5510 5504 5505
f 6537 4941 4942 4946
f 6537 5500 6538 4941
f 6537 5505 5499 5500
f 6538 4936 4937 4941
f 6538 5495 6539 4936
f 6538 5500 5494 5495
f 6539 4931 4932 4936
f 6539 5490 6540 4931
f 6539 5495 5489 5490
f 6540 4926 4927 4931
f 6540 5485 6541 4926
f 6540 5490 5484 5485
f 6541 4921 4922 4926
f 6541 5480 6542 4921
f 6541 5485 5479 5480
f 6542 4916 4917 4921
f 6542 5475 6543 4916
f 6542 5480 5474 5475
f 6543 4911 4912 4916
f 6543 5470 6544 4911
f 6543 5475 5469 5470
f 6544 4906 4907 4911
f 6544 5465 6545 4906
f 6544 5470 5464 5465
f 6545 4901 4902 4906
f 6545 5460 6546 4901
f 6545 5465 5459 5460
f 6546 4896 4897 4901
f 6546 5455 6547 4896
f 6546 5460 5454 5455
f 6547 4891 4892 4896
f 6547 5450 6548 4891
f 6547 5455 5449 5450
f 6548 4887 4888 4891
f 6548 5445 6549 4887
f 6548 5450 5444 5445
f 6549 4884 4885 4887
f 6549 5440 6550 4884
f 6549 5445 5439 5440
f 6550 4880 4881 4884
f 6550 5435 6551 4880
f 6550 5440 5434 5435
f 6551 6552 4878 4880
f 6551 5430 6553 6552
f 6551 5435 5429 5430
f 6553 6555 6554 6552
f 6553 5425 6556 6555
f 6553 5430 5424 5425
f 6556 6558 6557 6555
f 6556 5420 6559 6558
f 6556 5425 5419 5420
f 6559 6561 6560 6558
f 6559 5415 6562 6561
f 6559 5420 5414 5415
f 6562 6564 6563 6561
f 6562 5411 6565 6564
f 6562 5415 5410 5411
f 6565 6567 6566 6564
f 6565 5406 6568 6567
f 6565 5411 5405 5406
f 6568 6570 6569 6567
f 6568 5401 6571 6570
f 6568 5406 5400 5401
f 6571 6573 6572 6570
f 6571 5396 6574 6573
f 6571 5401 5395 5396
f 6574 6576 6575 6573
f 6574 5391 6577 6576
f 6574 5396 5390 5391
f 6577 6579 6578 6576
f 6577 5386 6580 6579
f 6577 5391 5385 5386
f 6580 6582 6581 6579
f 6580 5381 6583 6582
f 6580 5386 5380 5381
f 6583 6585 6584 6582
f 6583 5376 6586 6585
f 6583 5381 5375 5376
f 6586 6588 6587 6585
f 6586 5371 6589 6588
f 6586 5376 5370 5371
f 6589 6591 6590 6588
f 6589 5366 6592 6591
f 6589 5371 5365 5366
f 6592 6594 6593 6591
f 6592 5361 6595 6594
f 6592 5366 5360 5361
f 6595 6597 6596 6594
f 6595 5356 6598 6597
f 6595 5361 5355 5356
f 6598 6600 6599 6597
f 6598 5351 6601 6600
f 6598 5356 5350 5351
f 6601 6603 6602 6600
f 6601 5346 6604 6603
f 6601 5351 5345 5346
f 6604 6606 6605 6603
f 6604 5341 4592 6606
f 6604 5346 5340 5341
f 6606 6608 6607 6605
f 6606 4592 4593 6608
f 6608 6610 6609 6607
f 6608 4593 4594 6610
f 6610 6611 4779 6609
f 6610 4594 6612 6611
f 6612 6613 4774 6611
f 6612 6615 6614 6613
f 6612 4594 4588 6615
f 6615 4643 4644 6614
f 6615 4588 4589 4643
f 6614 6616 4769 6613
f 6614 4644 6617 6616
f 6617 6618 4764 6616
f 6617 6620 6619 6618
f 6617 4644 4640 6620
f 6620 6622 6621 6619
f 6620 4640 4641 6622
f 6622 5322 6623 6621
f 6622 4641 5321 5322
f 6623 6625 6624 6621
f 6623 5317 6626 6625
f 6623 5322 5316 5317
f 6626 6628 6627 6625
f 6626 5312 6629 6628
f 6626 5317 5311 5312
f 6629 6631 6630 6628
f 6629 5307 6632 6631
f 6629 5312 5306 5307
f 6632 6634 6633 6631
f 6632 5302 6635 6634
f 6632 5307 5301 5302
f 6635 6637 6636 6634
f 6635 5297 6638 6637
f 6635 5302 5296 5297
f 6638 6640 6639 6637
f 6638 5292 6641 6640
f 6638 5297 5291 5292
f 6641 6643 6642 6640
f 6641 5287 6644 6643
f 6641 5292 5286 5287
f 6644 6646 6645 6643
f 6644 5282 6647 6646
f 6644 5287 5281 5282
f 6647 6649 6648 6646
f 6647 5277 6650 6649
f 6647 5282 5276 5277
f 6650 6652 6651 6649
f 6650 5272 6653 6652
f 6650 5277 5271 5272
f 6653 6655 6654 6652
f 6653 5267 6656 6655
f 6653 5272 5266 5267
f 6656 6658 6657 6655
f 6656 5262 6659 6658
f 6656 5267 5261 5262
f 6659 6661 6660 6658
f 6659 5257 4578 6661
f 6659 5262 5256 5257
f 6661 6663 6662 6660
f 6661 4578 4573 6663
f 6663 4679 4680 6662
f 6663 4573 4574 4679
f 6662 4680 4690 4694
f 6662 4694 6664 6660
f 6664 4694 4695 4699
f 6664 6657 6658 6660
f 6664 4699 6665 6657
f 6665 4699 4700 4704
f 6665 6654 6655 6657
f 6665 4704 6666 6654
f 6666 4704 4705 4709
f 6666 6651 6652 6654
f 6666 4709 6667 6651
f 6667 4709 4710 4714
f 6667 6648 6649 6651
f 6667 4714 6668 6648
f 6668 4714 4715 4719
f 6668 6645 6646 6648
f 6668 4719 6669 6645
f 6669 4719 4720 4724
f 6669 6642 6643 6645
f 6669 4724 6670 6642
f 6670 4724 4725 4729
f 6670 6639 6640 6642
f 6670 4729 6671 6639
f 6671 4729 4730 4734
f 6671 6636 6637 6639
f 6671 4734 6672 6636
f 6672 4734 4735 4739
f 6672 6633 6634 6636
f 6672 4739 6673 6633
f 6673 4739 4740 4744
f 6673 6630 6631 6633
f 6673 4744 6674 6630
f 6674 4744 4745 4749
f 6674 6627 6628 6630
f 6674 4749 6675 6627
f 6675 4749 4750 4754
f 6675 6624 6625 6627
f 6675 4754 6676 6624
f 6676 4754 4755 4759
f 6676 6619 6621 6624
f 6676 4759 6618 6619
f 6618 4759 4760 4764
f 6616 4764 4765 4769
f 6613 4769 4770 4774
f 6611 4774 4775 4779
f 6609 4779 4780 4784
f 6609 4784 6677 6607
f 6677 4784 4785 4789
f 6677 6678 6605 6607
f 6677 4789 6679 6678
f 6679 4789 4790 4794
f 6679 6680 6602 6678
f 6679 4794 6681 6680
f 6681 4794 4795 4799
f 6681 6682 6599 6680
f 6681 4799 6683 6682
f 6683 4799 4800 4804
f 6683 6684 6596 6682
f 6683 4804 6685 6684
f 6685 4804 4805 4809
f 6685 6686 6593 6684
f 6685 4809 6687 6686
f 6687 4809 4810 4814
f 6687 6688 6590 6686
f 6687 4814 6689 6688
f 6689 4814 4815 4819
f 6689 6690 6587 6688
f 6689 4819 6691 6690
f 6691 4819 4820 4824
f 6691 6692 6584 6690
f 6691 4824 6693 6692
f 6693 4824 4825 4829
f 6693 6694 6581 6692
f 6693 4829 6695 6694
f 6695 4829 4830 4834
f 6695 6696 6578 6694
f 6695 4834 6697 6696
f 6697 4834 4835 4839
f 6697 6698 6575 6696
f 6697 4839 6699 6698
f 6699 4839 4840 4844
f 6699 6700 6572 6698
f 6699 4844 6701 6700
f 6701 4844 4845 4849
f 6701 6702 6569 6700
f 6701 4849 6703 6702
f 6703 4849 4850 4854
f 6703 6704 6566 6702
f 6703 4854 6705 6704
f 6705 4854 4855 4859
f 6705 6706 6563 6704
f 6705 4859 6707 6706
f 6707 4859 4860 4864
f 6707 6708 6560 6706
f 6707 4864 6709 6708
f 6709 4864 4865 4869
f 6709 6710 6557 6708
f 6709 4869 4875 6710
f 6710 6554 6555 6557
f 6710 4875 4876 6554
f 6708 6557 6558 6560
f 6706 6560 6561 6563
f 6704 6563 6564 6566
f 6702 6566 6567 6569
f 6700 6569 6570 6572
f 6698 6572 6573 6575
f 6696 6575 6576 6578
f 6694 6578 6579 6581
f 6692 6581 6582 6584
f 6690 6584 6585 6587
f 6688 6587 6588 6590
f 6686 6590 6591 6593
f 6684 6593 6594 6596
f 6682 6596 6597 6599
f 6680 6599 6600 6602
f 6678 6602 6603 6605
f 6554 4876 4878 6552
f 5416 4624 4625 5412
f 5408 4625 4626 5407
f 5341 5336 4587 4592
f 5327 5318 5319 5323
f 5257 5252 4577 4578
f 5245 4676 4574 4575
f 5172 5167 4650 4651
f 5160 4654 4652 5159
f 5051 4619 5046 5047
f 4975 4970 4563 4564
f 4960 4659 4655 4959
f 4959 4655 4572 4566
f 4895 4890 4629 4630
f 4883 4673 4632 4633
f 4808 4802 4803 4603
g Group34873
f 6713 6712 6711
f 6714 6713 6711
f 6715 6714 6711
f 6716 6715 6711
f 6717 6716 6711
f 6718 6717 6711
f 6719 6718 6711
f 6720 6719 6711
f 6721 6720 6711
f 6722 6721 6711
f 6723 6722 6711
f 6724 6723 6711
f 6725 6724 6711
f 6726 6725 6711
f 6727 6726 6711
f 6728 6727 6711
f 6729 6728 6711
f 6730 6729 6711
f 6731 6730 6711
f 6732 6731 6711
f 6733 6732 6711
f 6734 6733 6711
f 6735 6734 6711
f 6736 6735 6711
f 6737 6736 6711
f 6738 6737 6711
f 6739 6738 6711
f 6740 6739 6711
f 6741 6740 6711
f 6742 6741 6711
f 6743 6742 6711
f 6712 6743 6711
f 6712 6713 6745 6744
f 6713 6714 6746 6745
f 6714 6715 6747 6746
f 6715 6716 6748 6747
f 6716 6717 6749 6748
f 6717 6718 6750 6749
f 6718 6719 6751 6750
f 6719 6720 6752 6751
f 6720 6721 6753 6752
f 6721 6722 6754 6753
f 6722 6723 6755 6754
f 6723 6724 6756 6755
f 6724 6725 6757 6756
f 6725 6726 6758 6757
f 6726 6727 6759 6758
f 6727 6728 6760 6759
f 6728 6729 6761 6760
f 6729 6730 6762 6761
f 6730 6731 6763 6762
f 6731 6732 6764 6763
f 6732 6733 6765 6764
f 6733 6734 6766 6765
f 6734 6735 6767 6766
f 6735 6736 6768 6767
f 6736 6737 6769 6768
f 6737 6738 6770 6769
f 6738 6739 6771 6770
f 6739 6740 6772 6771
f 6740 6741 6773 6772
f 6741 6742 6774 6773
f 6742 6743 6775 6774
f 6743 6712 6744 6775
f 6744 6745 6777 6776
f 6745 6746 6778 6777
f 6746 6747 6779 6778
f 6747 6748 6780 6779
f 6748 6749 6781 6780
f 6749 6750 6782 6781
f 6750 6751 6783 6782
f 6751 6752 6784 6783
f 6752 6753 6785 6784
f 6753 6754 6786 6785
f 6754 6755 6787 6786
f 6755 6756 6788 6787
f 6756 6757 6789 6788
f 6757 6758 6790 6789
f 6758 6759 6791 6790
f 6759 6760 6792 6791
f 6760 6761 6793 6792
f 6761 6762 6794 6793
f 6762 6763 6795 6794
f 6763 6764 6796 6795
f 6764 6765 6797 6796
f 6765 6766 6798 6797
f 6766 6767 6799 6798
f 6767 6768 6800 6799
f 6768 6769 6801 6800
f 6769 6770 6802 6801
f 6770 6771 6803 6802
f 6771 6772 6804 6803
f 6772 6773 6805 6804
f 6773 6774 6806 6805
f 6774 6775 6807 6806
f 6775 6744 6776 6807
f 6776 6777 6809 6808
f 6777 6778 6810 6809
f 6778 6779 6811 6810
f 6779 6780 6812 6811
f 6780 6781 6813 6812
f 6781 6782 6814 6813
f 6782 6783 6815 6814
f 6783 6784 6816 6815
f 6784 6785 6817 6816
f 6785 6786 6818 6817
f 6786 6787 6819 6818
f 6787 6788 6820 6819
f 6788 6789 6821 6820
f 6789 6790 6822 6821
f 6790 6791 6823 6822
f 6791 6792 6824 6823
f 6792 6793 6825 6824
f 6793 6794 6826 6825
f 6794 6795 6827 6826
f 6795 6796 6828 6827
f 6796 6797 6829 6828
f 6797 6798 6830 6829
f 6798 6799 6831 6830
f 6799 6800 6832 6831
f 6800 6801 6833 6832
f 6801 6802 6834 6833
f 6802 6803 6835 6834
f 6803 6804 6836 6835
f 6804 6805 6837 6836
f 6805 6806 6838 6837
f 6806 6807 6839 6838
f 6807 6776 6808 6839
f 6808 6809 6841 6840
f 6809 6810 6842 6841
f 6810 6811 6843 6842
f 6811 6812 6844 6843
f 6812 6813 6845 6844
f 6813 6814 6846 6845
f 6814 6815 6847 6846
f 6815 6816 6848 6847
f 6816 6817 6849 6848
f 6817 6818 6850 6849
f 6818 6819 6851 6850
f 6819 6820 6852 6851
f 6820 6821 6853 6852
f 6821 6822 6854 6853
f 6822 6823 6855 6854
f 6823 6824 6856 6855
f 6824 6825 6857 6856
f 6825 6826 6858 6857
f 6826 6827 6859 6858
f 6827 6828 6860 6859
f 6828 6829 6861 6860
f 6829 6830 6862 6861
f 6830 6831 6863 6862
f 6831 6832 6864 6863
f 6832 6833 6865 6864
f 6833 6834 6866 6865
f 6834 6835 6867 6866
f 6835 6836 6868 6867
f 6836 6837 6869 6868
f 6837 6838 6870 6869
f 6838 6839 6871 6870
f 6839 6808 6840 6871
f 6840 6841 6873 6872
f 6841 6842 6874 6873
f 6842 6843 6875 6874
f 6843 6844 6876 6875
f 6844 6845 6877 6876
f 6845 6846 6878 6877
f 6846 6847 6879 6878
f 6847 6848 6880 6879
f 6848 6849 6881 6880
f 6849 6850 6882 6881
f 6850 6851 6883 6882
f 6851 6852 6884 6883
f 6852 6853 6885 6884
f 6853 6854 6886 6885
f 6854 6855 6887 6886
f 6855 6856 6888 6887
f 6856 6857 6889 6888
f 6857 6858 6890 6889
f 6858 6859 6891 6890
f 6859 6860 6892 6891
f 6860 6861 6893 6892
f 6861 6862 6894 6893
f 6862 6863 6895 6894
f 6863 6864 6896 6895
f 6864 6865 6897 6896
f 6865 6866 6898 6897
f 6866 6867 6899 6898
f 6867 6868 6900 6899
f 6868 6869 6901 6900
f 6869 6870 6902 6901
f 6870 6871 6903 6902
f 6871 6840 6872 6903
f 6872 6873 6905 6904
f 6873 6874 6906 6905
f 6874 6875 6907 6906
f 6875 6876 6908 6907
f 6876 6877 6909 6908
f 6877 6878 6910 6909
f 6878 6879 6911 6910
f 6879 6880 6912 6911
f 6880 6881 6913 6912
f 6881 6882 6914 6913
f 6882 6883 6915 6914
f 6883 6884 6916 6915
f 6884 6885 6917 6916
f 6885 6886 6918 6917
f 6886 6887 6919 6918
f 6887 6888 6920 6919
f 6888 6889 6921 6920
f 6889 6890 6922 6921
f 6890 6891 6923 6922
f 6891 6892 6924 6923
f 6892 6893 6925 6924
f 6893 6894 6926 6925
f 6894 6895 6927 6926
f 6895 6896 6928 6927
f 6896 6897 6929 6928
f 6897 6898 6930 6929
f 6898 6899 6931 6930
f 6899 6900 6932 6931
f 6900 6901 6933 6932
f 6901 6902 6934 6933
f 6902 6903 6935 6934
f 6903 6872 6904 6935
f 6904 6905 6937 6936
f 6905 6906 6938 6937
f 6906 6907 6939 6938
f 6907 6908 6940 6939
f 6908 6909 6941 6940
f 6909 6910 6942 6941
f 6910 6911 6943 6942
f 6911 6912 6944 6943
f 6912 6913 6945 6944
f 6913 6914 6946 6945
f 6914 6915 6947 6946
f 6915 6916 6948 6947
f 6916 6917 6949 6948
f 6917 6918 6950 6949
f 6918 6919 6951 6950
f 6919 6920 6952 6951
f 6920 6921 6953 6952
f 6921 6922 6954 6953
f 6922 6923 6955 6954
f 6923 6924 6956 6955
f 6924 6925 6957 6956
f 6925 6926 6958 6957
f 6926 6927 6959 6958
f 6927 6928 6960 6959
f 6928 6929 6961 6960
f 6929 6930 6962 6961
f 6930 6931 6963 6962
f 6931 6932 6964 6963
f 6932 6933 6965 6964
f 6933 6934 6966 6965
f 6934 6935 6967 6966
f 6935 6904 6936 6967
f 6936 6937 6969 6968
f 6937 6938 6970 6969
f 6938 6939 6971 6970
f 6939 6940 6972 6971
f 6940 6941 6973 6972
f 6941 6942 6974 6973
f 6942 6943 6975 6974
f 6943 6944 6976 6975
f 6944 6945 6977 6976
f 6945 6946 6978 6977
f 6946 6947 6979 6978
f 6947 6948 6980 6979
f 6948 6949 6981 6980
f 6949 6950 6982 6981
f 6950 6951 6983 6982
f 6951 6952 6984 6983
f 6952 6953 6985 6984
f 6953 6954 6986 6985
f 6954 6955 6987 6986
f 6955 6956 6988 6987
f 6956 6957 6989 6988
f 6957 6958 6990 6989
f 6958 6959 6991 6990
f 6959 6960 6992 6991
f 6960 6961 6993 6992
f 6961 6962 6994 6993
f 6962 6963 6995 6994
f 6963 6964 6996 6995
f 6964 6965 6997 6996
f 6965 6966 6998 6997
f 6966 6967 6999 6998
f 6967 6936 6968 6999
f 6968 6969 7001 7000
f 6969 6970 7002 7001
f 6970 6971 7003 7002
f 6971 6972 7004 7003
f 6972 6973 7005 7004
f 6973 6974 7006 7005
f 6974 6975 7007 7006
f 6975 6976 7008 7007
f 6976 6977 7009 7008
f 6977 6978 7010 7009
f 6978 6979 7011 7010
f 6979 6980 7012 7011
f 6980 6981 7013 7012
f 6981 6982 7014 7013
f 6982 6983 7015 7014
f 6983 6984 7016 7015
f 6984 6985 7017 7016
f 6985 6986 7018 7017
f 6986 6987 7019 7018
f 6987 6988 7020 7019
f 6988 6989 7021 7020
f 6989 6990 7022 7021
f 6990 6991 7023 7022
f 6991 6992 7024 7023
f 6992 6993 7025 7024
f 6993 6994 7026 7025
f 6994 6995 7027 7026
f 6995 6996 7028 7027
f 6996 6997 7029 7028
f 6997 6998 7030 7029
f 6998 6999 7031 7030
f 6999 6968 7000 7031
f 7000 7001 7033 7032
f 7001 7002 7034 7033
f 7002 7003 7035 7034
f 7003 7004 7036 7035
f 7004 7005 7037 7036
f 7005 7006 7038 7037
f 7006 7007 7039 7038
f 7007 7008 7040 7039
f 7008 7009 7041 7040
f 7009 7010 7042 7041
f 7010 7011 7043 7042
f 7011 7012 7044 7043
f 7012 7013 7045 7044
f 7013 7014 7046 7045
f 7014 7015 7047 7046
f 7015 7016 7048 7047
f 7016 7017 7049 7048
f 7017 7018 7050 7049
f 7018 7019 7051 7050
f 7019 7020 7052 7051
f 7020 7021 7053 7052
f 7021 7022 7054 7053
f 7022 7023 7055 7054
f 7023 7024 7056 7055
f 7024 7025 7057 7056
f 7025 7026 7058 7057
f 7026 7027 7059 7058
f 7027 7028 7060 7059
f 7028 7029 7061 7060
f 7029 7030 7062 7061
f 7030 7031 7063 7062
f 7031 7000 7032 7063
f 7032 7033 7065 7064
f 7033 7034 7066 7065
f 7034 7035 7067 7066
f 7035 7036 7068 7067
f 7036 7037 7069 7068
f 7037 7038 7070 7069
f 7038 7039 7071 7070
f 7039 7040 7072 7071
f 7040 7041 7073 7072
f 7041 7042 7074 7073
f 7042 7043 7075 7074
f 7043 7044 7076 7075
f 7044 7045 7077 7076
f 7045 7046 7078 7077
f 7046 7047 7079 7078
f 7047 7048 7080 7079
f 7048 7049 7081 7080
f 7049 7050 7082 7081
f 7050 7051 7083 7082
f 7051 7052 7084 7083
f 7052 7053 7085 7084
f 7053 7054 7086 7085
f 7054 7055 7087 7086
f 7055 7056 7088 7087
f 7056 7057 7089 7088
f 7057 7058 7090 7089
f 7058 7059 7091 7090
f 7059 7060 7092 7091
f 7060 7061 7093 7092
f 7061 7062 7094 7093
f 7062 7063 7095 7094
f 7063 7032 7064 7095
f 7064 7065 7097 7096
f 7065 7066 7098 7097
f 7066 7067 7099 7098
f 7067 7068 7100 7099
f 7068 7069 7101 7100
f 7069 7070 7102 7101
f 7070 7071 7103 7102
f 7071 7072 7104 7103
f 7072 7073 7105 7104
f 7073 7074 7106 7105
f 7074 7075 7107 7106
f 7075 7076 7108 7107
f 7076 7077 7109 7108
f 7077 7078 7110 7109
f 7078 7079 7111 7110
f 7079 7080 7112 7111
f 7080 7081 7113 7112
f 7081 7082 7114 7113
f 7082 7083 7115 7114
f 7083 7084 7116 7115
f 7084 7085 7117 7116
f 7085 7086 7118 7117
f 7086 7087 7119 7118
f 7087 7088 7120 7119
f 7088 7089 7121 7120
f 7089 7090 7122 7121
f 7090 7091 7123 7122
f 7091 7092 7124 7123
f 7092 7093 7125 7124
f 7093 7094 7126 7125
f 7094 7095 7127 7126
f 7095 7064 7096 7127
f 7096 7097 7129 7128
f 7097 7098 7130 7129
f 7098 7099 7131 7130
f 7099 7100 7132 7131
f 7100 7101 7133 7132
f 7101 7102 7134 7133
f 7102 7103 7135 7134
f 7103 7104 7136 7135
f 7104 7105 7137 7136
f 7105 7106 7138 7137
f 7106 7107 7139 7138
f 7107 7108 7140 7139
f 7108 7109 7141 7140
f 7109 7110 7142 7141
f 7110 7111 7143 7142
f 7111 7112 7144 7143
f 7112 7113 7145 7144
f 7113 7114 7146 7145
f 7114 7115 7147 7146
f 7115 7116 7148 7147
f 7116 7117 7149 7148
f 7117 7118 7150 7149
f 7118 7119 7151 7150
f 7119 7120 7152 7151
f 7120 7121 7153 7152
f 7121 7122 7154 7153
f 7122 7123 7155 7154
f 7123 7124 7156 7155
f 7124 7125 7157 7156
f 7125 7126 7158 7157
f 7126 7127 7159 7158
f 7127 7096 7128 7159
f 7128 7129 7161 7160
f 7129 7130 7162 7161
f 7130 7131 7163 7162
f 7131 7132 7164 7163
f 7132 7133 7165 7164
f 7133 7134 7166 7165
f 7134 7135 7167 7166
f 7135 7136 7168 7167
f 7136 7137 7169 7168
f 7137 7138 7170 7169
f 7138 7139 7171 7170
f 7139 7140 7172 7171
f 7140 7141 7173 7172
f 7141 7142 7174 7173
f 7142 7143 7175 7174
f 7143 7144 7176 7175
f 7144 7145 7177 7176
f 7145 7146 7178 7177
f 7146 7147 7179 7178
f 7147 7148 7180 7179
f 7148 7149 7181 7180
f 7149 7150 7182 7181
f 7150 7151 7183 7182
f 7151 7152 7184 7183
f 7152 7153 7185 7184
f 7153 7154 7186 7185
f 7154 7155 7187 7186
f 7155 7156 7188 7187
f 7156 7157 7189 7188
f 7157 7158 7190 7189
f 7158 7159 7191 7190
f 7159 7128 7160 7191
f 7161 7192 7160
f 7162 7192 7161
f 7163 7192 7162
f 7164 7192 7163
f 7165 7192 7164
f 7166 7192 7165
f 7167 7192 7166
f 7168 7192 7167
f 7169 7192 7168
f 7170 7192 7169
f 7171 7192 7170
f 7172 7192 7171
f 7173 7192 7172
f 7174 7192 7173
f 7175 7192 7174
f 7176 7192 7175
f 7177 7192 7176
f 7178 7192 7177
f 7179 7192 7178
f 7180 7192 7179
f 7181 7192 7180
f 7182 7192 7181
f 7183 7192 7182
f 7184 7192 7183
f 7185 7192 7184
f 7186 7192 7185
f 7187 7192 7186
f 7188 7192 7187
f 7189 7192 7188
f 7190 7192 7189
f 7191 7192 7190
f 7160 7192 7191

 